UniRef90_A0A134AK95	AT88351	73.9	199	52	0	1	199	1	199	5.38e-106	303
UniRef90_A0A134AK95	AT190895	73.4	199	53	0	1	199	1	199	5.38e-106	303
UniRef90_A0A134AK95	AT183919	34.2	199	128	1	1	199	1	196	2.17e-38	131
UniRef90_A0A134AK95	AT166170	20.1	199	152	4	3	198	7	201	3.97e-07	48.9
UniRef90_A0A134AK95	AT56423	19.9	186	143	3	16	198	19	201	1.88e-06	47.0
UniRef90_A0A134AK95	AT105715	17.9	195	154	3	7	198	10	201	1.88e-06	47.0
UniRef90_A0A134AK95	AT78743	18.6	199	155	4	3	198	7	201	8.77e-06	45.1
UniRef90_A0A140PUJ5	AT111709	45.9	74	40	0	1	74	1	74	3.97e-15	63.5
UniRef90_A0A140PUJ5	AT288773	45.9	74	40	0	1	74	1	74	3.97e-15	63.5
UniRef90_A0A140PUJ5	AT100450	40.5	79	39	2	1	75	1	75	1.96e-13	59.3
UniRef90_A0A140PUJ5	AT68884	39.2	79	40	2	1	75	1	75	5.59e-13	58.2
UniRef90_A0A140PUJ5	AT72237	39.2	79	40	2	1	75	1	75	5.59e-13	58.2
UniRef90_A0A140PUJ5	AT100451	39.2	79	40	2	1	75	1	75	5.59e-13	58.2
UniRef90_A0A140PUJ5	AT114455	39.2	79	40	2	1	75	1	75	5.59e-13	58.2
UniRef90_A0A140PUJ5	AT116918	39.2	79	40	2	1	75	1	75	5.59e-13	58.2
UniRef90_A0A140PUJ5	AT293701	36.5	74	44	1	1	74	1	71	4.03e-12	55.8
UniRef90_A0A140PUJ5	AT253241	33.8	74	46	2	1	74	1	71	4.66e-11	53.1
UniRef90_A0A140PUJ5	AT253255	33.8	74	46	2	1	74	1	71	4.66e-11	53.1
UniRef90_A0A140PUJ5	AT152450	32.4	74	47	1	1	74	1	71	1.33e-10	52.0
UniRef90_A0A140PUJ5	AT152454	32.4	74	47	1	1	74	1	71	1.33e-10	52.0
UniRef90_A0A140PUJ5	AT152458	32.4	74	47	1	1	74	1	71	1.33e-10	52.0
UniRef90_A0A140PUJ5	AT152462	32.4	74	47	1	1	74	1	71	1.33e-10	52.0
UniRef90_A0A140PUJ5	AT78500	41.3	63	37	0	1	63	1	63	2.02e-10	51.6
UniRef90_A0A140PUJ5	AT268483	41.3	63	37	0	1	63	1	63	2.02e-10	51.6
UniRef90_A0A140PUJ5	AT272322	41.3	63	37	0	1	63	1	63	2.02e-10	51.6
UniRef90_A0A140PUJ5	AT177696	37.0	73	43	1	1	73	1	70	2.86e-10	51.2
UniRef90_A0A140PUJ5	AT204495	34.6	78	44	2	1	75	1	74	2.86e-10	51.2
UniRef90_A0A140PUJ5	AT214585	34.6	78	44	2	1	75	1	74	4.06e-10	50.8
UniRef90_A0A140PUJ5	AT68121	33.8	71	46	1	1	71	1	70	5.62e-10	50.4
UniRef90_A0A140PUJ5	AT151746	33.8	71	46	1	1	71	1	70	5.62e-10	50.4
UniRef90_A0A140PUJ5	AT272940	40.7	54	32	0	4	57	3	56	5.62e-10	50.4
UniRef90_A0A140PUJ5	AT272941	40.7	54	32	0	4	57	3	56	5.62e-10	50.4
UniRef90_A0A255H833	AT120868	56.1	41	18	0	5	45	3	43	1.53e-06	42.4
UniRef90_A0A255H833	AT28043	48.0	50	24	1	4	53	2	49	1.70e-05	39.7
UniRef90_A0A255H833	AT61763	48.0	50	24	1	4	53	2	49	1.70e-05	39.7
UniRef90_A0A255H833	AT61766	48.0	50	24	1	4	53	2	49	1.70e-05	39.7
UniRef90_A0A255H833	AT62881	48.0	50	24	1	4	53	2	49	1.70e-05	39.7
UniRef90_A0A255H833	AT62884	48.0	50	24	1	4	53	2	49	1.70e-05	39.7
UniRef90_A0A255H833	AT62887	48.0	50	24	1	4	53	2	49	1.70e-05	39.7
UniRef90_A0A255H833	AT76363	48.0	50	24	1	4	53	2	49	1.70e-05	39.7
UniRef90_A0A255H833	AT76373	48.0	50	24	1	4	53	2	49	1.70e-05	39.7
UniRef90_A0A255H833	AT215449	48.0	50	24	1	4	53	2	49	1.70e-05	39.7
UniRef90_A0A255H833	AT292516	48.0	50	24	1	4	53	2	49	1.70e-05	39.7
UniRef90_A0A255H833	AT293687	48.0	50	24	1	4	53	2	49	1.70e-05	39.7
UniRef90_A0A255H833	AT293763	48.0	50	24	1	4	53	2	49	1.70e-05	39.7
UniRef90_A0A255H833	AT36567	47.7	44	23	0	5	48	3	46	6.71e-05	38.1
UniRef90_A0A255H833	AT36561	46.9	49	24	1	5	53	3	49	9.45e-05	37.7
UniRef90_A0A255H833	AT285484	46.9	49	24	1	5	53	3	49	9.45e-05	37.7
UniRef90_A0A255H833	AT36566	52.6	38	18	0	5	42	3	40	1.87e-04	37.0
UniRef90_A0A255H833	AT135827	40.8	49	27	1	5	53	3	49	2.02e-04	37.0
UniRef90_A0A255H833	AT154028	40.8	49	27	1	5	53	3	49	2.02e-04	37.0
UniRef90_A0A255H833	AT23531	38.3	47	29	0	8	54	5	51	5.04e-04	35.8
UniRef90_A0A255H833	AT37139	38.3	47	29	0	8	54	5	51	5.04e-04	35.8
UniRef90_A0A255H833	AT259517	38.8	49	28	1	5	53	3	49	5.61e-04	35.8
UniRef90_A0A255H833	AT29856	40.8	49	27	1	5	53	3	49	7.89e-04	35.4
UniRef90_A0A2C6B5A8	AT293696	52.9	85	37	3	1	83	1	84	6.93e-25	89.0
UniRef90_A0A2C6B5A8	AT293674	51.8	85	38	3	1	83	1	84	4.11e-24	87.0
UniRef90_A0A2C6B5A8	AT254895	44.7	85	44	2	1	83	1	84	6.60e-23	84.0
UniRef90_A0A2C6B5A8	AT27739	44.7	85	44	2	1	83	1	84	3.80e-22	82.0
UniRef90_A0A2C6B5A8	AT56303	48.2	85	41	3	1	83	1	84	3.80e-22	82.0
UniRef90_A0A2C6B5A8	AT57495	44.7	85	44	2	1	83	1	84	3.80e-22	82.0
UniRef90_A0A2C6B5A8	AT57504	44.7	85	44	2	1	83	1	84	3.80e-22	82.0
UniRef90_A0A2C6B5A8	AT64807	44.7	85	44	2	1	83	1	84	3.80e-22	82.0
UniRef90_A0A2C6B5A8	AT155827	44.7	85	44	3	1	83	1	84	3.80e-22	82.0
UniRef90_A0A2C6B5A8	AT205688	44.7	85	44	2	1	83	1	84	3.80e-22	82.0
UniRef90_A0A2C6B5A8	AT220447	44.7	85	44	2	1	83	1	84	3.80e-22	82.0
UniRef90_A0A2C6B5A8	AT220455	44.7	85	44	2	1	83	1	84	3.80e-22	82.0
UniRef90_A0A2C6B5A8	AT220463	44.7	85	44	2	1	83	1	84	3.80e-22	82.0
UniRef90_A0A2C6B5A8	AT220471	44.7	85	44	2	1	83	1	84	3.80e-22	82.0
UniRef90_A0A2C6B5A8	AT220480	44.7	85	44	2	1	83	1	84	3.80e-22	82.0
UniRef90_A0A2C6B5A8	AT220489	44.7	85	44	2	1	83	1	84	3.80e-22	82.0
UniRef90_A0A2C6B5A8	AT220498	44.7	85	44	2	1	83	1	84	3.80e-22	82.0
UniRef90_A0A2C6B5A8	AT220507	44.7	85	44	2	1	83	1	84	3.80e-22	82.0
UniRef90_A0A2C6B5A8	AT238990	44.7	85	44	2	1	83	1	84	3.80e-22	82.0
UniRef90_A0A2C6B5A8	AT259457	44.7	85	44	2	1	83	1	84	3.80e-22	82.0
UniRef90_A0A2C6B5A8	AT191799	43.5	85	45	2	1	83	1	84	4.12e-22	82.0
UniRef90_A0A2C6B5A8	AT238977	44.7	85	44	2	1	83	1	84	5.39e-22	81.6
UniRef90_A0A2C6B5A8	AT238986	44.7	85	44	2	1	83	1	84	5.39e-22	81.6
UniRef90_A0A2C6B5A8	AT239001	44.7	85	44	2	1	83	1	84	5.39e-22	81.6
UniRef90_A0A2C6B5A8	AT280831	50.6	85	39	3	1	83	1	84	5.39e-22	81.6
UniRef90_A0A2X0VR99	AT144000	95.5	89	4	0	1	89	1	89	6.15e-55	165
UniRef90_A0A2X0VR99	AT124739	85.1	87	13	0	1	87	1	87	4.77e-45	140
UniRef90_A0A2X0VR99	AT293412	84.1	88	13	1	1	88	1	87	1.95e-44	138
UniRef90_A0A2X0VR99	AT260449	65.5	84	29	0	1	84	1	84	1.90e-33	110
UniRef90_A0A2X0VR99	AT142394	65.1	83	29	0	1	83	1	83	2.47e-33	110
UniRef90_A0A2X0VR99	AT114630	68.7	83	26	0	1	83	1	83	4.85e-33	109
UniRef90_A0A2X0VR99	AT78856	65.1	83	29	0	1	83	1	83	4.99e-33	109
UniRef90_A0A2X0VR99	AT25354	67.5	83	27	0	1	83	1	83	6.69e-33	109
UniRef90_A0A2X0VR99	AT24962	67.5	83	27	0	1	83	1	83	6.88e-33	109
UniRef90_A0A2X0VR99	AT282486	63.9	83	30	0	1	83	1	83	9.77e-33	108
UniRef90_A0A2X0VR99	AT89914	66.7	84	28	0	1	84	1	84	1.01e-32	108
UniRef90_A0A2X0VR99	AT209463	65.9	82	28	0	1	82	1	82	1.01e-32	108
UniRef90_A0A2X0VR99	AT135220	63.9	83	30	0	1	83	1	83	1.43e-32	108
UniRef90_A0A2X0VR99	AT117564	67.5	83	27	0	1	83	1	83	1.97e-32	108
UniRef90_A0A2X0VR99	AT186636	68.7	83	26	0	1	83	1	83	1.97e-32	108
UniRef90_A0A2X0VR99	AT36303	64.3	84	30	0	1	84	1	84	2.03e-32	108
UniRef90_A0A2X0VR99	AT36304	64.3	84	30	0	1	84	1	84	2.03e-32	108
UniRef90_A0A2X0VR99	AT23759	63.9	83	30	0	1	83	1	83	2.88e-32	107
UniRef90_A0A2X0VR99	AT186806	63.9	83	30	0	1	83	1	83	2.88e-32	107
UniRef90_A0A2X0VR99	AT162604	62.7	83	31	0	1	83	1	83	3.98e-32	107
UniRef90_A0A2X0VR99	AT279291	65.4	81	28	0	1	81	1	81	3.98e-32	107
UniRef90_A0A2X0VR99	AT25009	65.1	83	29	0	1	83	1	83	4.09e-32	107
UniRef90_A0A2X0VR99	AT108539	65.1	83	29	0	1	83	1	83	4.09e-32	107
UniRef90_A0A2X0VR99	AT249309	63.9	83	30	0	1	83	1	83	4.09e-32	107
UniRef90_A0A2X0VR99	AT266066	60.7	84	33	0	1	84	1	84	4.09e-32	107
UniRef90_A0A2X2SYC1	AT68648	34.3	248	147	7	7	244	41	282	4.95e-24	97.8
UniRef90_A0A2X2SYC1	AT284650	33.5	248	149	7	7	244	41	282	2.58e-23	95.9
UniRef90_A0A2X2SYC1	AT284570	33.1	248	150	7	7	244	41	282	1.34e-22	94.0
UniRef90_A0A2X2SYC1	AT284575	33.1	248	150	7	7	244	41	282	1.34e-22	94.0
UniRef90_A0A2X2SYC1	AT284577	31.5	248	154	7	7	244	41	282	4.91e-21	89.7
UniRef90_A0A2X2SYC1	AT136033	32.0	250	158	7	7	248	39	284	9.02e-21	89.0
UniRef90_A0A2X2SYC1	AT55784	32.0	250	158	7	7	248	39	284	1.25e-20	88.6
UniRef90_A0A2X2SYC1	AT107825	33.6	247	151	7	7	244	36	278	4.54e-20	87.0
UniRef90_A0A2X2SYC1	AT76725	32.0	250	158	6	7	248	39	284	1.69e-19	85.5
UniRef90_A5TWG4	AT88356	46.0	63	34	0	1	63	1	63	1.22e-13	60.8
UniRef90_A5TWG4	AT100453	46.0	63	34	0	1	63	1	63	1.22e-13	60.8
UniRef90_A5TWG4	AT57957	49.1	53	27	0	1	53	1	53	3.47e-13	59.7
UniRef90_A5TWG4	AT272271	49.1	53	27	0	1	53	1	53	3.47e-13	59.7
UniRef90_A5TWG4	AT64986	42.6	61	35	0	1	61	1	61	5.60e-12	56.6
UniRef90_A5TWG4	AT293299	49.1	53	27	0	1	53	1	53	5.88e-12	56.6
UniRef90_A5TWG4	AT24240	45.3	53	29	0	1	53	1	53	7.38e-12	56.2
UniRef90_A5TWG4	AT24239	42.6	61	34	1	1	61	1	60	1.48e-11	55.5
UniRef90_A5TWG4	AT33166	42.6	61	34	1	1	61	1	60	1.48e-11	55.5
UniRef90_A5TWG4	AT33172	43.4	53	30	0	1	53	1	53	2.09e-11	55.1
UniRef90_A5TWG4	AT30333	44.3	61	33	1	1	61	1	60	3.37e-10	52.0
UniRef90_A5TWG4	AT88045	44.3	61	33	1	1	61	1	60	3.37e-10	52.0
UniRef90_A5TWG4	AT186648	41.3	46	27	0	1	46	1	46	3.03e-08	47.0
UniRef90_A5TWG4	AT141057	37.0	46	29	0	1	46	1	46	1.63e-07	45.1
UniRef90_A5TWG4	AT60317	41.3	46	27	0	1	46	1	46	3.32e-07	44.3
UniRef90_A5TWG4	AT183134	41.3	46	27	0	1	46	1	46	3.32e-07	44.3
UniRef90_A5TWG4	AT284217	41.3	46	27	0	1	46	1	46	3.32e-07	44.3
UniRef90_A5TWG4	AT195280	54.8	31	14	0	23	53	1	31	5.04e-06	40.8
UniRef90_A5TWG4	AT55599	34.9	43	28	0	4	46	6	48	7.49e-06	40.8
UniRef90_A5TWG4	AT65024	38.3	47	29	0	2	48	6	52	1.28e-05	40.4
UniRef90_A5TWG4	AT250546	37.1	70	31	2	23	92	1	57	2.00e-05	39.3
UniRef90_C7N9X1	AT33147	98.9	91	1	0	1	91	1	91	2.20e-58	174
UniRef90_C7N9X1	AT33168	98.9	91	1	0	1	91	1	91	2.20e-58	174
UniRef90_C7N9X1	AT33177	98.9	91	1	0	1	91	1	91	2.20e-58	174
UniRef90_C7N9X1	AT33145	91.2	91	8	0	1	91	1	91	1.18e-53	162
UniRef90_C7N9X1	AT33146	91.2	91	8	0	1	91	1	91	1.18e-53	162
UniRef90_C7N9X1	AT33170	90.1	91	9	0	1	91	1	91	4.81e-53	160
UniRef90_C7N9X1	AT60432	85.7	91	13	0	1	91	1	91	2.29e-51	156
UniRef90_C7N9X1	AT152928	62.6	91	33	1	1	91	1	90	3.09e-33	110
UniRef90_C7N9X1	AT153769	62.6	91	33	1	1	91	1	90	3.09e-33	110
UniRef90_C7N9X1	AT33143	59.3	91	36	1	1	91	1	90	8.85e-33	109
UniRef90_C7N9X1	AT60313	60.7	89	34	1	1	89	1	88	5.11e-32	107
UniRef90_C7N9X1	AT25639	59.6	89	35	1	1	89	1	88	1.20e-30	103
UniRef90_C7N9X1	AT272022	59.6	89	35	1	1	89	1	88	1.20e-30	103
UniRef90_C7N9X1	AT20622	58.2	91	37	1	1	91	1	90	1.70e-30	103
UniRef90_C7N9X1	AT153976	58.2	91	37	1	1	91	1	90	1.70e-30	103
UniRef90_C7N9X1	AT153981	58.2	91	37	1	1	91	1	90	1.70e-30	103
UniRef90_C7N9X1	AT153986	58.2	91	37	1	1	91	1	90	1.70e-30	103
UniRef90_C7N9X1	AT154375	58.2	91	37	1	1	91	1	90	1.70e-30	103
UniRef90_C7N9X1	AT154382	58.2	91	37	1	1	91	1	90	1.70e-30	103
UniRef90_C7N9X1	AT154520	58.2	91	37	1	1	91	1	90	1.70e-30	103
UniRef90_C7N9X1	AT154524	58.2	91	37	1	1	91	1	90	1.70e-30	103
UniRef90_C7N9X1	AT154530	58.2	91	37	1	1	91	1	90	1.70e-30	103
UniRef90_C7N9X1	AT159793	58.2	91	37	1	1	91	1	90	1.70e-30	103
UniRef90_C7N9X1	AT167102	58.2	91	37	1	1	91	1	90	1.70e-30	103
UniRef90_C7N9X1	AT244767	57.1	91	38	1	1	91	1	90	1.70e-30	103
UniRef90_C7NBR2	AT24240	100	84	0	0	1	84	1	84	7.14e-54	162
UniRef90_C7NBR2	AT33172	98.8	84	1	0	1	84	1	84	2.05e-53	160
UniRef90_C7NBR2	AT24239	96.4	84	3	0	1	84	1	84	4.84e-52	157
UniRef90_C7NBR2	AT33166	95.2	84	4	0	1	84	1	84	3.99e-51	155
UniRef90_C7NBR2	AT64986	76.5	85	17	1	1	82	1	85	6.68e-37	119
UniRef90_C7NBR2	AT88356	60.0	85	31	1	1	82	1	85	1.32e-27	95.9
UniRef90_C7NBR2	AT100453	60.0	85	31	1	1	82	1	85	1.32e-27	95.9
UniRef90_C7NBR2	AT272271	57.6	85	33	1	1	82	1	85	5.35e-27	94.4
UniRef90_C7NBR2	AT293299	57.0	86	34	1	1	83	1	86	1.14e-26	93.6
UniRef90_C7NBR2	AT29418	53.0	83	37	1	4	84	7	89	1.40e-25	90.9
UniRef90_C7NBR2	AT57957	55.3	85	35	1	1	82	1	85	1.78e-25	90.5
UniRef90_C7NBR2	AT21695	53.8	80	35	1	7	84	10	89	4.41e-24	87.0
UniRef90_C7NBR2	AT40427	49.4	83	42	0	1	83	1	83	1.19e-23	85.9
UniRef90_C7NBR2	AT160086	52.5	80	36	1	7	84	10	89	1.26e-23	85.9
UniRef90_C7NBR2	AT46022	51.2	82	40	0	3	84	5	86	1.65e-23	85.5
UniRef90_C7NBR2	AT57051	51.2	82	40	0	3	84	5	86	1.65e-23	85.5
UniRef90_C7NBR2	AT21502	55.0	80	34	1	7	84	10	89	2.54e-23	85.1
UniRef90_C7NBR2	AT125873	49.4	83	40	1	4	84	6	88	1.16e-21	80.9
UniRef90_C7NBR2	AT241309	44.6	83	44	1	4	84	6	88	3.51e-21	79.7
UniRef90_C7NBR2	AT241310	44.6	83	44	1	4	84	6	88	3.51e-21	79.7
UniRef90_C7NBR2	AT37698	47.0	83	42	1	4	84	6	88	4.98e-21	79.3
UniRef90_C7NBR2	AT253418	44.6	83	44	1	4	84	6	88	4.98e-21	79.3
UniRef90_C7NBR2	AT20900	48.1	81	41	1	4	84	9	88	2.22e-19	75.1
UniRef90_C7NBR2	AT40227	48.1	81	41	1	4	84	9	88	2.22e-19	75.1
UniRef90_C7NBR2	AT42611	48.1	81	41	1	4	84	9	88	2.22e-19	75.1
UniRef90_C7NBS0	AT31790	51.6	219	105	1	7	224	5	223	1.48e-71	218
UniRef90_C7NBS0	AT177581	51.6	219	105	1	7	224	5	223	1.48e-71	218
UniRef90_C7NBS0	AT29131	51.1	219	106	1	7	224	5	223	1.70e-70	215
UniRef90_C7NBS0	AT288694	51.1	219	106	1	7	224	5	223	1.70e-70	215
UniRef90_C7NBS0	AT186647	46.3	216	116	0	9	224	24	239	2.78e-64	200
UniRef90_C7NBS0	AT47580	45.8	216	117	0	9	224	18	233	3.92e-62	195
UniRef90_C7NBS0	AT138765	45.8	216	117	0	9	224	18	233	3.92e-62	195
UniRef90_C7NBS0	AT168844	45.8	216	117	0	9	224	18	233	3.92e-62	195
UniRef90_C7NBS0	AT168846	45.8	216	117	0	9	224	18	233	3.92e-62	195
UniRef90_C7NBS0	AT168847	45.8	216	117	0	9	224	18	233	3.92e-62	195
UniRef90_C7NBS0	AT168850	45.8	216	117	0	9	224	18	233	3.92e-62	195
UniRef90_C7NBS0	AT168852	45.8	216	117	0	9	224	18	233	1.11e-61	194
UniRef90_C7NBS0	AT45841	45.8	216	117	0	9	224	18	233	1.57e-61	194
UniRef90_C7NCU5	AT88355	42.4	66	36	1	1	66	1	64	6.77e-11	53.5
UniRef90_C7NCU5	AT88359	42.4	66	36	1	1	66	1	64	6.77e-11	53.5
UniRef90_C7NCU5	AT88362	42.4	66	36	1	1	66	1	64	6.77e-11	53.5
UniRef90_C7NCU5	AT88350	42.4	66	36	1	1	66	1	64	1.36e-10	52.8
UniRef90_C7NCU5	AT88357	42.4	66	36	1	1	66	1	64	1.36e-10	52.8
UniRef90_C7NCU5	AT40427	38.3	47	29	0	5	51	3	49	1.08e-06	42.7
UniRef90_C7XRY4	AT109927	58.3	84	35	0	1	84	1	84	1.22e-32	108
UniRef90_C7XRY4	AT150136	57.1	84	36	0	1	84	1	84	2.39e-32	107
UniRef90_C7XRY4	AT24802	57.1	84	36	0	1	84	1	84	1.38e-31	105
UniRef90_C7XRY4	AT53356	56.0	84	37	0	1	84	1	84	1.38e-31	105
UniRef90_C7XRY4	AT111669	57.1	84	36	0	1	84	1	84	1.38e-31	105
UniRef90_C7XRY4	AT150138	56.0	84	37	0	1	84	1	84	1.38e-31	105
UniRef90_C7XRY4	AT150142	56.0	84	37	0	1	84	1	84	1.38e-31	105
UniRef90_C7XRY4	AT170341	57.1	84	36	0	1	84	1	84	1.38e-31	105
UniRef90_C7XRY4	AT285557	57.1	84	36	0	1	84	1	84	1.38e-31	105
UniRef90_C7XRY4	AT170262	59.5	84	34	0	1	84	1	84	2.78e-31	105
UniRef90_C7XRY4	AT74248	53.6	84	39	0	1	84	1	84	3.95e-31	104
UniRef90_C7XRY4	AT280831	59.5	84	34	0	1	84	1	84	7.97e-31	103
UniRef90_C7XRY4	AT155827	54.8	84	38	0	1	84	1	84	1.13e-30	103
UniRef90_C7XRY4	AT120845	57.1	84	36	0	1	84	1	84	4.61e-30	102
UniRef90_C7XRY4	AT60741	55.4	83	37	0	2	84	5	87	7.12e-30	101
UniRef90_C7XRY4	AT120646	56.0	84	37	0	1	84	1	84	9.29e-30	101
UniRef90_C7XRY4	AT293696	52.4	84	40	0	1	84	1	84	3.78e-29	99.8
UniRef90_C7XRY4	AT27739	51.2	84	41	0	1	84	1	84	1.54e-28	98.2
UniRef90_C7XRY4	AT56303	52.4	84	40	0	1	84	1	84	1.54e-28	98.2
UniRef90_C7XRY4	AT57495	51.2	84	41	0	1	84	1	84	1.54e-28	98.2
UniRef90_C7XRY4	AT57504	51.2	84	41	0	1	84	1	84	1.54e-28	98.2
UniRef90_C7XRY4	AT64807	51.2	84	41	0	1	84	1	84	1.54e-28	98.2
UniRef90_C7XRY4	AT205688	51.2	84	41	0	1	84	1	84	1.54e-28	98.2
UniRef90_C7XRY4	AT220447	51.2	84	41	0	1	84	1	84	1.54e-28	98.2
UniRef90_C7XRY4	AT220455	51.2	84	41	0	1	84	1	84	1.54e-28	98.2
UniRef90_C8N6Y7	AT148614	48.8	41	19	1	3	41	2	42	1.65e-06	39.7
UniRef90_C8N6Y7	AT66033	51.4	35	17	0	7	41	6	40	2.26e-06	39.3
UniRef90_C8NDH7	AT270010	39.2	51	31	0	1	51	1	51	3.94e-04	36.2
UniRef90_C8NDH7	AT64660	36.7	49	31	0	1	49	1	49	4.36e-04	36.2
UniRef90_C8NDH7	AT29777	39.2	51	31	0	1	51	1	51	7.79e-04	35.4
UniRef90_C8NDH7	AT53789	39.2	51	31	0	1	51	1	51	7.79e-04	35.4
UniRef90_C8NDH7	AT59922	39.2	51	31	0	1	51	1	51	7.79e-04	35.4
UniRef90_C8NDH7	AT113309	39.2	51	31	0	1	51	1	51	7.79e-04	35.4
UniRef90_C8NDH7	AT149990	39.2	51	31	0	1	51	1	51	7.79e-04	35.4
UniRef90_C8NDH7	AT186738	39.2	51	31	0	1	51	1	51	7.79e-04	35.4
UniRef90_C8NDH7	AT183141	39.6	48	29	0	1	48	1	48	8.46e-04	35.4
UniRef90_C8NED4	AT212220	36.3	245	148	5	2	240	40	282	1.33e-35	128
UniRef90_C8NED4	AT99838	35.2	247	151	5	2	241	83	327	1.36e-32	121
UniRef90_C8NED4	AT266207	32.8	247	154	5	2	240	3	245	8.02e-31	114
UniRef90_C8NED4	AT142416	42.1	126	68	4	119	241	1	124	6.52e-20	82.8
UniRef90_C8PPK0	AT142416	38.3	115	71	0	132	246	10	124	3.68e-20	83.6
UniRef90_C9MVS0	AT24238	100	85	0	0	11	95	1	85	6.99e-55	165
UniRef90_C9MVS0	AT33148	100	85	0	0	11	95	1	85	6.99e-55	165
UniRef90_C9MVS0	AT33178	98.8	85	1	0	11	95	1	85	2.85e-54	163
UniRef90_C9MVS0	AT33167	92.9	85	6	0	11	95	1	85	3.75e-50	153
UniRef90_C9MVS0	AT33173	92.9	85	6	0	11	95	1	85	3.75e-50	153
UniRef90_C9MVS0	AT33159	91.8	85	7	0	11	95	1	85	2.17e-49	151
UniRef90_C9MVS0	AT56448	84.7	85	13	0	11	95	1	85	1.72e-46	144
UniRef90_C9MVS0	AT60431	84.7	85	13	0	11	95	1	85	1.72e-46	144
UniRef90_C9MVS0	AT33154	83.5	85	14	0	11	95	1	85	6.99e-46	142
UniRef90_C9MVS0	AT272566	81.2	85	16	0	11	95	1	85	5.75e-45	140
UniRef90_C9MVS0	AT33171	82.4	85	15	0	11	95	1	85	2.34e-44	138
UniRef90_C9MVS0	AT64987	82.4	85	15	0	11	95	1	85	2.34e-44	138
UniRef90_C9MVS0	AT197660	82.4	85	15	0	11	95	1	85	2.34e-44	138
UniRef90_C9MVS0	AT271313	80.0	85	17	0	11	95	1	85	2.34e-44	138
UniRef90_C9MVS0	AT33144	80.0	85	17	0	11	95	1	85	6.44e-42	132
UniRef90_C9MVS0	AT57958	75.3	85	21	0	11	95	1	85	2.52e-39	125
UniRef90_C9MVS0	AT58455	75.3	85	21	0	11	95	1	85	2.52e-39	125
UniRef90_C9MVS0	AT58458	75.3	85	21	0	11	95	1	85	2.52e-39	125
UniRef90_C9MVS0	AT58459	75.3	85	21	0	11	95	1	85	2.52e-39	125
UniRef90_C9MVS0	AT78499	75.3	85	21	0	11	95	1	85	2.52e-39	125
UniRef90_C9MVS0	AT169975	75.3	85	21	0	11	95	1	85	2.52e-39	125
UniRef90_C9MVS0	AT169976	75.3	85	21	0	11	95	1	85	2.52e-39	125
UniRef90_C9MVS0	AT195277	75.3	85	21	0	11	95	1	85	2.52e-39	125
UniRef90_C9MVS0	AT195283	75.3	85	21	0	11	95	1	85	2.52e-39	125
UniRef90_C9MVS0	AT268482	75.3	85	21	0	11	95	1	85	2.52e-39	125
UniRef90_C9MVS1	AT109927	52.4	84	40	0	1	84	1	84	2.46e-32	107
UniRef90_C9MVS1	AT294773	53.6	84	39	0	1	84	1	84	3.95e-31	104
UniRef90_C9MVS1	AT120845	50.0	84	42	0	1	84	1	84	7.97e-31	103
UniRef90_C9MVS1	AT74248	51.2	84	41	0	1	84	1	84	1.13e-30	103
UniRef90_C9MVS1	AT120646	50.0	84	42	0	1	84	1	84	1.13e-30	103
UniRef90_C9MVS1	AT155827	47.6	84	44	0	1	84	1	84	1.61e-30	103
UniRef90_C9MVS1	AT293696	53.6	84	39	0	1	84	1	84	3.24e-30	102
UniRef90_C9MVS1	AT52398	50.0	84	42	0	1	84	1	84	4.61e-30	102
UniRef90_C9MVS1	AT24802	50.0	84	42	0	1	84	1	84	1.32e-29	100
UniRef90_C9MVS1	AT111669	50.0	84	42	0	1	84	1	84	1.32e-29	100
UniRef90_C9MVS1	AT170341	50.0	84	42	0	1	84	1	84	1.32e-29	100
UniRef90_C9MVS1	AT285557	50.0	84	42	0	1	84	1	84	1.32e-29	100
UniRef90_C9MVS1	AT53356	48.8	84	43	0	1	84	1	84	1.87e-29	100
UniRef90_C9MVS1	AT56303	51.2	84	41	0	1	84	1	84	2.66e-29	100
UniRef90_C9MVS1	AT150136	48.8	84	43	0	1	84	1	84	3.78e-29	99.8
UniRef90_C9MVS1	AT150138	47.6	84	44	0	1	84	1	84	2.18e-28	97.8
UniRef90_C9MVS1	AT150142	47.6	84	44	0	1	84	1	84	2.18e-28	97.8
UniRef90_C9MVS1	AT170262	46.4	84	45	0	1	84	1	84	6.25e-28	96.7
UniRef90_C9MVS1	AT199514	48.8	84	43	0	1	84	1	84	1.79e-27	95.5
UniRef90_C9MVS1	AT280831	45.2	84	46	0	1	84	1	84	3.61e-27	94.7
UniRef90_C9MVS1	AT254895	47.6	84	44	0	1	84	1	84	1.03e-26	93.6
UniRef90_C9MVS1	AT265867	48.8	84	43	0	1	84	1	84	1.03e-26	93.6
UniRef90_C9MVS1	AT27739	45.2	84	46	0	1	84	1	84	1.47e-26	93.2
UniRef90_C9MVS1	AT57495	45.2	84	46	0	1	84	1	84	1.47e-26	93.2
UniRef90_C9MVS1	AT57504	45.2	84	46	0	1	84	1	84	1.47e-26	93.2
UniRef90_C9MZC7	AT293701	33.8	74	46	1	1	74	1	71	3.28e-11	53.5
UniRef90_C9MZC7	AT151746	39.4	71	42	1	1	71	1	70	9.81e-11	52.4
UniRef90_C9MZC7	AT204495	34.7	75	48	1	1	75	1	74	8.15e-10	50.1
UniRef90_C9MZC7	AT214585	34.7	75	48	1	1	75	1	74	1.15e-09	49.7
UniRef90_C9MZC7	AT253255	32.4	74	47	1	1	74	1	71	1.53e-09	49.3
UniRef90_C9MZC7	AT100450	33.3	75	50	0	1	75	1	75	1.71e-09	49.3
UniRef90_C9MZC7	AT63322	33.3	75	49	1	1	75	1	74	2.32e-09	48.9
UniRef90_C9MZC7	AT68644	33.3	75	49	1	1	75	1	74	2.32e-09	48.9
UniRef90_C9MZC7	AT68645	33.3	75	49	1	1	75	1	74	2.32e-09	48.9
UniRef90_C9MZC7	AT204493	33.3	75	49	1	1	75	1	74	2.32e-09	48.9
UniRef90_C9MZC7	AT213598	33.3	75	49	1	1	75	1	74	2.32e-09	48.9
UniRef90_C9MZC7	AT213599	33.3	75	49	1	1	75	1	74	2.32e-09	48.9
UniRef90_C9MZC7	AT213600	33.3	75	49	1	1	75	1	74	2.32e-09	48.9
UniRef90_C9MZC7	AT214584	36.4	77	44	2	1	75	1	74	3.29e-09	48.5
UniRef90_C9MZC7	AT55162	35.6	73	42	2	4	74	3	72	4.55e-09	48.1
UniRef90_C9MZC7	AT152450	32.4	74	47	1	1	74	1	71	6.16e-09	47.8
UniRef90_C9MZC7	AT152454	32.4	74	47	1	1	74	1	71	6.16e-09	47.8
UniRef90_C9MZC7	AT152458	32.4	74	47	1	1	74	1	71	6.16e-09	47.8
UniRef90_C9MZC7	AT152462	32.4	74	47	1	1	74	1	71	6.16e-09	47.8
UniRef90_C9MZC7	AT105714	35.6	73	42	2	4	74	3	72	6.45e-09	47.8
UniRef90_C9MZC7	AT63323	33.3	75	49	1	1	75	1	74	9.35e-09	47.4
UniRef90_C9MZC7	AT204494	33.3	75	49	1	1	75	1	74	9.35e-09	47.4
UniRef90_C9MZC7	AT68121	32.4	71	47	1	1	71	1	70	1.83e-08	46.6
UniRef90_C9MZC7	AT68884	30.7	75	52	0	1	75	1	75	1.96e-08	46.6
UniRef90_C9MZC7	AT72237	30.7	75	52	0	1	75	1	75	1.96e-08	46.6
UniRef90_C9N0Y1	AT33152	93.6	47	3	0	1	47	1	47	3.45e-26	90.5
UniRef90_C9N0Y1	AT33162	93.6	47	3	0	1	47	1	47	3.45e-26	90.5
UniRef90_C9N0Y1	AT33175	93.6	47	3	0	1	47	1	47	3.45e-26	90.5
UniRef90_C9N0Y1	AT33176	93.6	47	3	0	1	47	1	47	4.91e-26	90.1
UniRef90_C9N0Y1	AT271314	64.4	45	16	0	3	47	2	46	5.43e-14	59.7
UniRef90_C9N0Y1	AT29506	60.0	45	18	0	3	47	2	46	3.62e-12	55.1
UniRef90_C9N0Y1	AT195286	60.0	45	18	0	3	47	2	46	3.62e-12	55.1
UniRef90_C9N0Y1	AT46020	60.0	45	18	0	3	47	2	46	5.14e-12	54.7
UniRef90_C9N0Y1	AT57049	60.0	45	18	0	3	47	2	46	5.14e-12	54.7
UniRef90_C9N0Y1	AT272270	60.0	45	18	0	3	47	2	46	5.14e-12	54.7
UniRef90_C9N0Y1	AT111611	52.6	38	18	0	3	40	2	39	1.81e-10	50.8
UniRef90_C9N0Y1	AT117252	52.6	38	18	0	3	40	2	39	1.81e-10	50.8
UniRef90_C9N0Y1	AT136064	52.6	38	18	0	3	40	2	39	1.81e-10	50.8
UniRef90_C9N0Y1	AT218366	52.6	38	18	0	3	40	2	39	1.81e-10	50.8
UniRef90_C9N0Y1	AT287741	52.6	38	18	0	3	40	2	39	1.81e-10	50.8
UniRef90_C9N0Y1	AT144316	56.8	37	16	0	7	43	5	41	8.68e-10	48.9
UniRef90_C9N0Y1	AT272452	50.0	40	20	0	7	46	5	44	1.79e-09	48.1
UniRef90_C9N0Y1	AT275346	54.1	37	17	0	7	43	5	41	2.48e-09	47.8
UniRef90_C9N0Y1	AT249110	50.0	40	20	0	4	43	2	41	5.09e-09	47.0
UniRef90_C9N0Y1	AT24765	52.8	36	17	0	6	41	4	39	5.21e-09	47.0
UniRef90_C9N0Y1	AT60318	51.2	43	21	0	5	47	3	45	1.05e-08	46.2
UniRef90_C9N0Y1	AT108626	55.6	36	16	0	6	41	4	39	1.05e-08	46.2
UniRef90_C9N0Y1	AT183133	51.2	43	21	0	5	47	3	45	1.05e-08	46.2
UniRef90_C9N0Y1	AT283402	51.2	43	21	0	5	47	3	45	1.05e-08	46.2
UniRef90_C9N0Y1	AT158100	51.2	41	20	0	6	46	4	44	1.48e-08	45.8
UniRef90_D0W442	AT273529	35.3	51	32	1	47	96	33	83	1.80e-05	41.2
UniRef90_D0W442	AT242779	33.3	51	33	1	47	96	33	83	9.53e-05	39.3
UniRef90_D2ERS4	AT99838	35.6	247	150	5	2	241	83	327	3.73e-32	120
UniRef90_D2ERS4	AT266207	32.9	249	151	6	2	240	3	245	1.69e-29	111
UniRef90_D2ERS4	AT136033	28.7	251	165	7	2	243	38	283	3.04e-22	92.8
UniRef90_D2ERS4	AT55784	28.3	251	166	7	2	243	38	283	1.13e-21	91.3
UniRef90_D2ZT21	AT108739	43.1	65	32	2	38	100	1	62	3.85e-07	43.9
UniRef90_D2ZYZ9	AT32001	32.1	78	51	1	8	85	56	131	4.43e-06	42.7
UniRef90_D2ZYZ9	AT160635	38.9	54	33	0	21	74	14	67	4.49e-04	36.6
UniRef90_D4DM78	AT209893	35.3	51	32	1	29	78	33	83	3.37e-05	40.0
UniRef90_D4DM78	AT227561	33.3	51	33	1	29	78	33	83	4.72e-05	39.7
UniRef90_D4DM78	AT36719	33.3	51	33	1	29	78	33	83	9.24e-05	38.9
UniRef90_D4DM78	AT39240	34.0	50	32	1	30	78	34	83	9.24e-05	38.9
UniRef90_D4DM78	AT52214	33.3	51	33	1	29	78	33	83	9.24e-05	38.9
UniRef90_D4DM78	AT52216	33.3	51	33	1	29	78	33	83	9.24e-05	38.9
UniRef90_D4DM78	AT53072	33.3	51	33	1	29	78	33	83	9.24e-05	38.9
UniRef90_D4DM78	AT61258	33.3	51	33	1	29	78	33	83	9.24e-05	38.9
UniRef90_D4DM78	AT93275	33.3	51	33	1	29	78	33	83	9.24e-05	38.9
UniRef90_D4DM78	AT94841	33.3	51	33	1	29	78	33	83	9.24e-05	38.9
UniRef90_D4DM78	AT94843	33.3	51	33	1	29	78	33	83	9.24e-05	38.9
UniRef90_D4DM78	AT94846	33.3	51	33	1	29	78	33	83	9.24e-05	38.9
UniRef90_D4DM78	AT95304	33.3	51	33	1	29	78	33	83	9.24e-05	38.9
UniRef90_D4DM78	AT97727	33.3	51	33	1	29	78	33	83	9.24e-05	38.9
UniRef90_D4DM78	AT97734	33.3	51	33	1	29	78	33	83	9.24e-05	38.9
UniRef90_D4DM78	AT101455	33.3	51	33	1	29	78	33	83	9.24e-05	38.9
UniRef90_D4DM78	AT104198	33.3	51	33	1	29	78	33	83	9.24e-05	38.9
UniRef90_D4DM78	AT105595	33.3	51	33	1	29	78	33	83	9.24e-05	38.9
UniRef90_D4DM78	AT109920	33.3	51	33	1	29	78	33	83	9.24e-05	38.9
UniRef90_D4DM78	AT109921	33.3	51	33	1	29	78	33	83	9.24e-05	38.9
UniRef90_D4DM78	AT111581	33.3	51	33	1	29	78	33	83	9.24e-05	38.9
UniRef90_D4DM78	AT111586	33.3	51	33	1	29	78	33	83	9.24e-05	38.9
UniRef90_D4DM78	AT113224	33.3	51	33	1	29	78	33	83	9.24e-05	38.9
UniRef90_D4DM78	AT119094	33.3	51	33	1	29	78	33	83	9.24e-05	38.9
UniRef90_D4DM78	AT123019	33.3	51	33	1	29	78	33	83	9.24e-05	38.9
UniRef90_E0NRJ4	AT68648	35.5	245	152	4	5	246	41	282	3.13e-35	127
UniRef90_E0NRJ4	AT284650	35.5	245	152	4	5	246	41	282	6.16e-35	126
UniRef90_E0NRJ4	AT29913	35.1	245	153	4	5	246	41	282	8.64e-35	126
UniRef90_E0NRJ4	AT284570	35.9	245	151	4	5	246	41	282	8.64e-35	126
UniRef90_E0NRJ4	AT284575	35.9	245	151	4	5	246	41	282	8.64e-35	126
UniRef90_E0NRJ4	AT284577	34.3	245	155	4	5	246	41	282	1.04e-31	118
UniRef90_E0NRJ4	AT99838	35.6	247	152	5	5	247	84	327	8.94e-31	116
UniRef90_E0NRJ4	AT212220	33.2	244	159	3	5	246	41	282	1.54e-30	115
UniRef90_E0NRJ4	AT76725	33.2	247	161	3	5	249	39	283	4.17e-29	111
UniRef90_E0NRJ4	AT136033	35.1	248	155	4	5	249	39	283	4.17e-29	111
UniRef90_E0NRJ4	AT55784	34.7	248	156	4	5	249	39	283	1.59e-28	109
UniRef90_E0NRJ4	AT88096	33.7	246	157	4	5	246	41	284	1.34e-26	104
UniRef90_E0NRJ4	AT141256	33.7	246	157	4	5	246	41	284	1.34e-26	104
UniRef90_E0NRJ4	AT141271	33.7	246	157	4	5	246	41	284	1.34e-26	104
UniRef90_E0NRJ4	AT144148	33.7	246	157	4	5	246	41	284	1.34e-26	104
UniRef90_E0NRJ4	AT194962	33.7	246	157	4	5	246	41	284	1.34e-26	104
UniRef90_E0NRJ4	AT123445	33.7	246	157	4	5	246	41	284	1.87e-26	104
UniRef90_E0NRJ4	AT140990	33.7	246	157	4	5	246	41	284	1.87e-26	104
UniRef90_E0NRJ4	AT140995	33.7	246	157	4	5	246	41	284	1.87e-26	104
UniRef90_E0NRJ4	AT149857	33.7	246	157	4	5	246	41	284	1.87e-26	104
UniRef90_E0NRJ4	AT149880	33.7	246	157	4	5	246	41	284	1.87e-26	104
UniRef90_E0NRJ4	AT196170	33.7	246	157	4	5	246	41	284	1.87e-26	104
UniRef90_E0NRJ4	AT127934	33.7	246	157	4	5	246	41	284	2.61e-26	103
UniRef90_E0NRJ4	AT140987	33.7	246	157	4	5	246	41	284	2.61e-26	103
UniRef90_E0NRJ4	AT141260	33.7	246	157	4	5	246	41	284	2.61e-26	103
UniRef90_E7MN98	AT30304	50.0	80	39	1	19	97	17	96	2.10e-22	83.6
UniRef90_E7MN98	AT79827	50.0	80	39	1	19	97	17	96	2.10e-22	83.6
UniRef90_E7MN98	AT111173	50.0	80	39	1	19	97	17	96	2.10e-22	83.6
UniRef90_E7MN98	AT113133	50.0	80	39	1	19	97	17	96	2.10e-22	83.6
UniRef90_E7MN98	AT120848	50.0	80	39	1	19	97	17	96	2.10e-22	83.6
UniRef90_E7MN98	AT151615	50.0	80	39	1	19	97	17	96	2.10e-22	83.6
UniRef90_E7MN98	AT156806	50.0	80	39	1	19	97	17	96	2.10e-22	83.6
UniRef90_E7MN98	AT158522	50.0	80	39	1	19	97	17	96	2.10e-22	83.6
UniRef90_E7MN98	AT171965	50.0	80	39	1	19	97	17	96	2.10e-22	83.6
UniRef90_E7MN98	AT194841	50.0	80	39	1	19	97	17	96	2.10e-22	83.6
UniRef90_E7MN98	AT226957	50.0	80	39	1	19	97	17	96	2.10e-22	83.6
UniRef90_E7MN98	AT287344	50.0	80	39	1	19	97	17	96	2.10e-22	83.6
UniRef90_E7MN98	AT287351	50.0	80	39	1	19	97	17	96	2.10e-22	83.6
UniRef90_E7MN98	AT196576	50.0	80	39	1	19	97	17	96	5.99e-22	82.4
UniRef90_E7MN98	AT293720	50.0	80	39	1	19	97	17	96	5.99e-22	82.4
UniRef90_E7MN98	AT269061	48.8	80	40	1	19	97	17	96	1.71e-21	81.3
UniRef90_E7MN98	AT273950	48.8	80	40	1	19	97	17	96	1.71e-21	81.3
UniRef90_E7MN98	AT282960	50.0	80	39	1	19	97	17	96	1.71e-21	81.3
UniRef90_E7MN98	AT287546	47.5	80	41	1	19	97	17	96	1.71e-21	81.3
UniRef90_E7MN98	AT98672	48.8	80	40	1	19	97	17	96	2.42e-21	80.9
UniRef90_E7MN98	AT186946	48.8	80	40	1	19	97	17	96	2.42e-21	80.9
UniRef90_E7MN98	AT240629	48.8	80	40	1	19	97	17	96	2.42e-21	80.9
UniRef90_E7MN98	AT47404	44.0	91	50	1	8	97	4	94	3.26e-21	80.5
UniRef90_E7MN98	AT256905	44.0	91	50	1	8	97	4	94	3.26e-21	80.5
UniRef90_E7MN98	AT272913	44.0	91	50	1	8	97	4	94	3.26e-21	80.5
UniRef90_F0ICY3	AT266207	34.0	206	124	5	3	204	2	199	1.58e-27	106
UniRef90_F0ICY3	AT284570	28.9	194	129	5	5	194	41	229	1.65e-17	80.1
UniRef90_F0ICY3	AT284575	28.9	194	129	5	5	194	41	229	1.65e-17	80.1
UniRef90_F3AZB3	AT111708	97.7	88	2	0	1	88	1	88	7.84e-58	172
UniRef90_F3AZB3	AT288772	97.7	88	2	0	1	88	1	88	7.84e-58	172
UniRef90_F3AZB3	AT25639	76.4	89	21	0	1	89	1	89	3.28e-46	143
UniRef90_F3AZB3	AT272022	76.4	89	21	0	1	89	1	89	3.28e-46	143
UniRef90_F3AZB3	AT30549	70.0	90	27	0	1	90	1	90	1.01e-40	129
UniRef90_F3AZB3	AT244767	65.6	90	31	0	1	90	1	90	1.18e-39	126
UniRef90_F3AZB3	AT296973	65.6	90	31	0	1	90	1	90	6.83e-39	124
UniRef90_F3AZB3	AT20622	64.4	90	32	0	1	90	1	90	9.70e-39	124
UniRef90_F3AZB3	AT153976	64.4	90	32	0	1	90	1	90	9.70e-39	124
UniRef90_F3AZB3	AT153981	64.4	90	32	0	1	90	1	90	9.70e-39	124
UniRef90_F3AZB3	AT153986	64.4	90	32	0	1	90	1	90	9.70e-39	124
UniRef90_F3AZB3	AT154375	64.4	90	32	0	1	90	1	90	9.70e-39	124
UniRef90_F3AZB3	AT154382	64.4	90	32	0	1	90	1	90	9.70e-39	124
UniRef90_F3AZB3	AT154520	64.4	90	32	0	1	90	1	90	9.70e-39	124
UniRef90_F3AZB3	AT154524	64.4	90	32	0	1	90	1	90	9.70e-39	124
UniRef90_F3AZB3	AT154530	64.4	90	32	0	1	90	1	90	9.70e-39	124
UniRef90_F3AZB3	AT159793	64.4	90	32	0	1	90	1	90	9.70e-39	124
UniRef90_F3AZB3	AT167102	64.4	90	32	0	1	90	1	90	9.70e-39	124
UniRef90_F3AZB3	AT261963	64.4	90	32	0	1	90	1	90	9.70e-39	124
UniRef90_F3AZB3	AT60313	63.3	90	33	0	1	90	1	90	1.38e-38	124
UniRef90_F3AZB3	AT123173	64.4	90	32	0	1	90	1	90	2.78e-38	123
UniRef90_F3AZB3	AT226530	67.8	87	28	0	3	89	4	90	1.65e-37	121
UniRef90_F3AZB3	AT246529	67.8	87	28	0	3	89	4	90	1.65e-37	121
UniRef90_F3AZB3	AT152928	63.3	90	33	0	1	90	1	90	4.60e-37	120
UniRef90_F3AZB3	AT153769	63.3	90	33	0	1	90	1	90	4.60e-37	120
UniRef90_F3B0T3	AT293674	32.9	73	41	2	13	85	20	84	1.40e-04	37.4
UniRef90_F9EQP2	AT170262	42.7	82	45	2	7	88	5	84	1.56e-14	63.2
UniRef90_F9EQP2	AT280831	41.5	82	46	2	7	88	5	84	3.13e-14	62.4
UniRef90_F9EQP2	AT149867	40.2	82	47	2	7	88	5	84	3.67e-13	59.7
UniRef90_F9EQP2	AT178826	44.9	78	41	2	11	88	9	84	1.07e-12	58.5
UniRef90_F9EQP2	AT170305	34.5	87	55	2	3	89	5	89	5.21e-11	54.3
UniRef90_F9EQP2	AT116290	37.2	78	47	2	11	88	9	84	9.58e-08	45.8
UniRef90_G6C0Z6	AT88355	58.9	56	23	0	19	74	6	61	1.36e-22	82.8
UniRef90_G6C0Z6	AT88359	58.9	56	23	0	19	74	6	61	1.36e-22	82.8
UniRef90_G6C0Z6	AT88362	58.9	56	23	0	19	74	6	61	1.36e-22	82.8
UniRef90_G6C0Z6	AT88350	58.9	56	23	0	19	74	6	61	2.75e-22	82.0
UniRef90_G6C0Z6	AT88357	58.9	56	23	0	19	74	6	61	2.75e-22	82.0
UniRef90_G6C0Z6	AT253418	58.0	50	21	0	17	66	4	53	3.01e-17	69.3
UniRef90_G6C0Z6	AT23475	55.1	49	22	0	18	66	5	53	2.42e-14	62.0
UniRef90_G6C0Z6	AT60445	54.2	48	22	0	18	65	5	52	4.74e-14	61.2
UniRef90_G6C0Z6	AT217927	53.1	49	23	0	18	66	5	53	7.06e-14	60.8
UniRef90_G6C0Z6	AT241306	53.1	49	23	0	18	66	5	53	7.06e-14	60.8
UniRef90_G6C0Z6	AT37698	51.0	49	24	0	18	66	5	53	2.65e-13	59.3
UniRef90_G6C0Z6	AT125873	51.0	49	24	0	18	66	5	53	3.58e-13	58.9
UniRef90_G6C0Z6	AT241309	51.0	49	24	0	18	66	5	53	3.75e-13	58.9
UniRef90_G6C0Z6	AT241310	51.0	49	24	0	18	66	5	53	3.75e-13	58.9
UniRef90_G6C0Z6	AT40427	51.1	45	22	0	19	63	4	48	4.60e-11	53.5
UniRef90_G6C0Z6	AT29332	42.6	54	31	0	18	71	3	56	3.89e-10	51.2
UniRef90_G6C0Z6	AT24256	42.6	47	27	0	15	61	3	49	6.02e-10	50.8
UniRef90_G6C0Z6	AT253402	45.5	44	24	0	18	61	3	46	1.10e-09	50.1
UniRef90_G6C0Z6	AT23474	47.7	44	23	0	18	61	7	50	1.74e-09	49.7
UniRef90_G6C0Z6	AT20623	36.7	60	36	1	16	73	3	62	1.15e-08	47.4
UniRef90_G6C0Z6	AT123178	36.7	60	36	1	16	73	3	62	1.15e-08	47.4
UniRef90_G6C0Z6	AT123182	36.7	60	36	1	16	73	3	62	1.15e-08	47.4
UniRef90_G6C0Z6	AT123186	36.7	60	36	1	16	73	3	62	1.15e-08	47.4
UniRef90_G6C0Z6	AT153980	36.7	60	36	1	16	73	3	62	1.15e-08	47.4
UniRef90_G6C0Z6	AT153985	36.7	60	36	1	16	73	3	62	1.15e-08	47.4
UniRef90_H1HC27	AT58457	98.6	73	1	0	1	73	1	73	4.53e-43	134
UniRef90_H1HC27	AT195284	95.9	73	3	0	1	73	1	73	1.85e-42	132
UniRef90_H1HC27	AT153573	76.7	73	17	0	1	73	1	73	1.86e-33	109
UniRef90_H1HC27	AT148695	75.3	73	18	0	1	73	1	73	5.33e-33	108
UniRef90_H1HC27	AT153753	75.3	73	18	0	1	73	1	73	5.33e-33	108
UniRef90_H1HC27	AT153755	75.3	73	18	0	1	73	1	73	5.33e-33	108
UniRef90_H1HC27	AT153762	75.3	73	18	0	1	73	1	73	5.33e-33	108
UniRef90_H1HC27	AT48565	75.3	73	18	0	1	73	1	73	4.38e-32	106
UniRef90_H1HC27	AT293414	62.0	71	27	0	1	71	1	71	4.10e-26	91.3
UniRef90_H1HC27	AT293453	60.3	73	29	0	1	73	1	73	1.11e-25	90.1
UniRef90_H1HC27	AT296613	63.4	71	26	0	1	71	1	71	2.37e-25	89.4
UniRef90_H1HC27	AT25204	67.3	55	18	0	1	55	1	55	6.87e-20	75.5
UniRef90_H1HC27	AT263468	67.3	55	18	0	1	55	1	55	6.87e-20	75.5
UniRef90_H1HC27	AT145361	67.3	55	18	0	1	55	1	55	1.97e-19	74.3
UniRef90_H1HC27	AT145363	67.3	55	18	0	1	55	1	55	1.97e-19	74.3
UniRef90_H1HC27	AT29309	62.7	59	22	0	1	59	1	59	2.02e-19	74.3
UniRef90_H1HC27	AT68056	62.7	59	22	0	1	59	1	59	2.02e-19	74.3
UniRef90_H1HC27	AT288720	62.7	59	22	0	1	59	1	59	2.02e-19	74.3
UniRef90_H1HC27	AT186809	54.8	73	32	1	1	73	1	72	1.11e-18	72.4
UniRef90_H1HC27	AT199960	50.7	73	35	1	1	73	1	72	4.97e-15	63.2
UniRef90_H1HC27	AT70572	42.5	73	41	1	1	73	1	72	2.77e-12	56.2
UniRef90_H1HC27	AT70575	42.5	73	41	1	1	73	1	72	2.77e-12	56.2
UniRef90_H1HC27	AT70578	42.5	73	41	1	1	73	1	72	2.77e-12	56.2
UniRef90_H1HC27	AT70581	42.5	73	41	1	1	73	1	72	2.77e-12	56.2
UniRef90_H1HC27	AT70584	42.5	73	41	1	1	73	1	72	2.77e-12	56.2
UniRef90_H1Q016	AT284577	35.5	248	154	4	2	247	39	282	2.46e-34	125
UniRef90_H1Q016	AT284650	34.7	251	152	5	2	247	39	282	2.46e-34	125
UniRef90_H1Q016	AT284570	35.1	251	151	5	2	247	39	282	6.78e-34	124
UniRef90_H1Q016	AT284575	35.1	251	151	5	2	247	39	282	6.78e-34	124
UniRef90_H1Q016	AT68648	34.7	251	152	5	2	247	39	282	1.87e-33	122
UniRef90_H1Q016	AT29913	33.9	251	154	5	2	247	39	282	2.62e-33	122
UniRef90_H1Q016	AT212220	34.3	248	157	4	2	247	39	282	2.10e-31	117
UniRef90_H1Q016	AT99838	35.9	251	152	6	2	248	82	327	2.42e-31	118
UniRef90_H1Q016	AT76725	34.5	249	155	5	2	247	37	280	8.70e-28	107
UniRef90_H1Q016	AT55784	34.3	251	153	5	2	247	37	280	1.75e-26	104
UniRef90_H1Q016	AT136033	33.9	251	154	5	2	247	37	280	6.63e-26	102
UniRef90_H1Q016	AT88096	32.3	248	160	5	4	247	41	284	1.41e-25	102
UniRef90_H1Q016	AT141256	32.3	248	160	5	4	247	41	284	1.41e-25	102
UniRef90_H1Q016	AT141271	32.3	248	160	5	4	247	41	284	1.41e-25	102
UniRef90_H1Q016	AT144148	32.3	248	160	5	4	247	41	284	1.41e-25	102
UniRef90_H1Q016	AT194962	32.3	248	160	5	4	247	41	284	1.41e-25	102
UniRef90_H1Q016	AT123445	32.3	248	160	5	4	247	41	284	1.96e-25	101
UniRef90_H1Q016	AT140990	32.3	248	160	5	4	247	41	284	1.96e-25	101
UniRef90_H1Q016	AT140995	32.3	248	160	5	4	247	41	284	1.96e-25	101
UniRef90_H1Q016	AT149857	32.3	248	160	5	4	247	41	284	1.96e-25	101
UniRef90_H1Q016	AT149880	32.3	248	160	5	4	247	41	284	1.96e-25	101
UniRef90_H1Q016	AT196170	32.3	248	160	5	4	247	41	284	1.96e-25	101
UniRef90_H1Q016	AT127934	32.3	248	160	5	4	247	41	284	2.74e-25	101
UniRef90_H1Q016	AT140987	32.3	248	160	5	4	247	41	284	2.74e-25	101
UniRef90_H1Q016	AT141260	32.3	248	160	5	4	247	41	284	2.74e-25	101
UniRef90_J0N317	AT59908	44.7	85	45	1	8	92	14	96	5.58e-19	74.7
UniRef90_J0N317	AT63285	44.7	85	45	1	8	92	14	96	5.58e-19	74.7
UniRef90_J0N317	AT64241	44.7	85	45	1	8	92	14	96	5.58e-19	74.7
UniRef90_J0N317	AT66515	44.7	85	45	1	8	92	14	96	5.58e-19	74.7
UniRef90_J0N317	AT66519	44.7	85	45	1	8	92	14	96	5.58e-19	74.7
UniRef90_J0N317	AT81389	44.7	85	45	1	8	92	14	96	5.58e-19	74.7
UniRef90_J0N317	AT240003	44.7	85	45	1	8	92	14	96	5.58e-19	74.7
UniRef90_J0N317	AT240006	44.7	85	45	1	8	92	14	96	5.58e-19	74.7
UniRef90_J0N317	AT240008	44.7	85	45	1	8	92	14	96	5.58e-19	74.7
UniRef90_J0N317	AT240015	44.7	85	45	1	8	92	14	96	5.58e-19	74.7
UniRef90_J0N317	AT240021	44.7	85	45	1	8	92	14	96	5.58e-19	74.7
UniRef90_J0N317	AT240023	44.7	85	45	1	8	92	14	96	5.58e-19	74.7
UniRef90_J0N317	AT240025	44.7	85	45	1	8	92	14	96	5.58e-19	74.7
UniRef90_J0N317	AT240030	44.7	85	45	1	8	92	14	96	5.58e-19	74.7
UniRef90_J0N317	AT241315	44.7	85	45	1	8	92	14	96	5.58e-19	74.7
UniRef90_J0N317	AT241318	44.7	85	45	1	8	92	14	96	5.58e-19	74.7
UniRef90_J0N317	AT287397	44.7	85	45	1	8	92	14	96	5.58e-19	74.7
UniRef90_J0N317	AT292305	44.7	85	45	1	8	92	14	96	5.58e-19	74.7
UniRef90_J0N317	AT241322	50.0	68	34	0	8	75	14	81	7.91e-19	74.3
UniRef90_J0N317	AT23575	50.0	68	34	0	8	75	14	81	2.25e-18	73.2
UniRef90_J0N317	AT62371	50.0	68	34	0	8	75	14	81	2.25e-18	73.2
UniRef90_J0N317	AT63157	50.0	68	34	0	8	75	14	81	2.25e-18	73.2
UniRef90_J0N317	AT63160	50.0	68	34	0	8	75	14	81	2.25e-18	73.2
UniRef90_J0N317	AT63166	50.0	68	34	0	8	75	14	81	2.25e-18	73.2
UniRef90_J0N317	AT63170	50.0	68	34	0	8	75	14	81	2.25e-18	73.2
UniRef90_L1MIU4	AT45727	33.0	106	68	3	32	135	141	245	6.23e-06	45.8
UniRef90_L1MIU4	AT148574	28.0	150	105	3	32	180	148	295	6.27e-06	45.8
UniRef90_L1MIU4	AT148578	32.8	116	75	3	22	135	136	250	1.15e-05	45.1
UniRef90_L1MIU4	AT148583	29.2	130	71	4	32	154	143	258	2.79e-05	43.9
UniRef90_L1MIU4	AT148575	33.0	106	68	3	32	135	141	245	2.80e-05	43.9
UniRef90_L1MIU4	AT148562	29.2	130	71	4	32	154	148	263	2.82e-05	43.9
UniRef90_L1MIU4	AT148540	32.1	106	69	3	32	135	146	250	6.93e-05	42.7
UniRef90_L1MIU4	AT21300	31.9	116	76	3	22	135	131	245	6.94e-05	42.7
UniRef90_L1MIU4	AT45238	32.1	106	69	3	32	135	141	245	9.27e-05	42.4
UniRef90_L1MIU4	AT148581	32.1	106	69	3	32	135	141	245	9.27e-05	42.4
UniRef90_L1MIU4	AT148585	28.2	124	80	3	32	154	148	263	9.31e-05	42.4
UniRef90_L1MIU4	AT148579	29.5	112	77	2	32	142	150	260	1.27e-04	42.0
UniRef90_L1MIU4	AT148577	31.1	106	70	3	32	135	146	250	1.70e-04	41.6
UniRef90_L1MIU4	AT45239	31.1	106	70	3	32	135	146	250	2.29e-04	41.2
UniRef90_L1MIU4	AT148545	31.1	106	70	3	32	135	146	250	2.29e-04	41.2
UniRef90_L1MIU4	AT148548	31.1	106	70	3	32	135	146	250	2.29e-04	41.2
UniRef90_L1NNT8	AT107825	33.5	248	157	4	12	253	36	281	5.01e-27	105
UniRef90_L1NNT8	AT149880	31.4	258	168	5	3	253	32	287	2.96e-26	103
UniRef90_L1NNT8	AT88096	31.4	258	168	5	3	253	32	287	4.13e-26	103
UniRef90_L1NNT8	AT123445	31.4	258	168	5	3	253	32	287	4.13e-26	103
UniRef90_L1NNT8	AT140990	31.4	258	168	5	3	253	32	287	4.13e-26	103
UniRef90_L1NNT8	AT140995	31.4	258	168	5	3	253	32	287	4.13e-26	103
UniRef90_L1NNT8	AT144148	31.4	258	168	5	3	253	32	287	4.13e-26	103
UniRef90_L1NNT8	AT149857	31.4	258	168	5	3	253	32	287	4.13e-26	103
UniRef90_L1NNT8	AT194962	31.4	258	168	5	3	253	32	287	4.13e-26	103
UniRef90_L1NNT8	AT196170	31.4	258	168	5	3	253	32	287	4.13e-26	103
UniRef90_L1NNT8	AT140987	31.4	258	168	5	3	253	32	287	5.75e-26	103
UniRef90_L1NNT8	AT196173	31.4	258	168	5	3	253	32	287	5.75e-26	103
UniRef90_L1NNT8	AT127934	31.4	258	168	5	3	253	32	287	8.02e-26	102
UniRef90_L1NNT8	AT127936	31.4	258	168	5	3	253	32	287	8.02e-26	102
UniRef90_L1NNT8	AT141264	31.4	258	168	5	3	253	32	287	8.02e-26	102
UniRef90_L1NNT8	AT141271	31.9	251	162	5	10	253	39	287	1.56e-25	102
UniRef90_L1NNT8	AT141256	31.9	251	162	5	10	253	39	287	2.17e-25	101
UniRef90_L1NNT8	AT141260	31.9	251	162	5	10	253	39	287	2.17e-25	101
UniRef90_L1NNT8	AT141413	31.9	251	162	5	10	253	39	287	2.17e-25	101
UniRef90_L1NNT8	AT239389	31.9	251	162	5	10	253	43	291	2.33e-25	101
UniRef90_L1NNT8	AT284577	31.6	250	158	5	12	253	41	285	7.95e-23	94.7
UniRef90_L1NTS5	AT78744	38.6	70	43	0	11	80	5	74	1.56e-12	57.4
UniRef90_L1NTS5	AT127744	38.6	70	43	0	11	80	5	74	1.56e-12	57.4
UniRef90_L1P121	AT61688	57.4	61	26	0	18	78	1	61	4.10e-18	71.2
UniRef90_L1P121	AT44993	55.7	61	27	0	18	78	1	61	1.67e-17	69.7
UniRef90_L1P121	AT152285	55.7	61	27	0	18	78	1	61	1.67e-17	69.7
UniRef90_L1P121	AT172503	55.7	61	27	0	18	78	1	61	1.67e-17	69.7
UniRef90_L1P121	AT172509	55.7	61	27	0	18	78	1	61	1.67e-17	69.7
UniRef90_L1P121	AT272430	55.7	61	27	0	18	78	1	61	1.67e-17	69.7
UniRef90_L1P121	AT28673	62.3	61	23	0	18	78	1	61	2.42e-17	69.3
UniRef90_L1P121	AT24668	45.9	61	33	0	19	79	7	67	1.25e-13	60.1
UniRef90_L1P121	AT135403	54.1	61	28	0	18	78	1	61	1.72e-13	59.7
UniRef90_L1P121	AT36166	54.1	61	28	0	18	78	1	61	3.07e-13	58.9
UniRef90_L1P121	AT36189	50.8	61	30	0	18	78	1	61	5.03e-12	55.8
UniRef90_L1P121	AT36248	50.8	61	30	0	18	78	5	65	5.53e-12	55.8
UniRef90_L1P121	AT245122	49.2	61	31	0	18	78	1	61	2.03e-11	54.3
UniRef90_L1P121	AT64676	50.8	61	30	0	18	78	1	61	4.59e-11	53.5
UniRef90_L1P121	AT169995	49.2	61	31	0	19	79	3	63	4.16e-09	48.5
UniRef90_L1P121	AT199056	44.3	61	34	0	18	78	1	61	6.45e-09	48.1
UniRef90_L1P121	AT211987	50.8	61	28	2	19	78	3	62	1.02e-08	47.8
UniRef90_L1P121	AT145491	47.5	61	32	0	19	79	3	63	4.74e-08	45.8
UniRef90_L1P121	AT58208	46.7	60	32	0	19	78	3	62	1.34e-07	44.7
UniRef90_L1P121	AT176602	46.7	60	32	0	19	78	3	62	1.34e-07	44.7
UniRef90_L1P121	AT233298	46.9	49	26	0	18	66	1	49	3.49e-07	43.5
UniRef90_L1P121	AT44149	46.2	65	33	2	19	82	3	66	1.12e-06	42.4
UniRef90_L1P121	AT156833	41.0	61	36	0	19	79	3	63	1.23e-06	42.4
UniRef90_L1P121	AT280857	41.4	58	31	1	18	75	1	55	2.80e-06	41.2
UniRef90_L1P121	AT27910	42.9	49	28	0	18	66	1	49	1.09e-05	39.7
UniRef90_L1P1S4	AT282226	41.4	58	33	1	9	65	62	119	1.22e-04	38.5
UniRef90_L1P1S4	AT140999	33.3	51	33	1	6	55	33	83	1.45e-04	37.7
UniRef90_L1P1S4	AT143441	33.3	51	33	1	6	55	33	83	1.45e-04	37.7
UniRef90_L1P1S4	AT149874	33.3	51	33	1	6	55	33	83	1.45e-04	37.7
UniRef90_L1P1S4	AT230000	33.3	51	33	1	6	55	33	83	1.45e-04	37.7
UniRef90_L1P1S4	AT239956	33.3	51	33	1	6	55	33	83	1.45e-04	37.7
UniRef90_L1P1S4	AT76534	33.3	51	33	1	6	55	33	83	2.03e-04	37.4
UniRef90_L1P1S4	AT88097	33.3	51	33	1	6	55	33	83	2.03e-04	37.4
UniRef90_L1P1S4	AT254966	33.3	51	33	1	6	55	33	83	2.03e-04	37.4
UniRef90_L1P1S4	AT75760	41.4	58	33	1	9	65	75	132	2.77e-04	37.7
UniRef90_L1P8A5	AT160638	31.3	224	136	7	12	227	8	221	1.29e-21	91.3
UniRef90_P43713	AT284577	32.8	244	156	5	1	238	41	282	1.46e-27	107
UniRef90_P43713	AT127936	29.3	246	164	6	1	238	41	284	1.61e-25	101
UniRef90_P43713	AT123445	29.3	246	164	6	1	238	41	284	6.07e-25	100
UniRef90_P43713	AT127934	29.3	246	164	6	1	238	41	284	6.07e-25	100
UniRef90_P43713	AT140987	29.3	246	164	6	1	238	41	284	6.07e-25	100
UniRef90_P43713	AT140990	29.3	246	164	6	1	238	41	284	6.07e-25	100
UniRef90_P43713	AT140995	29.3	246	164	6	1	238	41	284	6.07e-25	100
UniRef90_P43713	AT141260	29.3	246	164	6	1	238	41	284	6.07e-25	100
UniRef90_P43713	AT141413	29.3	246	164	6	1	238	41	284	6.07e-25	100
UniRef90_P43713	AT149857	29.3	246	164	6	1	238	41	284	6.07e-25	100
UniRef90_P43713	AT149880	29.7	246	163	6	1	238	41	284	6.07e-25	100
UniRef90_P43713	AT196170	29.3	246	164	6	1	238	41	284	6.07e-25	100
UniRef90_P43713	AT196173	29.3	246	164	6	1	238	41	284	6.07e-25	100
UniRef90_P43713	AT239389	29.3	246	164	6	1	238	45	288	6.50e-25	100
UniRef90_P43713	AT141264	29.3	246	164	6	1	238	41	284	8.45e-25	99.8
UniRef90_P43713	AT88096	29.3	246	164	6	1	238	41	284	3.18e-24	98.2
UniRef90_P43713	AT141256	29.3	246	164	6	1	238	41	284	3.18e-24	98.2
UniRef90_P43713	AT141271	29.3	246	164	6	1	238	41	284	3.18e-24	98.2
UniRef90_P43713	AT144148	29.3	246	164	6	1	238	41	284	3.18e-24	98.2
UniRef90_P43713	AT194962	29.3	246	164	6	1	238	41	284	3.18e-24	98.2
UniRef90_Q7P2W9	AT212220	36.3	182	110	4	4	182	104	282	2.99e-27	104
UniRef90_Q7P2W9	AT88096	34.6	188	117	4	2	185	102	287	1.75e-25	99.8
UniRef90_Q7P2W9	AT123445	34.6	188	117	4	2	185	102	287	1.75e-25	99.8
UniRef90_Q7P2W9	AT127934	34.6	188	117	4	2	185	102	287	1.75e-25	99.8
UniRef90_Q7P2W9	AT140987	34.6	188	117	4	2	185	102	287	1.75e-25	99.8
UniRef90_Q7P2W9	AT140990	34.6	188	117	4	2	185	102	287	1.75e-25	99.8
UniRef90_Q7P2W9	AT140995	34.6	188	117	4	2	185	102	287	1.75e-25	99.8
UniRef90_Q7P2W9	AT141256	34.6	188	117	4	2	185	102	287	1.75e-25	99.8
UniRef90_Q7P2W9	AT141260	34.6	188	117	4	2	185	102	287	1.75e-25	99.8
UniRef90_Q7P2W9	AT141271	34.6	188	117	4	2	185	102	287	1.75e-25	99.8
UniRef90_Q7P2W9	AT141413	34.6	188	117	4	2	185	102	287	1.75e-25	99.8
UniRef90_Q7P2W9	AT144148	34.6	188	117	4	2	185	102	287	1.75e-25	99.8
UniRef90_Q7P2W9	AT149857	34.6	188	117	4	2	185	102	287	1.75e-25	99.8
UniRef90_Q7P2W9	AT194962	34.6	188	117	4	2	185	102	287	1.75e-25	99.8
UniRef90_Q7P2W9	AT196170	34.6	188	117	4	2	185	102	287	1.75e-25	99.8
UniRef90_Q7P2W9	AT196173	34.6	188	117	4	2	185	102	287	1.75e-25	99.8
UniRef90_Q7P2W9	AT239389	34.6	188	117	4	2	185	106	291	1.87e-25	99.8
UniRef90_Q7P2W9	AT141264	34.6	188	117	4	2	185	102	287	2.44e-25	99.4
UniRef90_Q7P2W9	AT107825	33.7	184	117	4	5	185	100	281	3.08e-25	99.0
UniRef90_Q7P2W9	AT127936	34.6	188	117	4	2	185	102	287	3.42e-25	99.0
UniRef90_Q7P2W9	AT149880	34.0	188	118	4	2	185	102	287	3.42e-25	99.0
UniRef90_Q7P2W9	AT284577	35.6	174	106	4	12	182	112	282	2.46e-24	96.7
UniRef90_Q7P2W9	AT29913	35.1	174	107	4	12	182	112	282	6.70e-24	95.5
UniRef90_Q7P2W9	AT68648	35.1	174	107	4	12	182	112	282	6.70e-24	95.5
UniRef90_Q7P2W9	AT284650	35.1	174	107	4	12	182	112	282	6.70e-24	95.5
UniRef90_Q7P3G1	AT136033	28.4	194	130	3	5	195	38	225	1.83e-15	73.6
UniRef90_Q7P3G1	AT160638	26.3	205	142	4	3	207	2	197	2.30e-15	72.8
UniRef90_Q7P3G1	AT123445	27.8	194	133	3	5	195	40	229	3.65e-15	72.8
UniRef90_Q7P3G1	AT140990	27.8	194	133	3	5	195	40	229	3.65e-15	72.8
UniRef90_Q7P3G1	AT140995	27.8	194	133	3	5	195	40	229	3.65e-15	72.8
UniRef90_Q7P3G1	AT149857	27.8	194	133	3	5	195	40	229	3.65e-15	72.8
UniRef90_Q7P3G1	AT149880	27.8	194	133	3	5	195	40	229	3.65e-15	72.8
UniRef90_Q7P3G1	AT196170	27.8	194	133	3	5	195	40	229	3.65e-15	72.8
UniRef90_Q7P3G1	AT55784	27.8	194	131	3	5	195	38	225	6.58e-15	72.0
UniRef90_Q7P3G1	AT76725	27.7	191	135	1	5	195	38	225	6.58e-15	72.0
UniRef90_Q7P3G1	AT127936	27.8	194	133	3	5	195	40	229	6.91e-15	72.0
UniRef90_Q7P3G1	AT88096	27.3	194	134	3	5	195	40	229	9.50e-15	71.6
UniRef90_Q7P3G1	AT141256	27.3	194	134	3	5	195	40	229	9.50e-15	71.6
UniRef90_Q7P3G1	AT141271	27.3	194	134	3	5	195	40	229	9.50e-15	71.6
UniRef90_Q7P3G1	AT144148	27.3	194	134	3	5	195	40	229	9.50e-15	71.6
UniRef90_Q7P3G1	AT194962	27.3	194	134	3	5	195	40	229	9.50e-15	71.6
UniRef90_Q7P3G1	AT127934	27.3	194	134	3	5	195	40	229	1.79e-14	70.9
UniRef90_Q7P3G1	AT140987	27.3	194	134	3	5	195	40	229	1.79e-14	70.9
UniRef90_Q7P3G1	AT141260	27.3	194	134	3	5	195	40	229	1.79e-14	70.9
UniRef90_Q7P3G1	AT141413	27.3	194	134	3	5	195	40	229	1.79e-14	70.9
UniRef90_Q7P3G1	AT196173	27.3	194	134	3	5	195	40	229	1.79e-14	70.9
UniRef90_Q7P3G1	AT239389	27.3	194	134	3	5	195	44	233	1.86e-14	70.9
UniRef90_Q7P3G1	AT141264	27.3	194	134	3	5	195	40	229	2.47e-14	70.5
UniRef90_Q7P3G1	AT107825	26.4	193	135	2	5	195	35	222	1.32e-09	57.0
UniRef90_S3LB99	AT109927	58.8	80	33	0	5	84	5	84	1.32e-34	113
UniRef90_S3LB99	AT191803	55.8	86	38	0	1	86	1	86	2.83e-34	112
UniRef90_S3LB99	AT191799	54.7	86	39	0	1	86	1	86	8.10e-34	111
UniRef90_S3LB99	AT74248	55.0	80	36	0	5	84	5	84	1.50e-33	110
UniRef90_S3LB99	AT109977	57.5	80	34	0	5	84	5	84	1.50e-33	110
UniRef90_S3LB99	AT294773	56.0	84	37	0	1	84	1	84	3.03e-33	110
UniRef90_S3LB99	AT178826	58.3	84	35	0	1	84	1	84	3.20e-33	110
UniRef90_S3LB99	AT53356	56.3	80	35	0	5	84	5	84	6.10e-33	109
UniRef90_S3LB99	AT170262	55.0	80	36	0	5	84	5	84	1.75e-32	108
UniRef90_S3LB99	AT280831	53.8	80	37	0	5	84	5	84	1.75e-32	108
UniRef90_S3LB99	AT150136	59.2	76	31	0	9	84	9	84	2.48e-32	107
UniRef90_S3LB99	AT199514	57.5	80	34	0	5	84	5	84	2.48e-32	107
UniRef90_S3LB99	AT27739	57.5	80	34	0	5	84	5	84	5.01e-32	107
UniRef90_S3LB99	AT57495	57.5	80	34	0	5	84	5	84	5.01e-32	107
UniRef90_S3LB99	AT57504	57.5	80	34	0	5	84	5	84	5.01e-32	107
UniRef90_S3LB99	AT64807	57.5	80	34	0	5	84	5	84	5.01e-32	107
UniRef90_S3LB99	AT109981	55.0	80	36	0	5	84	5	84	5.01e-32	107
UniRef90_S3LB99	AT205688	57.5	80	34	0	5	84	5	84	5.01e-32	107
UniRef90_S3LB99	AT220447	57.5	80	34	0	5	84	5	84	5.01e-32	107
UniRef90_S3LB99	AT220455	57.5	80	34	0	5	84	5	84	5.01e-32	107
UniRef90_S3LB99	AT220463	57.5	80	34	0	5	84	5	84	5.01e-32	107
UniRef90_S3LB99	AT220471	57.5	80	34	0	5	84	5	84	5.01e-32	107
UniRef90_S3LB99	AT220480	57.5	80	34	0	5	84	5	84	5.01e-32	107
UniRef90_S3LB99	AT220489	57.5	80	34	0	5	84	5	84	5.01e-32	107
UniRef90_S3LB99	AT220498	57.5	80	34	0	5	84	5	84	5.01e-32	107
UniRef90_U2C2H1	AT220672	38.6	57	35	0	47	103	6	62	1.30e-07	47.8
UniRef90_U2C2H1	AT232906	39.2	51	31	0	47	97	6	56	3.28e-07	46.6
UniRef90_U2C2H1	AT20897	39.2	51	31	0	47	97	6	56	3.40e-07	46.6
UniRef90_U2C2H1	AT43716	39.2	51	31	0	47	97	6	56	3.40e-07	46.6
UniRef90_U2C2H1	AT123748	39.2	51	31	0	47	97	6	56	3.40e-07	46.6
UniRef90_U2C2H1	AT124105	39.2	51	31	0	47	97	6	56	3.40e-07	46.6
UniRef90_U2C2H1	AT124130	39.2	51	31	0	47	97	6	56	3.40e-07	46.6
UniRef90_U2C2H1	AT224400	39.2	51	31	0	47	97	6	56	3.40e-07	46.6
UniRef90_U2C2H1	AT231190	39.2	51	31	0	47	97	6	56	3.40e-07	46.6
UniRef90_U2C2H1	AT234979	39.2	51	31	0	47	97	6	56	3.40e-07	46.6
UniRef90_U2C2H1	AT235000	39.2	51	31	0	47	97	6	56	3.40e-07	46.6
UniRef90_U2C2H1	AT244603	39.2	51	31	0	47	97	6	56	3.40e-07	46.6
UniRef90_U2C2H1	AT246542	39.2	51	31	0	47	97	6	56	3.40e-07	46.6
UniRef90_U2C2H1	AT273400	39.2	51	31	0	47	97	6	56	3.40e-07	46.6
UniRef90_U2C2H1	AT281722	39.2	51	31	0	47	97	6	56	3.40e-07	46.6
UniRef90_U2C2H1	AT294555	39.2	51	31	0	47	97	6	56	3.40e-07	46.6
UniRef90_U2C2H1	AT143531	35.7	56	36	0	47	102	9	64	3.67e-05	41.2
UniRef90_U2C2H1	AT253124	35.7	56	36	0	47	102	9	64	3.67e-05	41.2
UniRef90_U2C2H1	AT262775	35.7	56	36	0	47	102	9	64	3.67e-05	41.2
UniRef90_U2C2H1	AT262858	35.7	56	36	0	47	102	9	64	3.67e-05	41.2
UniRef90_U2C2H1	AT262880	35.7	56	36	0	47	102	9	64	3.67e-05	41.2
UniRef90_U2C2H1	AT262901	35.7	56	36	0	47	102	9	64	3.67e-05	41.2
UniRef90_U2C2H1	AT263008	35.7	56	36	0	47	102	9	64	3.67e-05	41.2
UniRef90_U2C2H1	AT281389	35.7	56	36	0	47	102	9	64	3.67e-05	41.2
UniRef90_U2C2H1	AT281410	35.7	56	36	0	47	102	9	64	3.67e-05	41.2
UniRef90_U2PUM3	AT26244	34.1	135	82	2	6	140	4	131	1.36e-17	73.9
UniRef90_U2PUM3	AT24444	34.3	137	83	2	4	140	2	131	1.51e-16	71.2
UniRef90_U2PUM3	AT183744	34.3	137	83	2	4	140	2	131	1.51e-16	71.2
UniRef90_U2PUM3	AT293691	34.3	137	83	2	4	140	2	131	1.51e-16	71.2
UniRef90_U2PUM3	AT240829	38.8	103	62	1	39	140	32	134	3.15e-16	70.5
UniRef90_U2PUM3	AT173126	33.1	133	81	2	14	140	2	132	2.09e-14	65.9
UniRef90_U2PUM3	AT38471	36.5	104	62	2	39	140	31	132	2.45e-12	60.5
UniRef90_U2PUM3	AT239876	34.1	135	77	4	8	140	11	135	3.30e-12	60.1
UniRef90_U2PUM3	AT116569	36.5	104	62	2	39	140	31	132	9.50e-12	58.9
UniRef90_U2PUM3	AT73122	29.2	137	86	2	7	140	4	132	1.28e-11	58.5
UniRef90_U2PUM3	AT73127	29.2	137	86	2	7	140	4	132	1.28e-11	58.5
UniRef90_U2PUM3	AT74217	29.2	137	86	2	7	140	4	132	1.28e-11	58.5
UniRef90_U2PUM3	AT125871	33.6	143	75	5	8	139	5	138	4.61e-11	57.4
UniRef90_U2PUM3	AT284941	34.0	141	77	4	7	140	4	135	6.94e-11	56.6
UniRef90_U2PUM3	AT29874	32.4	139	71	7	6	138	2	123	1.53e-10	55.5
UniRef90_U2PUM3	AT296976	30.6	144	83	3	6	138	3	140	1.63e-09	53.1
UniRef90_U2PUM3	AT28020	29.3	133	82	3	8	140	5	125	1.63e-09	52.8
UniRef90_U2PUM3	AT20811	28.6	133	83	3	8	140	5	125	6.26e-09	51.2
UniRef90_U2PUM3	AT45853	28.6	133	83	3	8	140	5	125	6.26e-09	51.2
UniRef90_U2PUM3	AT253061	28.6	133	83	3	8	140	5	125	6.26e-09	51.2
UniRef90_U2PUM3	AT107936	25.9	135	86	3	6	140	4	124	1.27e-07	47.8
UniRef90_U2PUM3	AT239878	25.9	135	86	3	6	140	4	124	1.27e-07	47.8
UniRef90_U2PUM3	AT272564	25.9	135	86	3	6	140	4	124	1.78e-07	47.4
UniRef90_U2RD32	AT170262	43.8	73	32	2	17	89	21	84	1.11e-10	53.1
UniRef90_U2RD32	AT280831	42.5	73	33	2	17	89	21	84	3.15e-10	52.0
UniRef90_U2RD32	AT178826	37.3	67	40	1	24	90	21	85	4.20e-08	46.6
UniRef90_U2RD32	AT27739	40.0	60	34	1	30	89	27	84	5.68e-08	46.2
UniRef90_U2RD32	AT57495	40.0	60	34	1	30	89	27	84	5.68e-08	46.2
UniRef90_U2RD32	AT57504	40.0	60	34	1	30	89	27	84	5.68e-08	46.2
UniRef90_U2RD32	AT64807	40.0	60	34	1	30	89	27	84	5.68e-08	46.2
UniRef90_U2RD32	AT136906	40.0	60	34	1	30	89	27	84	5.68e-08	46.2
UniRef90_U2RD32	AT136913	40.0	60	34	1	30	89	27	84	5.68e-08	46.2
UniRef90_U2RD32	AT136925	40.0	60	34	1	30	89	27	84	5.68e-08	46.2
UniRef90_U2RD32	AT205688	40.0	60	34	1	30	89	27	84	5.68e-08	46.2
UniRef90_U2RD32	AT220447	40.0	60	34	1	30	89	27	84	5.68e-08	46.2
UniRef90_U2RD32	AT220455	40.0	60	34	1	30	89	27	84	5.68e-08	46.2
UniRef90_U2RD32	AT220463	40.0	60	34	1	30	89	27	84	5.68e-08	46.2
UniRef90_U2RD32	AT220471	40.0	60	34	1	30	89	27	84	5.68e-08	46.2
UniRef90_U2RD32	AT220480	40.0	60	34	1	30	89	27	84	5.68e-08	46.2
UniRef90_U2RD32	AT220489	40.0	60	34	1	30	89	27	84	5.68e-08	46.2
UniRef90_U2RD32	AT220498	40.0	60	34	1	30	89	27	84	5.68e-08	46.2
UniRef90_U2RD32	AT220507	40.0	60	34	1	30	89	27	84	5.68e-08	46.2
UniRef90_U2RD32	AT238990	40.0	60	34	1	30	89	27	84	5.68e-08	46.2
UniRef90_U2RD32	AT259457	40.0	60	34	1	30	89	27	84	5.68e-08	46.2
UniRef90_U2RD32	AT30625	40.0	60	34	1	30	89	27	84	1.60e-07	45.1
UniRef90_U2RD32	AT238977	40.0	60	34	1	30	89	27	84	1.60e-07	45.1
UniRef90_U2RD32	AT238986	40.0	60	34	1	30	89	27	84	1.60e-07	45.1
UniRef90_U2RD32	AT239001	40.0	60	34	1	30	89	27	84	1.60e-07	45.1
UniRef90_U2T2A4	AT117250	43.6	110	61	1	7	116	7	115	1.25e-26	96.3
UniRef90_U2T2A4	AT23755	43.0	114	59	3	7	120	5	112	6.22e-24	89.4
UniRef90_U2T2A4	AT23763	43.0	114	59	3	7	120	5	112	6.22e-24	89.4
UniRef90_U2T2A4	AT40171	42.1	114	60	3	7	120	5	112	8.81e-24	89.0
UniRef90_U2T2A4	AT25225	42.0	112	59	3	7	118	5	110	2.50e-23	87.8
UniRef90_U2T2A4	AT65787	39.6	111	61	3	7	117	5	109	8.74e-22	84.0
UniRef90_U2T2C7	AT88350	44.6	83	46	0	1	83	3	85	1.48e-22	83.2
UniRef90_U2T2C7	AT88355	44.6	83	46	0	1	83	3	85	1.48e-22	83.2
UniRef90_U2T2C7	AT88357	44.6	83	46	0	1	83	3	85	1.48e-22	83.2
UniRef90_U2T2C7	AT88359	44.6	83	46	0	1	83	3	85	1.48e-22	83.2
UniRef90_U2T2C7	AT88362	44.6	83	46	0	1	83	3	85	1.48e-22	83.2
UniRef90_U2T2C7	AT40427	42.9	84	41	2	1	84	1	77	4.90e-16	66.6
UniRef90_U2T2C7	AT253400	51.0	51	25	0	1	51	1	51	1.10e-12	58.2
UniRef90_U2T2C7	AT27899	42.0	69	37	2	1	66	1	69	1.49e-12	57.8
UniRef90_U2T2C7	AT284243	51.9	52	25	0	4	55	6	57	3.21e-12	57.0
UniRef90_U2T2C7	AT253402	47.1	51	27	0	1	51	1	51	1.26e-11	55.5
UniRef90_U2T2C7	AT24443	40.6	69	38	2	1	66	1	69	1.70e-11	55.1
UniRef90_U2T2C7	AT29332	45.1	51	28	0	1	51	1	51	1.79e-11	55.1
UniRef90_U2T2C7	AT235233	39.3	56	34	0	1	56	3	58	4.73e-11	53.9
UniRef90_U2T2C7	AT259133	39.3	56	34	0	1	56	3	58	4.73e-11	53.9
UniRef90_U2T2C7	AT88356	34.5	84	55	0	1	84	1	84	4.84e-11	53.9
UniRef90_U2T2C7	AT100453	34.5	84	55	0	1	84	1	84	4.84e-11	53.9
UniRef90_U2T2C7	AT57957	33.3	84	56	0	1	84	1	84	1.94e-10	52.4
UniRef90_U2T2C7	AT272271	32.1	84	57	0	1	84	1	84	2.75e-10	52.0
UniRef90_U2T2C7	AT253418	45.8	48	26	0	4	51	6	53	4.16e-10	51.6
UniRef90_U2T2C7	AT20900	40.6	69	34	2	4	72	9	70	7.96e-10	50.8
UniRef90_U2T2C7	AT40227	40.6	69	34	2	4	72	9	70	7.96e-10	50.8
UniRef90_U2T2C7	AT42611	40.6	69	34	2	4	72	9	70	7.96e-10	50.8
UniRef90_U2T2C7	AT43723	40.6	69	34	2	4	72	9	70	7.96e-10	50.8
UniRef90_U2T2C7	AT47588	40.6	69	34	2	4	72	9	70	7.96e-10	50.8
UniRef90_U2T2C7	AT63882	40.6	69	34	2	4	72	9	70	7.96e-10	50.8
UniRef90_U2WPB0	AT64985	80.0	55	11	0	5	59	5	59	1.98e-26	92.0
UniRef90_U2WPB0	AT197661	80.0	55	11	0	5	59	5	59	1.98e-26	92.0
UniRef90_U2WPB0	AT33151	76.8	56	13	0	3	58	1	56	8.04e-26	90.5
UniRef90_U2WPB0	AT60428	75.6	45	11	0	6	50	6	50	5.44e-20	75.9
UniRef90_U2WPB0	AT33149	73.3	45	12	0	6	50	6	50	2.21e-19	74.3
UniRef90_U2WPB0	AT33157	73.3	45	12	0	6	50	6	50	2.21e-19	74.3
UniRef90_U2WPB0	AT33160	73.3	45	12	0	6	50	6	50	2.21e-19	74.3
UniRef90_U2WPB0	AT33164	73.3	45	12	0	6	50	6	50	2.21e-19	74.3
UniRef90_U2WPB0	AT33169	73.3	45	12	0	6	50	6	50	2.21e-19	74.3
UniRef90_U2WPB0	AT33174	73.3	45	12	0	6	50	6	50	2.21e-19	74.3
UniRef90_U2WPB0	AT197659	70.5	44	13	0	7	50	7	50	5.15e-18	70.9
UniRef90_U2WPB0	AT253400	58.3	48	20	0	3	50	1	48	8.20e-16	65.1
UniRef90_U2WPB0	AT29332	62.5	48	18	0	3	50	1	48	1.65e-15	64.3
UniRef90_U2WPB0	AT253402	60.4	48	19	0	3	50	1	48	2.34e-15	63.9
UniRef90_U2WPB0	AT235233	60.4	48	19	0	1	48	1	48	3.09e-15	63.5
UniRef90_U2WPB0	AT259133	60.4	48	19	0	1	48	1	48	3.09e-15	63.5
UniRef90_U2WPB0	AT296974	63.0	46	17	0	5	50	5	50	9.97e-15	62.4
UniRef90_U2WPB0	AT23474	66.7	42	14	0	7	48	9	50	2.16e-14	61.6
UniRef90_U2WPB0	AT67855	64.3	42	15	0	7	48	9	50	6.15e-14	60.5
UniRef90_U2WPB0	AT186648	53.1	49	23	0	3	51	1	49	6.85e-14	60.1
UniRef90_U2WPB0	AT29415	57.7	52	20	1	1	50	1	52	8.12e-14	60.1
UniRef90_U2WPB0	AT295071	58.1	43	18	0	8	50	11	53	1.07e-13	59.7
UniRef90_U2WPB0	AT284243	54.0	50	23	0	1	50	1	50	1.12e-13	59.7
UniRef90_U2WPB0	AT159809	50.8	61	28	1	1	59	1	61	1.18e-13	59.7
UniRef90_U2WPB0	AT159813	50.8	61	28	1	1	59	1	61	1.18e-13	59.7
UniRef90_U7SFS5	AT53356	50.6	81	37	3	5	83	5	84	1.33e-22	83.2
UniRef90_U7SFS5	AT74248	48.1	81	39	3	5	83	5	84	1.54e-21	80.5
UniRef90_U7SFS5	AT293696	50.6	81	37	3	5	83	5	84	4.41e-21	79.3
UniRef90_U7SFS5	AT24802	49.4	81	38	3	5	83	5	84	6.26e-21	79.0
UniRef90_U7SFS5	AT111669	49.4	81	38	3	5	83	5	84	6.26e-21	79.0
UniRef90_U7SFS5	AT170341	49.4	81	38	3	5	83	5	84	6.26e-21	79.0
UniRef90_U7SFS5	AT285557	49.4	81	38	3	5	83	5	84	6.26e-21	79.0
UniRef90_U7SFS5	AT149867	46.3	82	41	2	5	84	5	85	9.12e-21	78.6
UniRef90_U7SFS5	AT293674	50.6	81	37	2	5	83	5	84	9.12e-21	78.6
UniRef90_U7SFS5	AT150136	48.1	81	39	3	5	83	5	84	1.26e-20	78.2
UniRef90_U7SFS5	AT52398	50.6	81	37	2	5	83	5	84	1.79e-20	77.8
UniRef90_U7SFS5	AT109981	48.1	81	39	3	5	83	5	84	5.11e-20	76.6
UniRef90_U7SFS5	AT191799	44.4	81	42	2	5	83	5	84	5.53e-20	76.6
UniRef90_U7SFS5	AT56303	46.9	81	40	3	5	83	5	84	7.25e-20	76.3
UniRef90_U7SFS5	AT150138	46.9	81	40	3	5	83	5	84	7.25e-20	76.3
UniRef90_U7SFS5	AT150142	46.9	81	40	3	5	83	5	84	7.25e-20	76.3
UniRef90_U7SFS5	AT155827	45.7	81	41	3	5	83	5	84	7.25e-20	76.3
UniRef90_U7SFS5	AT120845	50.6	81	37	3	5	83	5	84	1.03e-19	75.9
UniRef90_U7SFS5	AT120646	49.4	81	38	3	5	83	5	84	2.94e-19	74.7
UniRef90_U7SFS5	AT294773	48.2	85	41	3	1	83	1	84	8.40e-19	73.6
UniRef90_U7SFS5	AT199514	46.9	81	40	3	5	83	5	84	1.19e-18	73.2
UniRef90_U7SFS5	AT254895	43.2	81	43	2	5	83	5	84	4.83e-18	71.6
UniRef90_U7SFS5	AT191803	43.2	81	43	3	5	83	5	84	8.54e-17	68.6
UniRef90_U7SFS5	AT147326	49.3	71	33	3	9	77	9	78	2.24e-15	64.7
UniRef90_U7SFS5	AT116290	44.3	79	41	3	7	83	7	84	5.00e-13	58.9
UniRef90_U7U079	AT31790	33.2	211	122	10	47	247	14	215	2.68e-13	68.9
UniRef90_U7U079	AT177581	33.2	211	122	10	47	247	14	215	2.68e-13	68.9
UniRef90_U7U079	AT29131	33.2	211	122	10	47	247	14	215	3.64e-13	68.6
UniRef90_U7U079	AT288694	33.2	211	122	10	47	247	14	215	3.64e-13	68.6
UniRef90_X8H4C0	AT58456	97.7	44	1	0	1	44	1	44	2.47e-22	81.3
UniRef90_X8H4C0	AT268485	97.7	44	1	0	1	44	1	44	2.47e-22	81.3
UniRef90_X8H4C0	AT272324	97.7	44	1	0	1	44	1	44	2.47e-22	81.3
