UniRef90_A0A0E2E7S9	T284941	50.0	60	29	1	1	59	1	60	5.85e-13	57.4
UniRef90_A0A0E2E7S9	T296976	46.8	62	30	2	1	59	3	64	3.04e-11	53.1
UniRef90_A0A0E2E7S9	T30368	47.5	59	29	2	1	58	1	58	2.43e-10	50.8
UniRef90_A0A0E2E7S9	T59930	47.5	59	29	2	1	58	1	58	2.43e-10	50.8
UniRef90_A0A0E2E7S9	T266075	47.5	59	29	2	1	58	1	58	2.43e-10	50.8
UniRef90_A0A0E2E7S9	T217218	40.0	60	35	1	1	59	1	60	6.50e-10	49.7
UniRef90_A0A0E2E7S9	T86686	40.0	60	35	1	1	59	1	60	9.17e-10	49.7
UniRef90_A0A0E2E7S9	T225027	40.0	60	35	1	1	59	1	60	9.17e-10	49.7
UniRef90_A0A0E2E7S9	T249114	40.0	60	35	1	1	59	1	60	9.17e-10	49.7
UniRef90_A0A0E2E7S9	T49260	45.8	59	30	2	1	58	1	58	9.89e-10	49.3
UniRef90_A0A0E2E7S9	T261875	39.7	58	34	1	3	59	3	60	1.80e-09	48.9
UniRef90_A0A0E2E7S9	T21579	38.3	60	36	1	1	59	1	60	2.64e-09	48.1
UniRef90_A0A0E2E7S9	T186640	44.3	61	30	2	1	59	3	61	2.70e-09	48.1
UniRef90_A0A0E2E7S9	T70693	40.0	60	35	1	1	59	1	60	5.26e-09	47.8
UniRef90_A0A0E2E7S9	T178906	38.3	60	36	1	1	59	1	60	5.32e-09	47.4
UniRef90_A0A0E2E7S9	T194905	38.3	60	36	1	1	59	1	60	5.32e-09	47.4
UniRef90_A0A0E2E7S9	T272885	41.9	62	31	3	1	59	1	60	5.32e-09	47.4
UniRef90_A0A0E2E7S9	T281124	41.9	62	31	3	1	59	1	60	5.32e-09	47.4
UniRef90_A0A0E2E7S9	T246508	44.3	61	30	2	1	59	3	61	5.45e-09	47.4
UniRef90_A0A0E2E7S9	T115748	36.7	60	37	1	1	59	1	60	7.56e-09	47.0
UniRef90_A0A0E2E7S9	T115757	36.7	60	37	1	1	59	1	60	7.56e-09	47.0
UniRef90_A0A0E2E7S9	T224955	36.7	60	37	1	1	59	1	60	7.56e-09	47.0
UniRef90_A0A0E2E7S9	T225051	36.7	60	37	1	1	59	1	60	7.56e-09	47.0
UniRef90_A0A0E2E7S9	T206636	38.3	60	36	1	1	59	1	60	1.07e-08	46.6
UniRef90_A0A0E2E7S9	T206639	38.3	60	36	1	1	59	1	60	1.07e-08	46.6
UniRef90_A0A0K2JBV7	T56448	100	85	0	0	1	85	1	85	5.16e-61	180
UniRef90_A0A0K2JBV7	T60431	97.6	85	2	0	1	85	1	85	1.73e-59	176
UniRef90_A0A0K2JBV7	T33154	95.3	85	4	0	1	85	1	85	7.07e-59	175
UniRef90_A0A0K2JBV7	T33171	87.1	85	11	0	1	85	1	85	1.82e-52	159
UniRef90_A0A0K2JBV7	T197660	87.1	85	11	0	1	85	1	85	7.41e-52	157
UniRef90_A0A0K2JBV7	T64987	84.7	85	13	0	1	85	1	85	1.50e-51	156
UniRef90_A0A0K2JBV7	T33144	76.2	84	20	0	1	84	1	84	9.84e-50	152
UniRef90_A0A0K2JBV7	T24238	76.5	85	20	0	1	85	1	85	2.91e-49	150
UniRef90_A0A0K2JBV7	T33178	76.5	85	20	0	1	85	1	85	2.91e-49	150
UniRef90_A0A0K2JBV7	T33148	75.3	85	21	0	1	85	1	85	6.87e-48	147
UniRef90_A0A0K2JBV7	T33159	75.3	85	21	0	1	85	1	85	3.98e-47	145
UniRef90_A0A0K2JBV7	T33173	74.1	85	22	0	1	85	1	85	9.39e-46	142
UniRef90_A0A0K2JBV7	T33167	71.8	85	24	0	1	85	1	85	7.73e-45	139
UniRef90_A0A0K2JBV7	T272566	69.4	85	26	0	1	85	1	85	1.56e-44	139
UniRef90_A0A0K2JBV7	T271313	68.2	85	27	0	1	85	1	85	2.59e-43	135
UniRef90_A0A0K2JBV7	T46024	65.9	85	29	0	1	85	1	85	7.14e-41	129
UniRef90_A0A0K2JBV7	T29507	66.7	84	28	0	1	84	1	84	1.40e-40	129
UniRef90_A0A0K2JBV7	T46021	66.7	84	28	0	1	84	1	84	1.40e-40	129
UniRef90_A0A0K2JBV7	T57048	66.7	84	28	0	1	84	1	84	1.40e-40	129
UniRef90_A0A0K2JBV7	T57053	66.7	84	28	0	1	84	1	84	1.40e-40	129
UniRef90_A0A0K2JBV7	T195285	66.7	84	28	0	1	84	1	84	1.40e-40	129
UniRef90_A0A0K2JBV7	T195287	66.7	84	28	0	1	84	1	84	1.40e-40	129
UniRef90_A0A0K2JBV7	T271311	64.7	85	30	0	1	85	1	85	1.44e-40	129
UniRef90_A0A0K2JBV7	T88493	64.7	85	30	0	1	85	1	85	1.77e-40	129
UniRef90_A0A0K2JBV7	T207014	63.1	84	31	0	1	84	1	84	1.22e-39	126
UniRef90_A0A1Z4BN40	T109924	47.1	68	33	2	28	95	23	87	3.33e-12	57.8
UniRef90_A0A1Z4BN40	T110886	45.6	68	34	2	28	95	23	87	3.33e-12	57.8
UniRef90_A0A1Z4BN40	T110893	45.6	68	34	2	28	95	23	87	3.33e-12	57.8
UniRef90_A0A1Z4BN40	T110903	45.6	68	34	2	28	95	23	87	3.33e-12	57.8
UniRef90_A0A1Z4BN40	T110906	45.6	68	34	2	28	95	23	87	3.33e-12	57.8
UniRef90_A0A1Z4BN40	T110919	45.6	68	34	2	28	95	23	87	3.33e-12	57.8
UniRef90_A0A1Z4BN40	T111587	47.1	68	33	2	28	95	23	87	3.33e-12	57.8
UniRef90_A0A1Z4BN40	T127849	45.6	68	34	2	28	95	23	87	3.33e-12	57.8
UniRef90_A0A1Z4BN40	T138325	47.1	68	33	2	28	95	23	87	3.33e-12	57.8
UniRef90_A0A1Z4BN40	T138326	47.1	68	33	2	28	95	23	87	3.33e-12	57.8
UniRef90_A0A1Z4BN40	T138327	47.1	68	33	2	28	95	23	87	3.33e-12	57.8
UniRef90_A0A1Z4BN40	T149870	47.1	68	33	2	28	95	23	87	3.33e-12	57.8
UniRef90_A0A1Z4BN40	T210113	47.1	68	33	2	28	95	23	87	3.33e-12	57.8
UniRef90_A0A1Z4BN40	T101461	47.0	66	32	2	30	95	25	87	6.68e-12	57.0
UniRef90_A0A1Z4BN40	T39728	45.6	68	34	2	28	95	23	87	9.45e-12	56.6
UniRef90_A0A1Z4BN40	T76527	45.6	68	34	2	28	95	23	87	9.45e-12	56.6
UniRef90_A0A1Z4BN40	T93357	45.6	68	34	2	28	95	23	87	9.45e-12	56.6
UniRef90_A0A1Z4BN40	T95302	45.6	68	34	2	28	95	23	87	9.45e-12	56.6
UniRef90_A0A1Z4BN40	T114237	45.6	68	34	2	28	95	23	87	9.45e-12	56.6
UniRef90_A0A1Z4BN40	T135888	45.6	68	34	2	28	95	23	87	9.45e-12	56.6
UniRef90_A0A1Z4BN40	T140802	45.6	68	34	2	28	95	23	87	9.45e-12	56.6
UniRef90_A0A1Z4BN40	T141257	45.6	68	34	2	28	95	23	87	9.45e-12	56.6
UniRef90_A0A1Z4BN40	T168753	45.6	68	34	2	28	95	23	87	9.45e-12	56.6
UniRef90_A0A1Z4BN40	T225335	45.6	68	34	2	28	95	23	87	9.45e-12	56.6
UniRef90_A0A1Z4BN40	T276323	45.6	68	34	2	28	95	23	87	9.45e-12	56.6
UniRef90_A0A2N6TLH8	T296976	67.2	64	20	1	1	63	1	64	1.38e-24	87.0
UniRef90_A0A2N6TLH8	T240829	61.9	63	24	0	1	63	1	63	6.57e-23	82.8
UniRef90_A0A2N6TLH8	T293811	65.1	63	21	1	1	63	1	62	6.00e-21	77.8
UniRef90_A0A2N6TLH8	T29874	61.9	63	22	2	1	63	1	61	2.79e-19	73.6
UniRef90_A0A2N6TLH8	T186640	55.6	63	26	1	1	63	1	61	4.44e-16	65.5
UniRef90_A0A2N6TLH8	T246508	55.6	63	26	1	1	63	1	61	4.44e-16	65.5
UniRef90_A0A2N6TLH8	T25577	47.6	63	31	2	1	62	1	62	5.07e-13	57.8
UniRef90_A0A2N6TLH8	T183824	47.6	63	31	2	1	62	1	62	5.07e-13	57.8
UniRef90_A0A2N6TLH8	T62610	46.0	63	32	2	1	62	1	62	1.05e-12	57.0
UniRef90_A0A2N6TLH8	T183254	46.0	63	32	2	1	62	1	62	1.45e-12	56.6
UniRef90_A0A2N6TLH8	T127145	50.0	64	28	3	1	63	1	61	8.18e-12	54.7
UniRef90_A0A2N6TLH8	T127209	50.0	64	28	3	1	63	1	61	8.18e-12	54.7
UniRef90_A0A2N6TLH8	T286802	50.0	64	28	3	1	63	1	61	8.18e-12	54.7
UniRef90_A0A2N6TLH8	T288075	50.0	64	28	3	1	63	1	61	8.18e-12	54.7
UniRef90_A0A2N6TLH8	T288086	50.0	64	28	3	1	63	1	61	8.18e-12	54.7
UniRef90_A0A2N6TLH8	T288095	50.0	64	28	3	1	63	1	61	8.18e-12	54.7
UniRef90_A0A2N6TLH8	T89375	46.0	63	32	2	1	62	1	62	8.57e-12	54.7
UniRef90_A0A2N6TLH8	T182602	46.0	63	32	2	1	62	1	62	8.57e-12	54.7
UniRef90_A0A2N6TLH8	T196740	46.0	63	32	2	1	62	1	62	8.57e-12	54.7
UniRef90_A0A2N6TLH8	T279293	49.2	63	28	3	1	62	1	60	8.57e-12	54.7
UniRef90_A0A2N6TLH8	T31302	50.8	63	28	2	1	63	1	60	1.61e-11	53.9
UniRef90_A0A2N6TLH8	T79128	50.8	63	28	2	1	63	1	60	1.61e-11	53.9
UniRef90_A0A2N6TLH8	T123932	50.8	63	28	2	1	63	1	60	1.61e-11	53.9
UniRef90_A0A2N6TLH8	T261921	50.8	63	28	2	1	63	1	60	1.61e-11	53.9
UniRef90_A0A2N6TLH8	T267581	50.8	63	28	2	1	63	1	60	1.61e-11	53.9
UniRef90_A0A2X0VS23	T144000	95.4	87	4	0	1	87	1	87	7.51e-64	187
UniRef90_A0A2X0VS23	T124739	70.5	88	24	1	2	87	1	88	2.43e-49	151
UniRef90_A0A2X0VS23	T293412	70.5	88	24	1	2	87	1	88	6.98e-49	150
UniRef90_A0A2X0VS23	T168966	63.5	85	31	0	2	86	1	85	5.00e-44	137
UniRef90_A0A2X0VS23	T79713	64.7	85	30	0	2	86	1	85	1.43e-43	136
UniRef90_A0A2X0VS23	T149368	62.8	86	32	0	2	87	1	86	5.85e-43	135
UniRef90_A0A2X0VS23	T241898	61.6	86	33	0	2	87	1	86	5.85e-43	135
UniRef90_A0A2X0VS23	T266066	63.9	83	30	0	4	86	3	85	8.07e-43	134
UniRef90_A0A2X0VS23	T288025	60.5	86	34	0	2	87	1	86	1.18e-42	134
UniRef90_A0A2X0VS23	T81278	60.5	86	34	0	2	87	1	86	2.38e-42	133
UniRef90_A0A2X0VS23	T190119	61.6	86	33	0	2	87	1	86	2.38e-42	133
UniRef90_A0A2X0VS23	T183871	62.8	86	32	0	2	87	4	89	2.60e-42	133
UniRef90_A0A2X0VS23	T126141	62.8	86	32	0	2	87	1	86	3.38e-42	133
UniRef90_A0A2X0VS23	T183290	62.8	86	32	0	2	87	4	89	3.70e-42	133
UniRef90_A0A2X0VS23	T117612	60.0	85	34	0	2	86	1	85	4.81e-42	132
UniRef90_A0A2X0VS23	T68618	61.6	86	33	0	2	87	1	86	6.83e-42	132
UniRef90_A0A2X0VS23	T266025	63.1	84	31	0	4	87	3	86	6.83e-42	132
UniRef90_A0A2X0VS23	T201545	60.5	86	34	0	2	87	1	86	9.70e-42	132
UniRef90_A0A2X0VS23	T212266	60.5	86	34	0	2	87	1	86	9.70e-42	132
UniRef90_A0A2X0VS23	T25246	62.7	83	31	0	4	86	3	85	1.34e-41	131
UniRef90_A0A2X0VS23	T28048	60.5	86	34	0	2	87	1	86	1.38e-41	131
UniRef90_A0A2X0VS23	T124743	60.5	86	34	0	2	87	1	86	1.38e-41	131
UniRef90_A0A2X0VS23	T127730	58.1	86	36	0	2	87	1	86	1.38e-41	131
UniRef90_A0A2X0VS23	T172164	60.5	86	34	0	2	87	1	86	1.38e-41	131
UniRef90_A0A2X0VS23	T197678	60.5	86	34	0	2	87	1	86	1.38e-41	131
UniRef90_A0A355YQE4	T60430	66.3	80	27	0	5	84	5	84	6.66e-37	119
UniRef90_A0A355YQE4	T33153	66.3	80	27	0	5	84	5	84	5.47e-36	117
UniRef90_A0A355YQE4	T272269	60.5	86	33	1	1	86	2	86	5.56e-34	112
UniRef90_A0A355YQE4	T226531	59.3	86	34	1	1	86	2	86	4.56e-33	110
UniRef90_A0A355YQE4	T29939	59.3	86	34	1	1	86	2	86	6.48e-33	109
UniRef90_A0A355YQE4	T88492	59.3	86	34	1	1	86	2	86	6.48e-33	109
UniRef90_A0A355YQE4	T288691	59.3	86	34	1	1	86	2	86	6.48e-33	109
UniRef90_A0A355YQE4	T46023	59.3	86	34	1	1	86	2	86	1.31e-32	108
UniRef90_A0A355YQE4	T183784	59.3	86	34	1	1	86	2	86	1.31e-32	108
UniRef90_A0A355YQE4	T268484	59.3	86	34	1	1	86	2	86	1.31e-32	108
UniRef90_A0A355YQE4	T57052	58.1	86	35	1	1	86	2	86	1.86e-32	108
UniRef90_A0A355YQE4	T88353	58.1	86	35	1	1	86	2	86	1.86e-32	108
UniRef90_A0A355YQE4	T88491	58.1	86	35	1	1	86	2	86	1.86e-32	108
UniRef90_A0A355YQE4	T100452	58.1	86	35	1	1	86	2	86	1.86e-32	108
UniRef90_A0A355YQE4	T250545	59.3	86	34	1	1	86	2	86	1.86e-32	108
UniRef90_A0A355YQE4	T285605	59.3	86	34	1	1	86	2	86	1.86e-32	108
UniRef90_A0A355YQE4	T88358	58.1	86	35	1	1	86	2	86	2.64e-32	108
UniRef90_A0A355YQE4	T88363	58.1	86	35	1	1	86	2	86	2.64e-32	108
UniRef90_A0A355YQE4	T272323	59.5	84	33	1	3	86	4	86	1.07e-31	106
UniRef90_A0A355YQE4	T186644	58.1	86	35	1	1	86	2	86	2.16e-31	105
UniRef90_A0A355YQE4	T293692	56.3	80	34	1	5	84	5	83	1.78e-30	103
UniRef90_A0A355YQE4	T181904	60.5	81	29	2	7	85	7	86	8.65e-29	99.4
UniRef90_A0A355YQE4	T21693	53.5	86	37	3	3	86	3	87	1.26e-28	99.0
UniRef90_A0A355YQE4	T88361	62.3	69	26	0	1	69	2	70	2.59e-28	97.8
UniRef90_A0A355YQE4	T88352	60.9	69	27	0	1	69	2	70	1.05e-27	96.3
UniRef90_A0A381E0P8	T86720	31.6	512	289	12	35	515	10491	10972	2.14e-63	226
UniRef90_A0A381E0P8	T86721	31.6	512	289	12	35	515	10491	10972	2.14e-63	226
UniRef90_A0A381E0P8	T86722	31.6	512	289	12	35	515	10491	10972	2.14e-63	226
UniRef90_A0A381E0P8	T86723	31.6	512	289	12	35	515	10491	10972	2.14e-63	226
UniRef90_C4GMG9	T148585	37.0	189	93	5	106	269	232	419	1.92e-28	115
UniRef90_C4GMG9	T148562	37.0	189	93	5	106	269	237	424	2.01e-28	115
UniRef90_C4GMG9	T148583	37.0	189	93	5	106	269	237	424	2.01e-28	115
UniRef90_C4GMG9	T148574	36.7	188	95	4	106	269	239	426	2.82e-28	114
UniRef90_C4GMG9	T21949	35.8	190	95	5	106	269	232	420	1.78e-27	112
UniRef90_C4GMG9	T22490	35.9	192	96	5	104	269	230	420	4.57e-27	111
UniRef90_C4GMG9	T117250	32.2	227	125	5	103	306	229	449	1.10e-26	110
UniRef90_C4GMG9	T148545	35.0	183	98	4	108	269	237	419	1.96e-25	106
UniRef90_C4GMG9	T148575	34.4	183	99	4	108	269	237	419	1.96e-25	106
UniRef90_C4GMG9	T148540	34.3	201	109	5	108	285	237	437	2.68e-25	106
UniRef90_C4GMG9	T45238	33.9	183	100	3	108	269	237	419	3.66e-25	105
UniRef90_C4GMG9	T45239	34.4	183	99	4	108	269	237	419	3.66e-25	105
UniRef90_C4GMG9	T148579	33.9	183	100	4	108	269	237	419	5.00e-25	105
UniRef90_C4GMG9	T148581	33.9	183	100	4	108	269	237	419	6.83e-25	105
UniRef90_C4GMG9	T45727	34.4	183	99	4	108	269	237	419	9.32e-25	104
UniRef90_C4GMG9	T21311	34.4	189	99	4	106	269	232	420	9.39e-25	104
UniRef90_C4GMG9	T148548	33.9	183	100	4	108	269	237	419	1.27e-24	104
UniRef90_C4GMG9	T148578	34.4	183	99	4	108	269	237	419	1.74e-24	103
UniRef90_C4GMG9	T21300	34.4	183	99	4	108	269	237	419	2.37e-24	103
UniRef90_C4GMG9	T148577	33.9	183	100	4	108	269	237	419	6.02e-24	102
UniRef90_C7M709	T65806	37.2	156	96	2	6	161	3	156	5.39e-20	84.0
UniRef90_C7M709	T117611	34.6	159	96	3	6	161	3	156	4.19e-18	79.0
UniRef90_C7M709	T150044	31.3	166	112	2	5	170	4	167	1.17e-17	77.8
UniRef90_C7M709	T150046	31.3	166	112	2	5	170	4	167	1.17e-17	77.8
UniRef90_C7M709	T48404	32.9	167	107	5	6	170	3	166	2.43e-17	77.0
UniRef90_C7M709	T194508	32.9	167	107	5	6	170	3	166	3.39e-17	76.6
UniRef90_C7M709	T263831	32.3	167	108	5	6	170	3	166	6.61e-17	75.9
UniRef90_C7M709	T28240	36.1	133	83	2	5	137	3	133	3.19e-16	73.9
UniRef90_C7M709	T235696	33.8	148	90	3	6	153	3	142	6.69e-16	73.2
UniRef90_C7NBL7	T25285	34.5	87	52	3	5	90	2	84	1.23e-09	50.8
UniRef90_C7NBL7	T101046	37.3	67	41	1	25	90	24	90	1.20e-08	48.5
UniRef90_C7NBL7	T145334	35.8	67	42	1	25	90	24	90	3.37e-08	47.4
UniRef90_C7NBL7	T203464	37.3	67	41	1	25	90	24	90	4.76e-08	47.0
UniRef90_C7NBL7	T112172	39.6	48	29	0	43	90	43	90	2.66e-07	45.1
UniRef90_C7NBL7	T204492	31.3	67	45	1	25	90	24	90	5.30e-07	44.3
UniRef90_C7NBL7	T252445	31.3	67	45	1	25	90	24	90	5.30e-07	44.3
UniRef90_C7NBL7	T252446	31.3	67	45	1	25	90	24	90	5.30e-07	44.3
UniRef90_C7NBL7	T247748	39.6	48	29	0	43	90	43	90	7.33e-07	43.9
UniRef90_C7NBL7	T75145	37.5	48	30	0	43	90	43	90	2.05e-06	42.7
UniRef90_C7NBL7	T169314	37.5	48	30	0	43	90	43	90	2.05e-06	42.7
UniRef90_C7NBL7	T110864	38.8	49	29	1	43	90	43	91	2.14e-06	42.7
UniRef90_C7NBL7	T90247	40.0	45	27	0	46	90	46	90	2.89e-06	42.4
UniRef90_C7NBL7	T28217	27.6	87	58	2	4	89	2	84	3.85e-06	42.0
UniRef90_C7NBL7	T37754	31.3	67	45	1	25	90	24	90	4.08e-06	42.0
UniRef90_C7NBL7	T264935	37.5	48	30	0	43	90	43	90	4.08e-06	42.0
UniRef90_C7NBL7	T201546	27.6	87	58	2	4	89	2	84	1.40e-05	40.4
UniRef90_C7NBL7	T212265	27.6	87	58	2	4	89	2	84	1.40e-05	40.4
UniRef90_C7NBL7	T66476	35.4	48	31	0	43	90	43	90	2.30e-05	40.0
UniRef90_C7NBL7	T85911	35.4	48	31	0	43	90	43	90	2.30e-05	40.0
UniRef90_C7NBL7	T197544	35.4	48	31	0	43	90	43	90	2.30e-05	40.0
UniRef90_C7NBL7	T105228	38.6	44	25	1	46	89	42	83	3.00e-04	37.0
UniRef90_C7NBL7	T273314	28.7	87	57	2	4	89	2	84	3.06e-04	37.0
UniRef90_C7NBL7	T268638	30.3	89	55	5	4	90	2	85	4.30e-04	36.6
UniRef90_C7NBL7	T79715	28.9	90	57	3	3	90	2	86	6.49e-04	36.2
UniRef90_C7NBR1	T24240	100	90	0	0	1	90	1	90	2.29e-64	189
UniRef90_C7NBR1	T24239	96.7	90	3	0	1	90	1	90	1.82e-61	182
UniRef90_C7NBR1	T33166	96.7	90	3	0	1	90	1	90	1.82e-61	182
UniRef90_C7NBR1	T33172	94.4	90	5	0	1	90	1	90	1.75e-59	177
UniRef90_C7NBR1	T29418	72.2	90	25	0	1	90	1	90	1.83e-43	136
UniRef90_C7NBR1	T160086	73.3	90	24	0	1	90	1	90	1.06e-42	134
UniRef90_C7NBR1	T21502	67.8	90	29	0	1	90	1	90	2.49e-41	131
UniRef90_C7NBR1	T21695	68.9	90	28	0	1	90	1	90	3.54e-41	130
UniRef90_C7NBR1	T46022	68.9	90	28	0	1	90	1	90	5.02e-41	130
UniRef90_C7NBR1	T57051	68.9	90	28	0	1	90	1	90	5.02e-41	130
UniRef90_C7NBR1	T37698	65.6	90	31	0	1	90	1	90	1.18e-39	127
UniRef90_C7NBR1	T125873	63.3	90	33	0	1	90	1	90	3.39e-39	125
UniRef90_C7NBR1	T253418	63.3	90	33	0	1	90	1	90	4.82e-39	125
UniRef90_C7NBR1	T241309	61.1	90	35	0	1	90	1	90	1.96e-38	124
UniRef90_C7NBR1	T64986	68.5	89	28	0	2	90	3	91	2.02e-38	124
UniRef90_C7NBR1	T100449	65.6	90	31	0	1	90	1	90	9.32e-37	119
UniRef90_C7NBR1	T26245	63.7	91	32	1	1	90	1	91	9.59e-37	119
UniRef90_C7NBR1	T100448	65.6	90	31	0	1	90	1	90	1.32e-36	119
UniRef90_C7NBR1	T100453	61.1	90	35	0	1	90	1	90	1.88e-36	119
UniRef90_C7NBR1	T272271	62.2	90	34	0	1	90	1	90	3.79e-36	118
UniRef90_C7NBR1	T205947	60.0	90	36	0	1	90	1	90	1.15e-35	117
UniRef90_C7NBR1	T88356	61.1	90	35	0	1	90	1	90	1.54e-35	116
UniRef90_C7NBR1	T40439	60.0	90	36	0	1	90	1	90	9.18e-35	114
UniRef90_C7NBR1	T40434	58.9	90	37	0	1	90	1	90	2.63e-34	113
UniRef90_C7NBR1	T119115	58.6	87	36	0	4	90	6	92	2.87e-34	113
UniRef90_C8NBJ1	T86720	31.3	524	321	11	9	504	10456	10968	3.22e-61	219
UniRef90_C8NBJ1	T86721	31.3	524	321	11	9	504	10456	10968	3.22e-61	219
UniRef90_C8NBJ1	T86722	31.3	524	321	11	9	504	10456	10968	3.22e-61	219
UniRef90_C8NBJ1	T86723	31.3	524	321	11	9	504	10456	10968	3.22e-61	219
UniRef90_C8NCU5	T86720	31.6	507	314	14	39	529	10495	10984	1.20e-63	226
UniRef90_C8NCU5	T86721	31.6	507	314	14	39	529	10495	10984	1.20e-63	226
UniRef90_C8NCU5	T86722	31.6	507	314	14	39	529	10495	10984	1.20e-63	226
UniRef90_C8NCU5	T86723	31.6	507	314	14	39	529	10495	10984	1.20e-63	226
UniRef90_C9N051	T86720	42.9	198	110	2	23	218	10479	10675	9.32e-47	166
UniRef90_C9N051	T86721	42.9	198	110	2	23	218	10479	10675	9.32e-47	166
UniRef90_C9N051	T86722	42.9	198	110	2	23	218	10479	10675	9.32e-47	166
UniRef90_C9N051	T86723	42.9	198	110	2	23	218	10479	10675	9.32e-47	166
UniRef90_C9N0Q0	T36357	31.7	101	65	3	265	364	79	176	5.68e-06	48.1
UniRef90_C9N0Q0	T30287	45.2	42	22	1	323	364	110	150	9.23e-04	41.2
UniRef90_C9N0Q0	T227827	45.2	42	22	1	323	364	110	150	9.23e-04	41.2
UniRef90_C9N0Q0	T227837	45.2	42	22	1	323	364	110	150	9.23e-04	41.2
UniRef90_D3IF56	T86060	47.7	65	34	0	20	84	52	116	2.46e-13	61.6
UniRef90_D3IF56	T79116	45.9	61	33	0	24	84	51	111	6.49e-12	57.8
UniRef90_D3IF56	T149451	45.9	61	33	0	24	84	51	111	6.49e-12	57.8
UniRef90_D3IF56	T239879	45.9	61	33	0	24	84	51	111	6.49e-12	57.8
UniRef90_D3IF56	T22886	50.9	55	26	1	32	86	28	81	3.63e-11	55.1
UniRef90_D3IF56	T144264	40.3	62	37	0	18	79	40	101	1.75e-09	51.2
UniRef90_D3IF56	T159594	47.3	55	29	0	32	86	57	111	2.06e-09	51.2
UniRef90_D3IF56	T247353	43.4	53	30	0	31	83	54	106	2.23e-08	48.5
UniRef90_D3IF56	T200030	37.1	62	39	0	18	79	41	102	3.93e-08	47.8
UniRef90_D3IF56	T27906	47.2	53	28	0	31	83	52	104	4.09e-08	47.8
UniRef90_D3IF56	T85979	40.3	62	37	0	18	79	40	101	5.43e-08	47.4
UniRef90_D3IF56	T136744	41.0	61	36	0	18	78	40	100	5.43e-08	47.4
UniRef90_D3IF56	T274478	40.3	62	37	0	18	79	40	101	5.43e-08	47.4
UniRef90_D3IF56	T58595	41.5	53	31	0	31	83	55	107	6.09e-08	47.4
UniRef90_D3IF56	T245702	45.3	53	29	0	31	83	41	93	6.52e-08	47.0
UniRef90_D3IF56	T64618	41.0	61	36	0	18	78	40	100	7.65e-08	47.0
UniRef90_D3IF56	T212221	37.9	66	41	0	18	83	40	105	7.65e-08	47.0
UniRef90_D3IF56	T104516	41.5	53	31	0	31	83	55	107	1.21e-07	46.6
UniRef90_D3IF56	T197009	41.5	53	31	0	31	83	55	107	1.21e-07	46.6
UniRef90_D3IF56	T106950	43.6	55	31	0	25	79	47	101	1.52e-07	46.2
UniRef90_D3IF56	T22783	41.5	53	31	0	31	83	55	107	1.70e-07	46.2
UniRef90_D3IF56	T134964	41.5	53	31	0	31	83	55	107	1.70e-07	46.2
UniRef90_D3IF56	T61711	45.0	60	29	1	24	83	56	111	1.89e-07	46.2
UniRef90_D3IF56	T106956	41.8	55	32	0	25	79	47	101	4.23e-07	45.1
UniRef90_D3IF56	T89305	43.1	51	29	0	31	81	52	102	4.47e-07	45.1
UniRef90_E4MSG5	T250915	21.7	276	157	8	8	249	25	275	1.29e-06	49.3
UniRef90_E4MTA6	T117250	35.6	180	96	4	107	266	231	410	6.50e-27	110
UniRef90_E4MTA6	T21949	33.9	183	97	4	107	266	239	420	6.97e-27	110
UniRef90_E4MTA6	T148585	36.0	161	84	2	125	266	259	419	9.47e-27	110
UniRef90_E4MTA6	T22490	33.9	183	97	4	107	266	239	420	9.55e-27	110
UniRef90_E4MTA6	T148562	36.0	161	84	2	125	266	264	424	9.87e-27	110
UniRef90_E4MTA6	T148583	36.0	161	84	2	125	266	264	424	9.87e-27	110
UniRef90_E4MTA6	T148574	35.4	161	85	2	125	266	266	426	1.37e-26	109
UniRef90_E4MTA6	T21311	32.4	182	101	3	107	266	239	420	6.30e-26	107
UniRef90_E4MTA6	T148575	34.4	180	96	5	126	285	260	437	2.19e-25	106
UniRef90_E4MTA6	T148579	36.6	161	81	4	126	266	260	419	3.00e-25	105
UniRef90_E4MTA6	T45238	33.5	179	99	4	126	285	260	437	4.10e-25	105
UniRef90_E4MTA6	T45727	33.9	180	97	5	126	285	260	437	5.60e-25	105
UniRef90_E4MTA6	T45239	36.0	161	82	4	126	266	260	419	1.05e-24	104
UniRef90_E4MTA6	T148545	32.4	179	101	4	126	285	260	437	1.05e-24	104
UniRef90_E4MTA6	T148577	33.9	180	97	5	126	285	260	437	1.05e-24	104
UniRef90_E4MTA6	T148548	32.4	179	101	4	126	285	260	437	1.95e-24	103
UniRef90_E4MTA6	T148581	32.4	179	101	4	126	285	260	437	1.95e-24	103
UniRef90_E4MTA6	T148578	33.3	180	98	5	126	285	260	437	2.67e-24	103
UniRef90_E4MTA6	T21300	33.3	180	98	5	126	285	260	437	6.78e-24	102
UniRef90_E4MTA6	T148540	35.4	161	83	4	126	266	260	419	6.78e-24	102
UniRef90_F0EUG5	T117250	33.7	205	111	6	124	305	231	433	3.58e-25	106
UniRef90_F0EUG5	T22490	33.5	185	99	4	122	283	237	420	1.79e-24	104
UniRef90_F0EUG5	T148545	30.7	231	129	6	84	283	189	419	3.29e-24	103
UniRef90_F0EUG5	T45238	31.7	230	126	7	85	283	190	419	4.48e-24	103
UniRef90_F0EUG5	T45239	29.4	310	173	12	15	283	115	419	4.48e-24	103
UniRef90_F0EUG5	T45727	32.8	183	102	4	122	283	237	419	2.08e-23	101
UniRef90_F0EUG5	T148540	32.8	183	102	4	122	283	237	419	2.83e-23	101
UniRef90_F0EUG5	T148575	32.8	183	102	4	122	283	237	419	3.84e-23	100
UniRef90_F0EUG5	T148577	32.8	183	102	4	122	283	237	419	3.84e-23	100
UniRef90_F0EUG5	T148579	33.3	183	101	4	122	283	237	419	3.84e-23	100
UniRef90_F0EUG5	T21300	32.8	183	102	4	122	283	237	419	7.08e-23	100
UniRef90_F3AZX4	T99796	57.6	85	35	1	1	84	1	85	2.07e-26	93.2
UniRef90_F3AZX4	T285543	50.0	84	42	0	1	84	1	84	1.35e-24	88.6
UniRef90_F3AZX4	T181885	52.4	84	40	0	1	84	1	84	6.37e-23	84.3
UniRef90_F3AZX4	T196794	52.4	84	40	0	1	84	1	84	6.37e-23	84.3
UniRef90_F3AZX4	T196795	51.2	84	41	0	1	84	1	84	9.04e-23	84.0
UniRef90_F3AZX4	T25583	49.4	79	40	0	1	79	1	79	1.34e-21	80.9
UniRef90_F3AZX4	T288327	51.2	84	40	1	1	84	1	83	5.89e-21	79.3
UniRef90_F3AZX4	T119860	50.0	84	41	1	1	84	1	83	3.39e-20	77.4
UniRef90_F3AZX4	T254853	50.0	84	41	1	1	84	1	83	3.39e-20	77.4
UniRef90_F3AZX4	T110905	39.8	83	46	2	1	82	1	80	1.04e-11	55.8
UniRef90_F3AZX4	T162227	39.8	83	46	2	1	82	1	80	1.04e-11	55.8
UniRef90_F3AZX4	T172832	39.8	83	46	2	1	82	1	80	1.04e-11	55.8
UniRef90_F3AZX4	T239947	39.8	83	46	2	1	82	1	80	1.04e-11	55.8
UniRef90_F3AZX4	T239954	39.8	83	46	2	1	82	1	80	1.04e-11	55.8
UniRef90_F3AZX4	T77830	46.7	60	32	0	1	60	1	60	1.97e-11	54.7
UniRef90_F3AZX4	T95251	41.0	83	45	2	1	82	1	80	2.95e-11	54.7
UniRef90_F3AZX4	T32966	38.6	83	47	2	1	82	1	80	8.38e-11	53.5
UniRef90_F3AZX4	T120671	38.6	83	47	2	1	82	1	80	8.38e-11	53.5
UniRef90_F3AZX4	T123556	38.6	83	47	2	1	82	1	80	8.38e-11	53.5
UniRef90_F3AZX4	T149868	38.6	83	47	2	1	82	1	80	8.38e-11	53.5
UniRef90_F3AZX4	T162223	38.6	83	47	2	1	82	1	80	8.38e-11	53.5
UniRef90_F3AZX4	T162226	38.6	83	47	2	1	82	1	80	8.38e-11	53.5
UniRef90_F3AZX4	T162231	38.6	83	47	2	1	82	1	80	8.38e-11	53.5
UniRef90_F3AZX4	T196877	38.6	83	47	2	1	82	1	80	8.38e-11	53.5
UniRef90_F3AZX4	T196893	38.6	83	47	2	1	82	1	80	8.38e-11	53.5
UniRef90_F5RPM2	T107936	64.5	62	21	1	1	62	1	61	1.02e-19	74.7
UniRef90_F5RPM2	T239878	64.5	62	21	1	1	62	1	61	1.02e-19	74.7
UniRef90_F5RPM2	T272564	62.9	62	22	1	1	62	1	61	4.16e-19	73.2
UniRef90_F5RPM2	T296976	58.7	63	25	1	1	62	1	63	7.08e-18	70.1
UniRef90_F5RPM2	T29874	56.5	62	25	2	1	62	1	60	2.56e-15	63.5
UniRef90_F5RPM2	T29903	47.6	63	29	3	1	62	1	60	1.16e-11	54.3
UniRef90_F5RPM2	T127145	47.6	63	29	3	1	62	1	60	1.16e-11	54.3
UniRef90_F5RPM2	T127209	47.6	63	29	3	1	62	1	60	1.16e-11	54.3
UniRef90_F5RPM2	T197139	47.6	63	29	3	1	62	1	60	1.16e-11	54.3
UniRef90_F5RPM2	T286802	47.6	63	29	3	1	62	1	60	1.16e-11	54.3
UniRef90_F5RPM2	T288058	47.6	63	29	3	1	62	1	60	1.16e-11	54.3
UniRef90_F5RPM2	T288064	47.6	63	29	3	1	62	1	60	1.16e-11	54.3
UniRef90_F5RPM2	T288075	47.6	63	29	3	1	62	1	60	1.16e-11	54.3
UniRef90_F5RPM2	T288086	47.6	63	29	3	1	62	1	60	1.16e-11	54.3
UniRef90_F5RPM2	T288095	47.6	63	29	3	1	62	1	60	1.16e-11	54.3
UniRef90_F5RPM2	T288120	47.6	63	29	3	1	62	1	60	1.16e-11	54.3
UniRef90_F5RPM2	T293242	47.6	63	29	3	1	62	1	60	1.16e-11	54.3
UniRef90_F5RPM2	T22641	43.8	64	32	2	1	63	1	61	4.72e-11	52.8
UniRef90_F5RPM2	T33126	46.0	63	30	3	1	62	1	60	6.70e-11	52.4
UniRef90_F5RPM2	T279293	47.6	63	29	3	1	62	1	60	7.02e-11	52.4
UniRef90_F5RPM2	T181670	43.5	62	32	2	1	62	1	59	1.08e-09	49.3
UniRef90_F5RPM2	T181852	43.5	62	32	2	1	62	1	59	1.08e-09	49.3
UniRef90_F5RPM2	T61887	46.0	63	31	2	1	63	1	60	1.53e-09	48.9
UniRef90_F5RPM2	T61889	46.0	63	31	2	1	63	1	60	1.53e-09	48.9
UniRef90_F5RPM2	T61891	46.0	63	31	2	1	63	1	60	1.53e-09	48.9
UniRef90_F9EQP2	T143707	50.6	87	40	2	5	90	1	85	7.29e-23	84.7
UniRef90_F9EQP2	T20479	48.2	85	43	1	4	88	5	88	4.28e-20	77.8
UniRef90_F9EQP2	T22387	48.2	85	43	1	4	88	5	88	4.28e-20	77.8
UniRef90_F9EQP2	T24422	48.2	85	43	1	4	88	5	88	4.28e-20	77.8
UniRef90_F9EQP2	T26634	48.2	85	43	1	4	88	5	88	4.28e-20	77.8
UniRef90_F9EQP2	T26693	48.2	85	43	1	4	88	5	88	4.28e-20	77.8
UniRef90_F9EQP2	T29057	48.2	85	43	1	4	88	5	88	4.28e-20	77.8
UniRef90_F9EQP2	T29072	48.2	85	43	1	4	88	5	88	4.28e-20	77.8
UniRef90_F9EQP2	T29087	48.2	85	43	1	4	88	5	88	4.28e-20	77.8
UniRef90_F9EQP2	T29102	48.2	85	43	1	4	88	5	88	4.28e-20	77.8
UniRef90_F9EQP2	T29117	48.2	85	43	1	4	88	5	88	4.28e-20	77.8
UniRef90_F9EQP2	T29208	48.2	85	43	1	4	88	5	88	4.28e-20	77.8
UniRef90_F9EQP2	T29223	48.2	85	43	1	4	88	5	88	4.28e-20	77.8
UniRef90_F9EQP2	T29238	48.2	85	43	1	4	88	5	88	4.28e-20	77.8
UniRef90_F9EQP2	T31085	48.2	85	43	1	4	88	5	88	4.28e-20	77.8
UniRef90_F9EQP2	T32580	48.2	85	43	1	4	88	5	88	4.28e-20	77.8
UniRef90_F9EQP2	T32604	48.2	85	43	1	4	88	5	88	4.28e-20	77.8
UniRef90_F9EQP2	T32709	48.2	85	43	1	4	88	5	88	4.28e-20	77.8
UniRef90_F9EQP2	T32731	48.2	85	43	1	4	88	5	88	4.28e-20	77.8
UniRef90_F9EQP2	T32753	48.2	85	43	1	4	88	5	88	4.28e-20	77.8
UniRef90_F9EQP2	T33312	48.2	85	43	1	4	88	5	88	4.28e-20	77.8
UniRef90_F9EQP2	T33331	48.2	85	43	1	4	88	5	88	4.28e-20	77.8
UniRef90_F9EQP2	T33353	48.2	85	43	1	4	88	5	88	4.28e-20	77.8
UniRef90_F9EQP2	T38078	48.2	85	43	1	4	88	5	88	4.28e-20	77.8
UniRef90_F9EQP2	T38532	48.2	85	43	1	4	88	5	88	4.28e-20	77.8
UniRef90_F9ERS6	T30817	41.5	41	22	1	26	66	8	46	1.08e-04	37.4
UniRef90_F9ERS6	T30822	41.5	41	22	1	26	66	8	46	1.08e-04	37.4
UniRef90_F9ERS6	T31718	41.5	41	22	1	26	66	8	46	1.08e-04	37.4
UniRef90_F9ERS6	T236071	41.5	41	22	1	26	66	8	46	1.08e-04	37.4
UniRef90_J4VPK9	T210161	46.8	62	31	1	288	347	1	62	4.95e-09	59.3
UniRef90_L1NWJ8	T148585	31.7	218	111	5	87	270	206	419	1.11e-27	112
UniRef90_L1NWJ8	T148562	31.7	218	111	5	87	270	211	424	1.16e-27	112
UniRef90_L1NWJ8	T148583	31.7	218	111	5	87	270	211	424	1.16e-27	112
UniRef90_L1NWJ8	T148574	31.2	218	112	5	87	270	213	426	4.16e-27	111
UniRef90_L1NWJ8	T21949	33.3	222	121	6	100	296	229	448	5.42e-27	110
UniRef90_L1NWJ8	T117250	36.1	180	95	4	111	270	231	410	1.78e-26	109
UniRef90_L1NWJ8	T22490	27.9	272	143	7	50	270	151	420	3.58e-26	108
UniRef90_L1NWJ8	T21311	32.6	193	107	4	100	270	229	420	1.72e-25	106
UniRef90_L1NWJ8	T45727	31.8	223	110	8	84	270	203	419	5.27e-24	102
UniRef90_L1NWJ8	T148575	36.6	161	81	4	130	270	260	419	7.18e-24	102
UniRef90_L1NWJ8	T148579	37.3	161	80	5	130	270	260	419	7.18e-24	102
UniRef90_L1NWJ8	T45238	35.6	160	84	3	130	270	260	419	9.80e-24	101
UniRef90_L1NWJ8	T148578	30.5	256	135	9	51	270	171	419	1.34e-23	101
UniRef90_L1NWJ8	T21300	30.9	223	112	7	84	270	203	419	1.82e-23	100
UniRef90_L1NWJ8	T45239	36.0	161	82	4	130	270	260	419	2.48e-23	100
UniRef90_L1NWJ8	T148545	30.8	214	113	5	92	270	206	419	2.48e-23	100
UniRef90_L1NWJ8	T148548	29.7	222	116	6	84	270	203	419	3.38e-23	100
UniRef90_L1NWJ8	T148577	36.0	161	82	4	130	270	260	419	3.38e-23	100
UniRef90_L1NWJ8	T148581	29.7	222	116	6	84	270	203	419	3.38e-23	100
UniRef90_L1NWJ8	T148540	35.4	161	83	4	130	270	260	419	6.28e-23	99.4
UniRef90_L1P504	T173627	36.4	77	43	2	3	78	92	163	2.48e-07	46.2
UniRef90_L1P504	T245165	41.8	67	37	2	1	66	87	152	4.83e-06	42.7
UniRef90_L1P504	T264929	40.7	59	34	1	1	58	89	147	9.49e-06	42.0
UniRef90_L1P504	T71894	33.8	80	47	2	3	81	96	170	9.81e-06	42.0
UniRef90_L1P504	T127296	36.2	69	38	4	3	67	93	159	5.02e-05	40.0
UniRef90_L1P504	T164598	36.2	69	38	4	3	67	93	159	5.02e-05	40.0
UniRef90_L1P504	T164650	36.2	69	38	4	3	67	93	159	5.02e-05	40.0
UniRef90_L1P504	T164747	36.2	69	38	4	3	67	93	159	5.02e-05	40.0
UniRef90_L1P504	T217852	32.4	68	35	2	3	64	85	147	8.64e-05	39.3
UniRef90_L1P504	T116079	38.1	63	38	1	3	64	85	147	8.85e-05	39.3
UniRef90_L1P504	T116074	38.1	63	38	1	3	64	85	147	1.23e-04	38.9
UniRef90_L1P504	T66285	38.6	57	34	1	3	58	85	141	1.24e-04	38.9
UniRef90_L1P504	T66197	38.6	57	34	1	3	58	88	144	1.74e-04	38.5
UniRef90_L1P504	T207163	38.6	57	34	1	3	58	88	144	1.74e-04	38.5
UniRef90_L1P504	T226854	38.1	63	38	1	3	64	85	147	2.31e-04	38.1
UniRef90_L1P504	T78470	36.8	57	35	1	3	58	86	142	2.36e-04	38.1
UniRef90_L1P504	T78524	42.1	57	32	1	3	58	85	141	2.38e-04	38.1
UniRef90_L1P504	T196608	36.8	57	35	1	3	58	85	141	3.25e-04	37.7
UniRef90_L1P504	T105752	34.8	69	39	4	3	67	93	159	3.53e-04	37.7
UniRef90_L1P504	T106413	34.8	69	39	4	3	67	93	159	3.53e-04	37.7
UniRef90_L1P504	T111012	34.8	69	39	4	3	67	93	159	3.53e-04	37.7
UniRef90_L1P504	T113507	34.8	69	39	4	3	67	93	159	3.53e-04	37.7
UniRef90_L1P504	T115095	34.8	69	39	4	3	67	93	159	3.53e-04	37.7
UniRef90_L1P504	T143344	34.8	69	39	4	3	67	93	159	3.53e-04	37.7
UniRef90_L1P504	T166691	34.8	69	39	4	3	67	93	159	3.53e-04	37.7
UniRef90_L1PMK3	T272943	32.2	146	84	4	14	158	11	142	3.78e-13	64.7
UniRef90_L1PMK3	T31928	30.8	146	86	4	14	158	11	142	5.17e-13	64.3
UniRef90_L1PMK3	T37808	30.8	146	86	4	14	158	11	142	5.17e-13	64.3
UniRef90_L1PMK3	T39429	30.8	146	86	4	14	158	11	142	5.17e-13	64.3
UniRef90_L1PMK3	T39448	30.8	146	86	4	14	158	11	142	5.17e-13	64.3
UniRef90_L1PMK3	T39475	30.8	146	86	4	14	158	11	142	5.17e-13	64.3
UniRef90_L1PMK3	T39486	30.8	146	86	4	14	158	11	142	5.17e-13	64.3
UniRef90_L1PMK3	T39505	30.8	146	86	4	14	158	11	142	5.17e-13	64.3
UniRef90_L1PMK3	T39524	30.8	146	86	4	14	158	11	142	5.17e-13	64.3
UniRef90_L1PMK3	T39543	30.8	146	86	4	14	158	11	142	5.17e-13	64.3
UniRef90_L1PMK3	T39562	30.8	146	86	4	14	158	11	142	5.17e-13	64.3
UniRef90_L1PMK3	T39581	30.8	146	86	4	14	158	11	142	5.17e-13	64.3
UniRef90_L1PMK3	T39600	30.8	146	86	4	14	158	11	142	5.17e-13	64.3
UniRef90_L1PMK3	T39619	30.8	146	86	4	14	158	11	142	5.17e-13	64.3
UniRef90_L1PMK3	T39638	30.8	146	86	4	14	158	11	142	5.17e-13	64.3
UniRef90_L1PMK3	T39661	30.8	146	86	4	14	158	11	142	5.17e-13	64.3
UniRef90_L1PMK3	T39684	30.8	146	86	4	14	158	11	142	5.17e-13	64.3
UniRef90_L1PMK3	T39703	30.8	146	86	4	14	158	11	142	5.17e-13	64.3
UniRef90_L1PMK3	T42838	30.8	146	86	4	14	158	11	142	5.17e-13	64.3
UniRef90_L1PMK3	T42858	30.8	146	86	4	14	158	11	142	5.17e-13	64.3
UniRef90_L1PMK3	T43668	30.8	146	86	4	14	158	11	142	5.17e-13	64.3
UniRef90_L1PMK3	T45387	30.8	146	86	4	14	158	11	142	5.17e-13	64.3
UniRef90_L1PMK3	T45732	30.8	146	86	4	14	158	11	142	5.17e-13	64.3
UniRef90_L1PMK3	T45751	30.8	146	86	4	14	158	11	142	5.17e-13	64.3
UniRef90_L1PMK3	T46937	30.8	146	86	4	14	158	11	142	5.17e-13	64.3
UniRef90_P71370	T86720	30.0	517	333	11	23	526	10473	10973	2.81e-52	193
UniRef90_P71370	T86721	30.0	517	333	11	23	526	10473	10973	2.81e-52	193
UniRef90_P71370	T86722	30.0	517	333	11	23	526	10473	10973	2.81e-52	193
UniRef90_P71370	T86723	30.0	517	333	11	23	526	10473	10973	2.81e-52	193
UniRef90_Q7BIK4	T100452	43.8	89	46	2	4	92	2	86	1.42e-20	79.0
UniRef90_Q7BIK4	T88358	43.8	89	46	2	4	92	2	86	2.02e-20	78.6
UniRef90_Q7BIK4	T88363	43.8	89	46	2	4	92	2	86	2.02e-20	78.6
UniRef90_Q7BIK4	T106058	46.0	87	44	3	5	91	2	85	5.61e-20	77.4
UniRef90_Q7BIK4	T81278	44.3	88	46	3	5	92	2	86	5.76e-20	77.4
UniRef90_Q7BIK4	T166803	48.2	83	40	3	7	89	4	83	3.22e-19	75.5
UniRef90_Q7BIK4	T172164	42.9	84	45	3	7	90	4	84	3.31e-19	75.5
UniRef90_Q7BIK4	T117612	45.3	86	44	3	5	90	2	84	4.69e-19	75.1
UniRef90_Q7BIK4	T46715	43.7	87	46	3	5	91	2	85	6.48e-19	74.7
UniRef90_Q7BIK4	T169661	44.3	88	46	3	5	92	2	86	6.65e-19	74.7
UniRef90_Q7BIK4	T226537	45.2	84	43	3	7	90	4	84	6.65e-19	74.7
UniRef90_Q7BIK4	T168963	41.9	86	44	3	5	90	2	81	8.72e-19	74.3
UniRef90_Q7BIK4	T23682	45.3	86	44	3	5	90	2	84	8.95e-19	74.3
UniRef90_Q7BIK4	T79713	45.6	90	41	3	1	90	3	84	9.43e-19	74.3
UniRef90_Q7BIK4	T234902	45.3	86	44	3	5	90	2	84	9.43e-19	74.3
UniRef90_Q7BIK4	T168966	43.0	86	46	3	5	90	2	84	1.34e-18	73.9
UniRef90_Q7BIK4	T241898	43.2	88	47	3	5	92	2	86	1.34e-18	73.9
UniRef90_Q7BIK4	T210253	47.7	86	42	3	5	90	2	84	1.80e-18	73.6
UniRef90_Q7BIK4	T126141	47.7	88	43	3	5	92	2	86	1.90e-18	73.6
UniRef90_Q7BIK4	T144518	44.2	86	45	3	5	90	2	84	1.90e-18	73.6
UniRef90_Q7BIK4	T166983	44.2	86	45	3	5	90	2	84	1.90e-18	73.6
UniRef90_Q7BIK4	T204610	44.2	86	45	3	5	90	2	84	1.90e-18	73.6
UniRef90_Q7BIK4	T266189	44.2	86	45	3	5	90	2	84	1.90e-18	73.6
UniRef90_Q7BIK4	T24226	43.5	85	45	3	6	90	3	84	2.62e-18	73.2
UniRef90_Q7BIK4	T183769	43.5	85	45	3	6	90	3	84	2.62e-18	73.2
UniRef90_Q7P7M0	T135640	55.6	36	16	0	4	39	2	37	2.22e-04	39.3
UniRef90_Q7P822	T46022	98.9	90	1	0	1	90	1	90	3.81e-63	186
UniRef90_Q7P822	T57051	98.9	90	1	0	1	90	1	90	3.81e-63	186
UniRef90_Q7P822	T125873	67.8	90	29	0	1	90	1	90	9.05e-44	137
UniRef90_Q7P822	T24240	70.0	90	27	0	1	90	1	90	5.02e-41	130
UniRef90_Q7P822	T33172	68.9	90	28	0	1	90	1	90	1.44e-40	129
UniRef90_Q7P822	T24239	68.9	90	28	0	1	90	1	90	8.33e-40	127
UniRef90_Q7P822	T33166	68.9	90	28	0	1	90	1	90	8.33e-40	127
UniRef90_Q7P822	T29418	66.7	90	30	0	1	90	1	90	1.18e-39	127
UniRef90_Q7P822	T21695	65.6	90	31	0	1	90	1	90	1.68e-39	126
UniRef90_Q7P822	T253418	63.3	90	33	0	1	90	1	90	1.68e-39	126
UniRef90_Q7P822	T23475	62.2	90	34	0	1	90	1	90	2.79e-38	123
UniRef90_Q7P822	T241309	63.3	90	33	0	1	90	1	90	2.79e-38	123
UniRef90_Q7P822	T21502	60.0	90	36	0	1	90	1	90	7.99e-38	122
UniRef90_Q7P822	T100449	63.3	90	33	0	1	90	1	90	7.99e-38	122
UniRef90_Q7P822	T100448	63.3	90	33	0	1	90	1	90	1.13e-37	122
UniRef90_Q7P822	T37698	64.4	90	32	0	1	90	1	90	1.61e-37	121
UniRef90_Q7P822	T100453	64.4	90	32	0	1	90	1	90	1.32e-36	119
UniRef90_Q7P822	T88356	64.4	90	32	0	1	90	1	90	1.88e-36	119
UniRef90_Q7P822	T160086	63.3	90	33	0	1	90	1	90	1.88e-36	119
UniRef90_Q7P822	T119115	65.5	87	30	0	4	90	6	92	8.59e-36	117
UniRef90_Q7P822	T53815	62.9	89	33	0	2	90	6	94	1.29e-35	117
UniRef90_Q7P822	T253417	63.2	87	32	0	4	90	8	94	1.29e-35	117
UniRef90_Q7P822	T276341	59.6	89	36	0	2	90	6	94	1.29e-35	117
UniRef90_Q7P822	T272271	63.3	90	33	0	1	90	1	90	1.54e-35	116
UniRef90_Q7P822	T40439	57.8	90	38	0	1	90	1	90	3.20e-35	115
UniRef90_U2AMZ3	T28599	40.6	64	36	1	34	97	25	86	7.39e-11	54.3
UniRef90_U2AMZ3	T28604	38.6	70	41	1	26	95	17	84	3.18e-09	50.1
UniRef90_U2AMZ3	T109926	41.3	63	35	1	34	96	27	87	1.36e-08	48.5
UniRef90_U2AMZ3	T105713	33.0	88	54	2	9	96	6	88	1.45e-08	48.5
UniRef90_U2AMZ3	T113226	39.7	63	36	1	34	96	27	87	1.91e-08	48.1
UniRef90_U2AMZ3	T56119	38.1	63	37	1	34	96	12	72	3.86e-08	47.0
UniRef90_U2AMZ3	T153985	35.4	65	40	1	34	98	25	87	5.39e-08	47.0
UniRef90_U2AMZ3	T167101	35.4	65	40	1	34	98	25	87	5.39e-08	47.0
UniRef90_U2AMZ3	T267556	45.2	62	32	2	34	95	28	87	7.60e-08	46.6
UniRef90_U2AMZ3	T39728	40.3	62	35	1	34	95	28	87	1.07e-07	46.2
UniRef90_U2AMZ3	T76527	40.3	62	35	1	34	95	28	87	1.07e-07	46.2
UniRef90_U2AMZ3	T93357	40.3	62	35	1	34	95	28	87	1.07e-07	46.2
UniRef90_U2AMZ3	T95302	40.3	62	35	1	34	95	28	87	1.07e-07	46.2
UniRef90_U2AMZ3	T109924	40.3	62	35	1	34	95	28	87	1.07e-07	46.2
UniRef90_U2AMZ3	T111587	40.3	62	35	1	34	95	28	87	1.07e-07	46.2
UniRef90_U2AMZ3	T114237	40.3	62	35	1	34	95	28	87	1.07e-07	46.2
UniRef90_U2AMZ3	T135888	40.3	62	35	1	34	95	28	87	1.07e-07	46.2
UniRef90_U2AMZ3	T138325	40.3	62	35	1	34	95	28	87	1.07e-07	46.2
UniRef90_U2AMZ3	T138326	40.3	62	35	1	34	95	28	87	1.07e-07	46.2
UniRef90_U2AMZ3	T138327	40.3	62	35	1	34	95	28	87	1.07e-07	46.2
UniRef90_U2AMZ3	T140802	40.3	62	35	1	34	95	28	87	1.07e-07	46.2
UniRef90_U2AMZ3	T141257	40.3	62	35	1	34	95	28	87	1.07e-07	46.2
UniRef90_U2AMZ3	T141412	39.1	64	37	1	32	95	26	87	1.07e-07	46.2
UniRef90_U2AMZ3	T149870	40.3	62	35	1	34	95	28	87	1.07e-07	46.2
UniRef90_U2AMZ3	T151613	39.1	64	37	1	32	95	26	87	1.07e-07	46.2
UniRef90_U2AQ36	T33844	46.9	96	40	4	14	103	5	95	2.96e-19	76.3
UniRef90_U2AQ36	T97739	46.9	96	40	4	14	103	5	95	2.96e-19	76.3
UniRef90_U2AQ36	T135630	46.9	96	40	4	14	103	5	95	2.96e-19	76.3
UniRef90_U2AQ36	T168898	46.9	96	40	4	14	103	5	95	2.96e-19	76.3
UniRef90_U2AQ36	T190657	46.9	96	40	4	14	103	5	95	2.96e-19	76.3
UniRef90_U2AQ36	T190722	46.9	96	40	4	14	103	5	95	2.96e-19	76.3
UniRef90_U2AQ36	T190836	46.9	96	40	4	14	103	5	95	2.96e-19	76.3
UniRef90_U2AQ36	T207021	46.9	96	40	4	14	103	5	95	2.96e-19	76.3
UniRef90_U2AQ36	T215688	46.9	96	40	4	14	103	5	95	2.96e-19	76.3
UniRef90_U2AQ36	T220162	46.9	96	40	4	14	103	5	95	2.96e-19	76.3
UniRef90_U2AQ36	T198017	44.8	96	42	4	14	103	5	95	1.19e-18	74.7
UniRef90_U2AQ36	T220161	46.3	95	40	4	14	102	5	94	2.46e-18	73.9
UniRef90_U2AQ36	T220163	46.3	95	40	4	14	102	5	94	2.46e-18	73.9
UniRef90_U2AQ36	T24108	46.5	86	40	3	20	103	10	91	8.71e-18	72.4
UniRef90_U2AQ36	T177346	48.3	87	38	4	20	103	10	92	2.54e-17	71.2
UniRef90_U2AQ36	T30881	42.6	94	49	3	11	104	2	90	3.33e-17	70.9
UniRef90_U2AQ36	T272280	42.4	92	47	3	13	103	3	89	4.60e-17	70.5
UniRef90_U2AQ36	T101006	41.1	95	53	2	9	103	3	94	1.10e-16	69.7
UniRef90_U2AQ36	T27897	40.9	93	50	2	12	104	3	90	1.34e-16	69.3
UniRef90_U2AQ36	T172283	43.2	95	46	4	13	103	3	93	5.98e-16	67.8
UniRef90_U2AQ36	T26346	41.4	87	48	2	17	103	7	90	1.53e-15	66.6
UniRef90_U2AQ36	T124740	38.9	90	52	2	14	103	5	91	1.66e-15	66.6
UniRef90_U2AQ36	T243226	41.1	95	49	3	11	103	2	91	2.23e-15	66.2
UniRef90_U2AQ36	T33998	38.5	91	52	2	14	102	4	92	6.82e-15	65.1
UniRef90_U2AQ36	T34021	38.5	91	52	2	14	102	4	92	6.82e-15	65.1
UniRef90_U2AQQ5	T167102	43.0	93	51	1	12	104	3	93	4.78e-18	73.2
UniRef90_U2AQQ5	T20622	43.0	93	51	1	12	104	3	93	6.77e-18	72.8
UniRef90_U2AQQ5	T123173	42.1	95	53	1	10	104	1	93	6.77e-18	72.8
UniRef90_U2AQQ5	T153976	42.1	95	53	1	10	104	1	93	6.77e-18	72.8
UniRef90_U2AQQ5	T153986	43.0	93	51	1	12	104	3	93	6.77e-18	72.8
UniRef90_U2AQQ5	T154520	43.0	93	51	1	12	104	3	93	6.77e-18	72.8
UniRef90_U2AQQ5	T159793	43.0	93	51	1	12	104	3	93	6.77e-18	72.8
UniRef90_U2AQQ5	T261963	43.0	93	51	1	12	104	3	93	6.77e-18	72.8
UniRef90_U2AQQ5	T154524	42.1	95	53	1	12	106	3	95	8.99e-18	72.8
UniRef90_U2AQQ5	T154375	41.9	93	52	1	12	104	3	93	9.59e-18	72.4
UniRef90_U2AQQ5	T154530	41.9	93	52	1	12	104	3	93	9.59e-18	72.4
UniRef90_U2AQQ5	T21777	59.6	52	20	1	52	103	31	81	9.94e-18	72.0
UniRef90_U2AQQ5	T25639	40.7	91	52	1	12	102	7	95	2.87e-17	71.2
UniRef90_U2AQQ5	T111708	41.9	93	52	1	12	104	3	93	1.10e-16	69.7
UniRef90_U2AQQ5	T154382	41.9	93	52	1	12	104	3	93	1.10e-16	69.7
UniRef90_U2AQQ5	T288772	41.9	93	52	1	12	104	3	93	1.10e-16	69.7
UniRef90_U2AQQ5	T153981	40.9	93	53	1	12	104	3	93	2.20e-16	68.9
UniRef90_U2AQQ5	T30549	42.1	95	49	2	12	104	3	93	6.24e-16	67.8
UniRef90_U2AQQ5	T33143	37.4	91	55	1	12	102	3	91	6.77e-15	65.1
UniRef90_U2AQQ5	T226530	37.4	91	55	1	12	102	3	91	9.58e-15	64.7
UniRef90_U2AQQ5	T246529	37.4	91	55	1	12	102	3	91	9.58e-15	64.7
UniRef90_U2AQQ5	T53815	40.9	88	50	1	17	104	11	96	1.74e-13	61.6
UniRef90_U2AQQ5	T29363	41.1	95	48	4	11	103	1	89	2.07e-13	61.2
UniRef90_U2AQQ5	T29686	41.1	95	48	4	11	103	1	89	2.07e-13	61.2
UniRef90_U2AQQ5	T29694	41.1	95	48	4	11	103	1	89	2.07e-13	61.2
UniRef90_U2FF01	T33518	31.5	92	50	3	1	90	1	81	3.08e-07	45.1
UniRef90_U2FF01	T125076	30.8	91	54	2	1	91	1	82	8.46e-07	43.9
UniRef90_U2FF01	T152347	30.8	91	54	2	1	91	1	82	8.46e-07	43.9
UniRef90_U2FF01	T198364	30.8	91	54	2	1	91	1	82	8.46e-07	43.9
UniRef90_U2FF01	T201571	30.8	91	54	2	1	91	1	82	8.46e-07	43.9
UniRef90_U2FF01	T201598	30.8	91	54	2	1	91	1	82	8.46e-07	43.9
UniRef90_U2FF01	T201629	30.8	91	54	2	1	91	1	82	8.46e-07	43.9
UniRef90_U2FF01	T136026	28.7	94	54	2	1	92	1	83	1.22e-06	43.5
UniRef90_U2FF01	T202967	31.5	92	50	3	1	90	1	81	1.22e-06	43.5
UniRef90_U2FF01	T127545	29.8	94	53	2	1	92	1	83	1.34e-06	43.5
UniRef90_U2FF01	T26349	27.2	92	54	2	1	90	1	81	1.71e-06	43.1
UniRef90_U2FF01	T201658	30.8	91	54	2	1	91	1	82	2.37e-06	42.7
UniRef90_U2FF01	T155824	28.7	94	58	2	1	94	1	85	4.79e-06	42.0
UniRef90_U2FF01	T24232	31.5	92	50	4	1	90	1	81	4.88e-06	42.0
UniRef90_U2FF01	T159801	29.8	94	53	3	1	92	1	83	4.88e-06	42.0
UniRef90_U2FF01	T29862	26.1	92	55	2	1	90	1	81	9.48e-06	41.2
UniRef90_U2FF01	T68267	28.3	92	53	2	1	90	1	81	9.48e-06	41.2
UniRef90_U2FF01	T68269	28.3	92	53	2	1	90	1	81	9.48e-06	41.2
UniRef90_U2FF01	T68271	28.3	92	53	2	1	90	1	81	9.48e-06	41.2
UniRef90_U2FF01	T68273	28.3	92	53	2	1	90	1	81	9.48e-06	41.2
UniRef90_U2FF01	T68275	28.3	92	53	2	1	90	1	81	9.48e-06	41.2
UniRef90_U2FF01	T68278	28.3	92	53	2	1	90	1	81	9.48e-06	41.2
UniRef90_U2FF01	T160092	28.3	92	53	2	1	90	1	81	9.48e-06	41.2
UniRef90_U2FF01	T222162	28.3	92	53	2	1	90	1	81	9.48e-06	41.2
UniRef90_U2FF01	T152516	28.6	91	52	2	2	90	3	82	9.66e-06	41.2
UniRef90_U2Q9K7	T116290	28.6	77	53	1	1	75	1	77	4.78e-06	41.2
UniRef90_U2R2D9	T24932	47.1	87	45	1	1	87	1	86	2.67e-21	80.5
UniRef90_U2R2D9	T100447	48.9	88	45	0	1	88	1	88	2.24e-20	78.2
UniRef90_U2R2D9	T233069	48.3	87	45	0	1	87	1	87	2.24e-20	78.2
UniRef90_U2R2D9	T117579	46.0	87	47	0	1	87	1	87	4.51e-20	77.4
UniRef90_U2R2D9	T144096	46.0	87	47	0	1	87	1	87	4.51e-20	77.4
UniRef90_U2R2D9	T146062	46.0	87	47	0	1	87	1	87	4.51e-20	77.4
UniRef90_U2R2D9	T75933	47.1	87	46	0	1	87	1	87	6.39e-20	77.0
UniRef90_U2R2D9	T187670	43.7	87	49	0	1	87	1	87	6.74e-20	77.0
UniRef90_U2R2D9	T36565	43.7	87	49	0	1	87	1	87	5.21e-19	74.7
UniRef90_U2R2D9	T88354	48.9	88	45	0	1	88	1	88	5.21e-19	74.7
UniRef90_U2R2D9	T88490	48.9	88	45	0	1	88	1	88	5.21e-19	74.7
UniRef90_U2R2D9	T222717	47.1	87	46	0	1	87	1	87	5.21e-19	74.7
UniRef90_U2R2D9	T216952	41.2	85	50	0	3	87	2	86	7.20e-19	74.3
UniRef90_U2R2D9	T287930	41.2	85	50	0	3	87	2	86	7.20e-19	74.3
UniRef90_U2R2D9	T293701	50.6	87	43	0	1	87	1	87	1.02e-18	73.9
UniRef90_U2R2D9	T200316	49.3	75	38	0	13	87	3	77	1.15e-18	73.6
UniRef90_U2R2D9	T253241	49.4	87	44	0	1	87	1	87	1.45e-18	73.6
UniRef90_U2R2D9	T253255	49.4	87	44	0	1	87	1	87	1.45e-18	73.6
UniRef90_U2R2D9	T144001	47.1	87	45	1	1	87	1	86	2.06e-18	73.2
UniRef90_U2R2D9	T100300	39.1	87	53	0	1	87	1	87	2.11e-18	73.2
UniRef90_U2R2D9	T51985	37.9	87	54	0	1	87	1	87	2.22e-18	73.2
UniRef90_U2R2D9	T200331	48.0	75	39	0	13	87	3	77	2.31e-18	72.8
UniRef90_U2R2D9	T259690	39.1	87	53	0	1	87	1	87	2.99e-18	72.8
UniRef90_U2R2D9	T213600	47.1	85	45	0	3	87	4	88	3.07e-18	72.8
UniRef90_U2R2D9	T287757	42.5	87	50	0	1	87	1	87	3.07e-18	72.8
UniRef90_U2RAS2	T76726	50.8	61	29	1	1	60	1	61	1.40e-16	66.6
UniRef90_U2RAS2	T109396	52.5	61	28	1	1	60	1	61	5.72e-16	65.1
UniRef90_U2RAS2	T33411	52.5	61	28	1	1	60	4	64	6.15e-16	65.1
UniRef90_U2RAS2	T182335	47.5	61	31	1	1	60	1	61	8.12e-16	64.7
UniRef90_U2RAS2	T246258	49.2	61	30	1	1	60	1	61	1.64e-15	63.9
UniRef90_U2RAS2	T62969	50.8	61	29	1	1	60	1	61	2.33e-15	63.5
UniRef90_U2RAS2	T73489	50.8	61	29	1	1	60	1	61	2.33e-15	63.5
UniRef90_U2RAS2	T70513	47.5	61	31	1	1	60	1	61	4.70e-15	62.8
UniRef90_U2RAS2	T109307	50.0	60	29	1	1	59	1	60	6.36e-15	62.4
UniRef90_U2RAS2	T110860	50.0	60	29	1	1	59	1	60	6.36e-15	62.4
UniRef90_U2RAS2	T173111	50.0	60	29	1	1	59	1	60	6.36e-15	62.4
UniRef90_U2RAS2	T184002	50.0	60	29	1	1	59	1	60	6.36e-15	62.4
UniRef90_U2RAS2	T33440	47.5	61	31	1	1	60	1	61	7.72e-15	62.4
UniRef90_U2RAS2	T77493	47.5	61	31	1	1	60	1	61	1.35e-14	61.6
UniRef90_U2RAS2	T288710	55.9	59	25	1	1	58	1	59	1.78e-14	61.2
UniRef90_U2RAS2	T292602	55.9	59	25	1	1	58	1	59	1.78e-14	61.2
UniRef90_U2RAS2	T20647	47.5	61	31	1	1	60	1	61	1.91e-14	61.2
UniRef90_U2RAS2	T25327	47.5	61	31	1	1	60	1	61	1.91e-14	61.2
UniRef90_U2RAS2	T26502	47.5	61	31	1	1	60	1	61	1.91e-14	61.2
UniRef90_U2RAS2	T26519	47.5	61	31	1	1	60	1	61	1.91e-14	61.2
UniRef90_U2RAS2	T28399	47.5	61	31	1	1	60	1	61	1.91e-14	61.2
UniRef90_U2RAS2	T28621	47.5	61	31	1	1	60	1	61	1.91e-14	61.2
UniRef90_U2RAS2	T29041	47.5	61	31	1	1	60	1	61	1.91e-14	61.2
UniRef90_U2RAS2	T38749	56.9	58	24	1	1	57	1	58	1.91e-14	61.2
UniRef90_U2RAS2	T48448	47.5	61	31	1	1	60	1	61	1.91e-14	61.2
UniRef90_U2WM84	T25220	38.1	63	37	1	11	73	9	69	2.12e-05	39.7
UniRef90_U2WM84	T28600	50.0	34	17	0	6	39	9	42	1.96e-04	37.4
UniRef90_U2WM84	T30890	34.3	70	43	2	9	78	8	74	3.50e-04	36.6
UniRef90_U2WM84	T136589	34.4	61	39	1	6	66	4	63	9.09e-04	35.4
UniRef90_U7TXZ2	T58457	75.0	40	2	1	1	32	1	40	1.46e-14	61.2
UniRef90_U7TXZ2	T195284	72.5	40	3	1	1	32	1	40	4.16e-14	60.1
UniRef90_U7TXZ2	T48565	59.0	39	8	1	2	32	1	39	2.36e-08	45.4
UniRef90_U7TXZ2	T148695	59.0	39	8	1	2	32	1	39	2.36e-08	45.4
UniRef90_U7TXZ2	T153573	59.0	39	8	1	2	32	1	39	2.36e-08	45.4
UniRef90_U7TXZ2	T153753	59.0	39	8	1	2	32	1	39	2.36e-08	45.4
UniRef90_U7TXZ2	T153755	59.0	39	8	1	2	32	1	39	2.36e-08	45.4
UniRef90_U7TXZ2	T153762	59.0	39	8	1	2	32	1	39	2.36e-08	45.4
UniRef90_U7TXZ2	T55563	47.5	40	13	1	1	32	1	40	8.84e-06	38.9
UniRef90_U7TXZ2	T73764	47.5	40	13	1	1	32	1	40	8.84e-06	38.9
UniRef90_U7TXZ2	T100291	47.5	40	13	1	1	32	1	40	8.84e-06	38.9
UniRef90_U7TXZ2	T143719	47.5	40	13	1	1	32	1	40	8.84e-06	38.9
UniRef90_U7TXZ2	T68652	42.9	42	16	1	1	34	1	42	1.23e-05	38.5
UniRef90_U7TXZ2	T295074	42.9	42	16	1	1	34	1	42	1.23e-05	38.5
UniRef90_U7TXZ2	T293414	47.4	38	12	1	3	32	4	41	1.38e-04	35.8
UniRef90_U7TXZ2	T293453	44.7	38	13	1	3	32	3	40	2.49e-04	35.0
UniRef90_U7TXZ2	T75140	40.5	42	17	1	1	34	1	42	5.50e-04	34.3
UniRef90_V2XLD5	T199960	58.0	88	37	0	1	88	1	88	5.27e-34	112
UniRef90_V2XLD5	T100447	55.2	87	39	0	1	87	1	87	1.76e-32	108
UniRef90_V2XLD5	T88354	56.3	87	38	0	1	87	1	87	3.55e-32	108
UniRef90_V2XLD5	T88490	56.3	87	38	0	1	87	1	87	3.55e-32	108
UniRef90_V2XLD5	T186809	52.8	89	42	0	1	89	1	89	4.25e-31	105
UniRef90_V2XLD5	T144632	52.9	87	41	0	3	89	2	88	6.21e-31	105
UniRef90_V2XLD5	T145157	52.9	87	41	0	3	89	2	88	6.21e-31	105
UniRef90_V2XLD5	T293415	53.5	86	40	0	3	88	5	90	2.07e-29	101
UniRef90_V2XLD5	T54164	51.1	88	43	0	1	88	1	88	1.65e-28	99.0
UniRef90_V2XLD5	T145361	47.7	88	46	0	1	88	1	88	2.34e-28	98.6
UniRef90_V2XLD5	T136865	52.9	85	40	0	3	87	2	86	6.15e-28	97.4
UniRef90_V2XLD5	T184690	52.9	85	40	0	3	87	2	86	8.73e-28	97.1
UniRef90_V2XLD5	T184848	52.9	85	40	0	3	87	2	86	8.73e-28	97.1
UniRef90_V2XLD5	T145363	46.6	88	47	0	1	88	1	88	9.49e-28	97.1
UniRef90_V2XLD5	T70572	51.8	85	41	0	3	87	2	86	2.50e-27	95.9
UniRef90_V2XLD5	T70575	51.8	85	41	0	3	87	2	86	2.50e-27	95.9
UniRef90_V2XLD5	T70578	51.8	85	41	0	3	87	2	86	2.50e-27	95.9
UniRef90_V2XLD5	T70581	51.8	85	41	0	3	87	2	86	2.50e-27	95.9
UniRef90_V2XLD5	T70584	51.8	85	41	0	3	87	2	86	2.50e-27	95.9
UniRef90_V2XLD5	T70585	51.8	85	41	0	3	87	2	86	2.50e-27	95.9
UniRef90_V2XLD5	T70588	51.8	85	41	0	3	87	2	86	2.50e-27	95.9
UniRef90_V2XLD5	T136859	51.8	85	41	0	3	87	2	86	2.50e-27	95.9
UniRef90_V2XLD5	T136862	51.8	85	41	0	3	87	2	86	2.50e-27	95.9
UniRef90_V2XLD5	T136871	51.8	85	41	0	3	87	2	86	2.50e-27	95.9
UniRef90_V2XLD5	T136874	51.8	85	41	0	3	87	2	86	2.50e-27	95.9
UniRef90_W2CDB2	T144264	41.5	65	38	0	39	103	40	104	4.29e-09	50.8
UniRef90_W2CDB2	T200030	44.6	65	36	0	39	103	41	105	4.38e-09	50.8
UniRef90_W2CDB2	T42969	43.8	64	36	0	45	108	31	94	4.57e-09	50.4
UniRef90_W2CDB2	T136001	38.5	65	40	0	39	103	40	104	9.22e-08	47.4
UniRef90_W2CDB2	T206589	48.4	62	31	1	47	108	45	105	1.75e-07	46.6
UniRef90_W2CDB2	T278999	39.3	61	37	0	43	103	43	103	2.66e-07	46.2
UniRef90_W2CDB2	T279009	39.3	61	37	0	43	103	43	103	2.66e-07	46.2
UniRef90_W2CDB2	T290332	46.8	62	32	1	47	108	45	105	3.45e-07	45.8
UniRef90_W2CDB2	T21296	45.3	64	33	1	40	103	42	103	3.66e-07	45.8
UniRef90_W2CDB2	T218375	39.7	63	38	0	41	103	47	109	4.17e-07	45.8
UniRef90_W2CDB2	T22988	44.3	61	30	2	45	103	45	103	5.04e-07	45.4
UniRef90_W2CDB2	T29516	45.3	64	34	1	45	107	52	115	1.17e-06	44.7
UniRef90_W2CDB2	T70801	39.0	59	36	0	45	103	46	104	1.99e-06	43.9
UniRef90_W2CDB2	T85983	33.3	81	54	0	23	103	22	102	2.64e-06	43.5
UniRef90_W2CDB2	T274482	33.3	81	54	0	23	103	22	102	2.64e-06	43.5
UniRef90_W2CDB2	T212221	35.4	65	42	0	39	103	40	104	2.74e-06	43.5
UniRef90_W2CDB2	T62278	36.9	65	41	0	39	103	40	104	3.98e-05	40.4
UniRef90_W2CDB2	T170524	39.7	63	34	2	40	102	54	112	7.04e-05	40.0
UniRef90_W2CDB2	T125870	37.7	61	34	2	40	100	57	113	7.77e-05	40.0
UniRef90_W2CDB2	T170854	31.8	66	45	0	40	105	41	106	5.95e-04	37.4
UniRef90_W2CGF0	T120681	57.4	61	26	0	4	64	1	61	1.75e-20	76.6
UniRef90_W2CGF0	T24659	55.7	61	27	0	4	64	1	61	3.53e-20	75.9
UniRef90_W2CGF0	T21685	55.7	61	27	0	4	64	1	61	2.04e-19	73.9
UniRef90_W2CGF0	T172501	57.6	59	25	0	4	62	1	59	2.09e-19	73.9
UniRef90_W2CGF0	T55056	52.5	61	29	0	4	64	7	67	2.63e-19	73.9
UniRef90_W2CGF0	T28162	57.6	59	25	0	4	62	1	59	3.13e-19	73.6
UniRef90_W2CGF0	T115182	57.6	59	25	0	4	62	1	59	3.13e-19	73.6
UniRef90_W2CGF0	T20696	58.6	58	24	0	4	61	1	58	8.75e-19	72.4
UniRef90_W2CGF0	T55387	52.5	61	29	0	4	64	1	61	1.18e-18	72.0
UniRef90_W2CGF0	T119472	57.6	59	25	0	4	62	1	59	2.45e-18	71.2
UniRef90_W2CGF0	T28611	59.3	59	24	0	4	62	1	59	4.94e-18	70.5
UniRef90_W2CGF0	T64689	57.6	59	25	0	4	62	1	59	6.84e-18	70.1
UniRef90_W2CGF0	T38760	55.2	58	26	0	4	61	1	58	1.52e-17	69.3
UniRef90_W2CGF0	T143482	55.2	58	26	0	4	61	1	58	1.52e-17	69.3
UniRef90_W2CGF0	T31064	56.9	58	25	0	4	61	1	58	1.73e-17	69.3
UniRef90_W2CGF0	T248924	58.6	58	24	0	4	61	1	58	2.06e-17	68.9
UniRef90_W2CGF0	T67800	55.2	58	26	0	4	61	1	58	2.17e-17	68.9
UniRef90_W2CGF0	T105463	52.5	59	28	0	4	62	1	59	2.86e-17	68.6
UniRef90_W2CGF0	T170758	52.5	61	28	1	4	64	1	60	3.86e-17	68.2
UniRef90_W2CGF0	T79007	50.8	61	29	1	4	64	1	60	7.99e-17	67.4
UniRef90_W2CGF0	T145250	54.4	57	26	0	5	61	4	60	9.26e-17	67.4
UniRef90_W2CGF0	T33053	50.8	59	29	0	4	62	1	59	1.16e-16	67.0
UniRef90_W2CGF0	T250573	51.7	60	29	0	3	62	4	63	1.28e-16	67.0
UniRef90_W2CGF0	T250581	51.7	60	29	0	3	62	4	63	1.28e-16	67.0
UniRef90_W2CGF0	T265863	50.8	61	29	1	4	64	1	60	1.57e-16	66.6
UniRef90_X8HWZ7	T195279	100	87	0	0	1	87	1	87	1.03e-59	177
UniRef90_X8HWZ7	T78500	97.7	87	2	0	1	87	1	87	1.72e-58	174
UniRef90_X8HWZ7	T272322	97.7	87	2	0	1	87	1	87	1.72e-58	174
UniRef90_X8HWZ7	T183783	97.7	87	2	0	1	87	1	87	2.45e-58	174
UniRef90_X8HWZ7	T186643	96.6	87	3	0	1	87	1	87	7.02e-58	172
UniRef90_X8HWZ7	T268483	96.6	87	3	0	1	87	1	87	7.02e-58	172
UniRef90_X8HWZ7	T271312	88.4	86	10	0	2	87	4	89	1.40e-53	162
UniRef90_X8HWZ7	T216952	62.8	86	32	0	1	86	1	86	1.66e-38	124
UniRef90_X8HWZ7	T287930	62.8	86	32	0	1	86	1	86	1.66e-38	124
UniRef90_X8HWZ7	T293415	57.5	87	37	0	1	87	4	90	8.76e-30	102
UniRef90_X8HWZ7	T288004	55.3	85	38	0	2	86	3	87	6.78e-29	99.8
UniRef90_X8HWZ7	T54164	48.3	87	45	0	1	87	2	88	9.91e-29	99.4
UniRef90_X8HWZ7	T73762	56.3	80	35	0	8	87	9	88	2.00e-28	98.6
UniRef90_X8HWZ7	T233069	48.8	86	44	0	2	87	3	88	3.91e-28	97.8
UniRef90_X8HWZ7	T222717	48.8	86	44	0	2	87	3	88	7.89e-28	97.1
UniRef90_X8HWZ7	T117579	46.5	86	46	0	2	87	3	88	1.12e-27	96.7
UniRef90_X8HWZ7	T144096	46.5	86	46	0	2	87	3	88	1.12e-27	96.7
UniRef90_X8HWZ7	T146062	46.5	86	46	0	2	87	3	88	1.12e-27	96.7
UniRef90_X8HWZ7	T286500	51.2	86	42	0	2	87	3	88	2.26e-27	95.9
UniRef90_X8HWZ7	T24932	54.1	85	38	1	2	86	3	86	4.43e-27	95.1
UniRef90_X8HWZ7	T55563	55.8	77	34	0	11	87	12	88	1.34e-26	94.0
UniRef90_X8HWZ7	T100291	55.8	77	34	0	11	87	12	88	1.34e-26	94.0
UniRef90_X8HWZ7	T143719	55.8	77	34	0	11	87	12	88	1.34e-26	94.0
UniRef90_X8HWZ7	T75933	46.5	86	46	0	2	87	3	88	1.85e-26	93.6
UniRef90_X8HWZ7	T105772	49.4	87	44	0	1	87	1	87	1.85e-26	93.6
