UniRef90ID,Dataset,Samples,Sample_Count,seed_ortholog,evalue,score,eggNOG_OGs,max_annot_lvl,COG_category,Description,Preferred_name,GOs,EC,KEGG_ko,KEGG_Pathway,KEGG_Module,KEGG_Reaction,KEGG_rclass,BRITE,KEGG_TC,CAZy,BiGG_Reaction,PFAMs
UniRef90_A0A0M3UUY0,dieguez,SRR14127898;SRR14127942;SRR14127951;SRR14128076;SRR14128113;SRR14128115;SRR14128117;SRR14128118,8,861452.HMPREF9093_01476,4.22e-50,159.0,"2DWVR@1|root,34247@2|Bacteria,37C98@32066|Fusobacteria",32066|Fusobacteria,-,-,-,-,-,-,-,-,-,-,-,-,-,-,-
UniRef90_A0A0R3PIN0,dieguez;ev,SRR14127885;SRR14127886;SRR14127887;SRR14127888;SRR14127889;SRR14127891;SRR14127893;SRR14127894;SRR14127895;SRR14127896;SRR14127897;SRR14127898;SRR14127899;SRR14127900;SRR14127902;SRR14127904;SRR14127905;SRR14127907;SRR14127931;SRR14127932;SRR14127933;SRR14127934;SRR14127935;SRR14127936;SRR14127937;SRR14127939;SRR14127940;SRR14127941;SRR14127942;SRR14127943;SRR14127944;SRR14127945;SRR14127946;SRR14127947;SRR14127948;SRR14127950;SRR14127951;SRR14128067;SRR14128068;SRR14128069;SRR14128073;SRR14128075;SRR14128076;SRR14128077;SRR14128078;SRR14128079;SRR14128080;SRR14128081;SRR14128083;SRR14128085;SRR14128111;SRR14128112;SRR14128113;SRR14128114;SRR14128115;SRR14128116;SRR14128117;SRR14128118;SRR14128120;SRR14128121;SRR14128122;SRR14128123;SRR14128124;SRR14128125;SRR14128126;SRR14128130;SRR14128131;SRR14128132;SRR14128134;SRR23351002;SRR23351003;SRR23351004;SRR23351006;SRR23351008;SRR23351009;SRR23351010;SRR23351011;SRR23351012;SRR23351013;SRR23351014;SRR23351015;SRR23351016;SRR23351017;SRR23351018;SRR23351019;SRR23351020;SRR23351021;SRR23351022;SRR23351023;SRR23351024;SRR23351025,91,1288298.rosmuc_01661,3.6599999999999997e-25,97.1,"28HVF@1|root,2Z81Q@2|Bacteria,1NZPF@1224|Proteobacteria",1224|Proteobacteria,S,Bacteriophage scaffolding protein D,-,-,-,-,-,-,-,-,-,-,-,-,gpD
UniRef90_A0A0S2ZM78,dieguez;ev,SRR14127886;SRR14127887;SRR14127888;SRR14127893;SRR14127894;SRR14127895;SRR14127898;SRR14127899;SRR14127900;SRR14127901;SRR14127902;SRR14127904;SRR14127905;SRR14127907;SRR14127932;SRR14127933;SRR14127934;SRR14127935;SRR14127936;SRR14127940;SRR14127941;SRR14127942;SRR14127944;SRR14127947;SRR14127951;SRR14128067;SRR14128068;SRR14128073;SRR14128074;SRR14128075;SRR14128076;SRR14128078;SRR14128079;SRR14128083;SRR14128113;SRR14128114;SRR14128115;SRR14128117;SRR14128118;SRR14128120;SRR14128121;SRR14128122;SRR14128123;SRR14128124;SRR14128126;SRR14128128;SRR14128132;SRR14128134;SRR23351007;SRR23351009;SRR23351010;SRR23351012;SRR23351013;SRR23351015;SRR23351021;SRR23351023,56,634994.GCWU000323_00738,1.9500000000000002e-29,105.0,"2E9W9@1|root,3341Z@2|Bacteria",2|Bacteria,S,"HicA toxin of bacterial toxin-antitoxin,",-,-,-,-,-,-,-,-,-,-,-,-,HicA_toxin
UniRef90_A0A0X8JSY8,dieguez;ev,SRR14127885;SRR14127886;SRR14127887;SRR14127888;SRR14127891;SRR14127898;SRR14127899;SRR14127900;SRR14127902;SRR14127905;SRR14127907;SRR14127932;SRR14127933;SRR14127934;SRR14127935;SRR14127936;SRR14127941;SRR14127944;SRR14127945;SRR14127946;SRR14127947;SRR14127948;SRR14127950;SRR14127951;SRR14128067;SRR14128068;SRR14128069;SRR14128073;SRR14128074;SRR14128075;SRR14128076;SRR14128078;SRR14128079;SRR14128085;SRR14128112;SRR14128113;SRR14128114;SRR14128115;SRR14128117;SRR14128118;SRR14128120;SRR14128121;SRR14128123;SRR14128124;SRR14128125;SRR14128126;SRR14128127;SRR14128128;SRR14128130;SRR14128131;SRR14128134;SRR23351002;SRR23351003;SRR23351004;SRR23351005;SRR23351007;SRR23351009;SRR23351010;SRR23351012;SRR23351013;SRR23351014;SRR23351015;SRR23351016;SRR23351020;SRR23351021;SRR23351022;SRR23351023;SRR23351024;SRR23351025,69,596323.HMPREF0554_0260,2.2600000000000002e-26,97.8,"2E9R8@1|root,333XI@2|Bacteria,37CID@32066|Fusobacteria",32066|Fusobacteria,S,"HicA toxin of bacterial toxin-antitoxin,",-,-,-,-,-,-,-,-,-,-,-,-,HicA_toxin
UniRef90_A0A222PBB6,dieguez;ev,SRR14127886;SRR14127888;SRR14127898;SRR14127947;SRR14128115;SRR14128117;SRR14128118;SRR14128125;SRR14128126;SRR14128127;SRR14128131;SRR23351004;SRR23351005;SRR23351012;SRR23351016;SRR23351021,16,596323.HMPREF0554_0260,1.5299999999999999e-24,93.2,"2E9R8@1|root,333XI@2|Bacteria,37CID@32066|Fusobacteria",32066|Fusobacteria,S,"HicA toxin of bacterial toxin-antitoxin,",-,-,-,-,-,-,-,-,-,-,-,-,HicA_toxin
UniRef90_A0A250F9F0,dieguez;ev,SRR14127905;SRR14127947;SRR14128078;SRR14128118;SRR14128120;SRR23351008;SRR23351020;SRR23351025,8,553177.CAPSP0001_2561,1.2900000000000001e-31,115.0,"COG2026@1|root,COG2026@2|Bacteria,4NW0W@976|Bacteroidetes,1IBIQ@117743|Flavobacteriia,1ES82@1016|Capnocytophaga",976|Bacteroidetes,DJ,"Psort location Cytoplasmic, score 8.96",-,-,-,-,-,-,-,-,-,-,-,-,RelE
UniRef90_A0A250FBH3,dieguez;ev,SRR14127888;SRR14127899;SRR14127947;SRR14128067;SRR14128118;SRR14128125;SRR14128134;SRR23351009;SRR23351020;SRR23351025,10,888059.HMPREF9071_2084,8.049999999999999e-42,139.0,"COG4115@1|root,COG4115@2|Bacteria,4NX4C@976|Bacteroidetes,1I2UC@117743|Flavobacteriia,1ESGA@1016|Capnocytophaga",976|Bacteroidetes,S,"addiction module toxin, Txe YoeB family",-,-,-,ko:K19158,-,-,-,-,"ko00000,ko01000,ko02048",-,-,-,YoeB_toxin
UniRef90_A0A250FNZ8,dieguez;ev,SRR14127887;SRR14127893;SRR14127905;SRR14127947;SRR14127951;SRR14128067;SRR14128069;SRR14128117;SRR14128118;SRR14128120;SRR14128125;SRR14128131;SRR14128134;SRR23351002;SRR23351009,15,641143.HMPREF9331_01024,2.44e-66,201.0,"COG4680@1|root,COG4680@2|Bacteria,4NVGW@976|Bacteroidetes,1I64W@117743|Flavobacteriia,1ES53@1016|Capnocytophaga",976|Bacteroidetes,S,"HigB_toxin, RelE-like toxic component of a toxin-antitoxin system",-,-,-,ko:K19166,-,-,-,-,"ko00000,ko01000,ko02048",-,-,-,HigB_toxin
UniRef90_A0A2N6TLH8,dieguez;ev,SRR14127885;SRR14127886;SRR14127887;SRR14127888;SRR14127891;SRR14127893;SRR14127894;SRR14127898;SRR14127899;SRR14127900;SRR14127905;SRR14127907;SRR14127931;SRR14127933;SRR14127935;SRR14127936;SRR14127940;SRR14127941;SRR14127942;SRR14127943;SRR14127944;SRR14127945;SRR14127946;SRR14127947;SRR14127948;SRR14127950;SRR14127951;SRR14128067;SRR14128068;SRR14128069;SRR14128074;SRR14128076;SRR14128078;SRR14128080;SRR14128113;SRR14128114;SRR14128115;SRR14128117;SRR14128118;SRR14128120;SRR14128121;SRR14128122;SRR14128123;SRR14128124;SRR14128126;SRR14128127;SRR14128128;SRR14128131;SRR14128134;SRR23351003;SRR23351006;SRR23351007;SRR23351009;SRR23351010;SRR23351012;SRR23351013;SRR23351015;SRR23351016;SRR23351018;SRR23351021;SRR23351022;SRR23351023,62,596323.HMPREF0554_0260,2.34e-28,102.0,"2E9R8@1|root,333XI@2|Bacteria,37CID@32066|Fusobacteria",32066|Fusobacteria,S,"HicA toxin of bacterial toxin-antitoxin,",-,-,-,-,-,-,-,-,-,-,-,-,HicA_toxin
UniRef90_A5TWG4,dieguez;ev,SRR14127888;SRR14127893;SRR14127894;SRR14127895;SRR14127898;SRR14127899;SRR14127900;SRR14127901;SRR14127902;SRR14127905;SRR14127907;SRR14127931;SRR14127935;SRR14127940;SRR14127941;SRR14127942;SRR14127947;SRR14127950;SRR14127951;SRR14128067;SRR14128069;SRR14128074;SRR14128075;SRR14128076;SRR14128080;SRR14128113;SRR14128115;SRR14128117;SRR14128118;SRR14128120;SRR14128123;SRR14128132;SRR23351004;SRR23351006;SRR23351010;SRR23351014;SRR23351020,37,393480.FNP_1457,8.11e-58,179.0,"COG3077@1|root,COG3077@2|Bacteria",2|Bacteria,L,bacterial-type proximal promoter sequence-specific DNA binding,relB,-,-,ko:K07473,-,-,-,-,"ko00000,ko02048",-,-,-,RelB
UniRef90_C8NB72,dieguez;ev,SRR14127900;SRR14127947;SRR14128070;SRR14128117;SRR14128118;SRR14128131;SRR23351010;SRR23351016,8,998674.ATTE01000001_gene3600,9.13e-21,85.9,"COG1396@1|root,COG1396@2|Bacteria,1N8VE@1224|Proteobacteria,1SDTV@1236|Gammaproteobacteria,4637T@72273|Thiotrichales",72273|Thiotrichales,K,sequence-specific DNA binding,-,-,-,-,-,-,-,-,-,-,-,-,HTH_31
UniRef90_D3IF56,dieguez;ev,SRR14127888;SRR14127898;SRR14127940;SRR14127941;SRR14127951;SRR14128067;SRR14128073;SRR14128115;SRR14128118;SRR14128120;SRR14128131;SRR23351006;SRR23351008;SRR23351010;SRR23351015,15,575615.HMPREF0670_01305,1.6e-63,194.0,"COG4679@1|root,COG4679@2|Bacteria",2|Bacteria,K,PFAM Phage derived protein Gp49-like (DUF891),-,"GO:0001666,GO:0003674,GO:0003824,GO:0004518,GO:0004519,GO:0004521,GO:0004540,GO:0006139,GO:0006725,GO:0006807,GO:0006950,GO:0008150,GO:0008152,GO:0009628,GO:0009987,GO:0016070,GO:0016787,GO:0016788,GO:0034641,GO:0036293,GO:0040008,GO:0043170,GO:0044237,GO:0044238,GO:0045926,GO:0045927,GO:0046483,GO:0048518,GO:0048519,GO:0050789,GO:0050896,GO:0065007,GO:0070482,GO:0071704,GO:0090304,GO:0090305,GO:0090501,GO:0090502,GO:0140098,GO:1901360",-,-,-,-,-,-,-,-,-,-,Gp49
UniRef90_E8KF34,dieguez,SRR14127888;SRR14127947;SRR14128118;SRR14128120,4,1278971.AOGF01000015_gene948,2.5e-86,256.0,"2A752@1|root,30W0Y@2|Bacteria,1QI2J@1224|Proteobacteria,1TFVP@1236|Gammaproteobacteria,1YAB8@135625|Pasteurellales",135625|Pasteurellales,S,"Toxin ToxN, type III toxin-antitoxin system",-,-,-,ko:K19167,-,-,-,-,"ko00000,ko02048",-,-,-,ToxN_toxin
UniRef90_F0IDH7,dieguez,SRR14127885;SRR14127887;SRR14127893;SRR14127948;SRR14128117;SRR14128118,6,888059.HMPREF9071_0567,5.36e-68,206.0,"COG3041@1|root,COG3041@2|Bacteria,4NVNU@976|Bacteroidetes,1IIXM@117743|Flavobacteriia,1ESGX@1016|Capnocytophaga",976|Bacteroidetes,S,"Bacterial toxin of type II toxin-antitoxin system, YafQ",-,-,-,ko:K19157,-,-,-,-,"ko00000,ko01000,ko02048",-,-,-,YafQ_toxin
UniRef90_F7L2Y4,dieguez;ev,SRR14127888;SRR14127894;SRR14127898;SRR14127899;SRR14127900;SRR14127932;SRR14127944;SRR14127947;SRR14127951;SRR14128067;SRR14128074;SRR14128075;SRR14128076;SRR14128079;SRR14128112;SRR14128115;SRR14128117;SRR14128118;SRR14128120;SRR14128126;SRR23351006;SRR23351010;SRR23351014,23,457405.FSDG_01891,2.7500000000000004e-79,236.0,"COG3093@1|root,COG3093@2|Bacteria,37B6K@32066|Fusobacteria",32066|Fusobacteria,K,Zn peptidase,-,-,-,ko:K21498,-,-,-,-,"ko00000,ko02048",-,-,-,-
UniRef90_F9EJN4,dieguez;ev,SRR14127887;SRR14127890;SRR14127898;SRR14127940;SRR14127941;SRR14127942;SRR14127947;SRR14127948;SRR14127951;SRR14128067;SRR14128074;SRR14128113;SRR14128115;SRR14128117;SRR14128118;SRR14128120;SRR14128122;SRR14128123;SRR14128124;SRR14128126;SRR14128132;SRR23351011;SRR23351017;SRR23351021;SRR23351023,25,469618.FVAG_00919,1.64e-27,100.0,"COG1724@1|root,COG1724@2|Bacteria",2|Bacteria,N,mRNA binding,-,-,-,ko:K07339,-,-,-,-,"ko00000,ko01000,ko02048",-,-,-,HicA_toxin
UniRef90_G6C504,dieguez;ev,SRR14127887;SRR14127890;SRR14127894;SRR14127899;SRR14127901;SRR14127904;SRR14127932;SRR14127937;SRR14127941;SRR14127947;SRR14127951;SRR14128067;SRR14128078;SRR14128113;SRR14128115;SRR14128116;SRR14128117;SRR14128118;SRR14128120;SRR14128123;SRR14128125;SRR14128130;SRR14128132;SRR23351004;SRR23351006;SRR23351011;SRR23351012;SRR23351014;SRR23351016;SRR23351020;SRR23351021;SRR23351022,32,861452.HMPREF9093_01650,1.3799999999999998e-23,89.7,"2E5NE@1|root,330D6@2|Bacteria,37AVM@32066|Fusobacteria",32066|Fusobacteria,-,-,-,-,-,-,-,-,-,-,-,-,-,-,-
UniRef90_J4X3C5,dieguez;ev,SRR14127887;SRR14127894;SRR14127902;SRR14127941;SRR14127947;SRR14127951;SRR14128067;SRR14128068;SRR14128069;SRR14128073;SRR14128075;SRR14128076;SRR14128113;SRR14128117;SRR14128118;SRR14128120;SRR14128125;SRR14128126;SRR23351006;SRR23351008;SRR23351009,21,641143.HMPREF9331_00854,2.7e-47,152.0,"2A7E0@1|root,30WBC@2|Bacteria,4P9QV@976|Bacteroidetes,1IFMP@117743|Flavobacteriia,1ET7X@1016|Capnocytophaga",976|Bacteroidetes,-,-,-,-,-,-,-,-,-,-,-,-,-,-,-
UniRef90_J4X4D7,dieguez;ev,SRR14127893;SRR14127947;SRR14127951;SRR14128069;SRR14128078;SRR14128114;SRR14128117;SRR14128118;SRR14128120;SRR14128132;SRR23351014;SRR23351020,12,1227266.HMPREF1551_01913,6.68e-59,183.0,"COG3041@1|root,COG3041@2|Bacteria,4NVNU@976|Bacteroidetes,1IIXM@117743|Flavobacteriia,1ESGX@1016|Capnocytophaga",976|Bacteroidetes,S,"Bacterial toxin of type II toxin-antitoxin system, YafQ",-,-,-,ko:K19157,-,-,-,-,"ko00000,ko01000,ko02048",-,-,-,YafQ_toxin
UniRef90_J5VG22,dieguez,SRR14127888;SRR14127893;SRR14127894;SRR14127898;SRR14127902;SRR14127935;SRR14127947;SRR14127950;SRR14127951;SRR14128068;SRR14128069;SRR14128115;SRR14128117;SRR14128118;SRR14128120;SRR14128122,16,1227266.HMPREF1551_00452,2.57e-50,161.0,"COG1848@1|root,COG1848@2|Bacteria,4NNGQ@976|Bacteroidetes,1I21J@117743|Flavobacteriia,1ESA6@1016|Capnocytophaga",976|Bacteroidetes,S,PIN domain,-,-,-,-,-,-,-,-,-,-,-,-,"PIN,PIN_3"
UniRef90_J6HXM3,dieguez;ev,SRR14127885;SRR14127887;SRR14127889;SRR14127893;SRR14127894;SRR14127895;SRR14127898;SRR14127902;SRR14127904;SRR14127905;SRR14127907;SRR14127935;SRR14127937;SRR14127947;SRR14127948;SRR14127951;SRR14128067;SRR14128069;SRR14128074;SRR14128076;SRR14128078;SRR14128111;SRR14128112;SRR14128113;SRR14128114;SRR14128115;SRR14128117;SRR14128118;SRR14128120;SRR14128121;SRR14128125;SRR14128126;SRR14128127;SRR14128128;SRR14128131;SRR14128134;SRR23351006;SRR23351010;SRR23351014;SRR23351018;SRR23351020,41,641143.HMPREF9331_01663,1.87e-53,168.0,"2AC9R@1|root,311UF@2|Bacteria,4PGPZ@976|Bacteroidetes,1IM4K@117743|Flavobacteriia,1ESIV@1016|Capnocytophaga",976|Bacteroidetes,-,-,-,-,-,-,-,-,-,-,-,-,-,-,-
UniRef90_J6I625,dieguez;ev,SRR14127885;SRR14127893;SRR14127937;SRR14127947;SRR14127951;SRR14128069;SRR14128080;SRR14128085;SRR14128117;SRR14128118;SRR14128120;SRR14128121;SRR23351014;SRR23351016;SRR23351020,15,1227266.HMPREF1551_01912,1.78e-38,129.0,"2A407@1|root,30SIR@2|Bacteria,4PEM1@976|Bacteroidetes,1IF6W@117743|Flavobacteriia,1ESEU@1016|Capnocytophaga",976|Bacteroidetes,-,-,-,-,-,-,-,-,-,-,-,-,-,-,-
UniRef90_L1NU03,dieguez;ev,SRR14127885;SRR14127888;SRR14127907;SRR14127944;SRR14128067;SRR14128069;SRR14128078;SRR14128083;SRR14128118;SRR14128120;SRR14128132;SRR23351002;SRR23351006;SRR23351014;SRR23351019;SRR23351020;SRR23351022;SRR23351025,18,1127692.HMPREF9075_02288,7.579999999999999e-67,202.0,"COG3668@1|root,COG3668@2|Bacteria,4P65V@976|Bacteroidetes,1IF6M@117743|Flavobacteriia,1ESEG@1016|Capnocytophaga",976|Bacteroidetes,S,Plasmid stabilization system,-,-,-,-,-,-,-,-,-,-,-,-,ParE_toxin
UniRef90_L1PKY8,dieguez;ev,SRR14127888;SRR14127934;SRR14127937;SRR14127947;SRR14128074;SRR14128117;SRR14128118;SRR14128120;SRR14128122;SRR14128132;SRR14128134;SRR23351024,12,1035193.HMPREF9073_01869,1.58e-79,236.0,"COG1598@1|root,COG1598@2|Bacteria,4NRY6@976|Bacteroidetes,1I5I7@117743|Flavobacteriia",976|Bacteroidetes,S,PFAM Uncharacterised protein family UPF0150,-,-,-,-,-,-,-,-,-,-,-,-,-
UniRef90_L1PNE1,dieguez;ev,SRR14127888;SRR14127947;SRR14127951;SRR14128113;SRR14128116;SRR14128117;SRR14128118;SRR14128120;SRR14128131;SRR23351006;SRR23351008;SRR23351014;SRR23351019;SRR23351020;SRR23351025,15,1035193.HMPREF9073_01723,5.05e-57,177.0,"2AAVZ@1|root,31091@2|Bacteria,4PEPC@976|Bacteroidetes,1IF92@117743|Flavobacteriia,1ESIW@1016|Capnocytophaga",976|Bacteroidetes,-,-,-,-,-,-,-,-,-,-,-,-,-,-,-
UniRef90_L1PS04,dieguez;ev,SRR14127888;SRR14127898;SRR14127900;SRR14127937;SRR14127947;SRR14128080;SRR14128115;SRR14128117;SRR14128118;SRR14128120;SRR14128123;SRR14128131;SRR23351007;SRR23351014;SRR23351016,15,521097.Coch_0365,3.61e-46,148.0,"2AC85@1|root,311SU@2|Bacteria,4PGNB@976|Bacteroidetes,1IFQC@117743|Flavobacteriia,1ETBG@1016|Capnocytophaga",976|Bacteroidetes,-,-,-,-,-,-,-,-,-,-,-,-,-,-,-
UniRef90_U1Q2Z8,dieguez;ev,SRR14127886;SRR14127887;SRR14127895;SRR14127897;SRR14127898;SRR14127900;SRR14127901;SRR14127943;SRR14128072;SRR14128075;SRR14128076;SRR14128080;SRR14128085;SRR14128114;SRR14128115;SRR14128117;SRR14128118;SRR14128121;SRR14128122;SRR14128131;SRR23351010;SRR23351011;SRR23351012;SRR23351021,24,1227261.HMPREF0043_01620,7.829999999999999e-46,147.0,"COG1476@1|root,COG1476@2|Bacteria,2GXNY@201174|Actinobacteria,4D6P1@85005|Actinomycetales",201174|Actinobacteria,K,Helix-turn-helix XRE-family like proteins,-,-,-,-,-,-,-,-,-,-,-,-,HTH_3
UniRef90_U1QIV9,dieguez,SRR14127894;SRR14127898;SRR14127905;SRR14127941;SRR14127950;SRR14127951;SRR14128067;SRR14128117;SRR14128118;SRR14128120;SRR14128126,11,634176.NT05HA_1048,2.64e-49,157.0,"2AUBG@1|root,31JZ5@2|Bacteria,1QHSJ@1224|Proteobacteria,1TFHD@1236|Gammaproteobacteria,1Y90B@135625|Pasteurellales",135625|Pasteurellales,-,-,-,-,-,-,-,-,-,-,-,-,-,-,-
UniRef90_U1QP00,dieguez;ev,SRR14127886;SRR14127888;SRR14127889;SRR14127891;SRR14127893;SRR14127894;SRR14127895;SRR14127896;SRR14127897;SRR14127898;SRR14127900;SRR14127901;SRR14127902;SRR14127904;SRR14127905;SRR14127933;SRR14127934;SRR14127935;SRR14127936;SRR14127937;SRR14127941;SRR14127944;SRR14127945;SRR14127946;SRR14127947;SRR14127948;SRR14127950;SRR14127951;SRR14128067;SRR14128069;SRR14128073;SRR14128074;SRR14128075;SRR14128076;SRR14128078;SRR14128079;SRR14128081;SRR14128113;SRR14128115;SRR14128117;SRR14128118;SRR14128120;SRR14128121;SRR14128122;SRR14128125;SRR14128126;SRR14128128;SRR14128130;SRR14128131;SRR14128132;SRR14128134;SRR23351002;SRR23351006;SRR23351008;SRR23351013;SRR23351014;SRR23351016;SRR23351018;SRR23351020;SRR23351021;SRR23351024;SRR23351025,62,694569.D7S_01595,1.2e-55,173.0,"COG3084@1|root,COG3084@2|Bacteria,1N026@1224|Proteobacteria,1S93G@1236|Gammaproteobacteria,1Y8WN@135625|Pasteurellales",135625|Pasteurellales,S,Protein of unknown function (DUF1040),VY92_01355,-,-,ko:K09896,-,-,-,-,ko00000,-,-,-,DUF1040
UniRef90_U1QXW4,dieguez;ev,SRR14127893;SRR14127945;SRR14127946;SRR14128069;SRR14128112;SRR14128118;SRR14128120;SRR14128132;SRR23351016;SRR23351024,10,1316932.MHH_c06100,1.34e-40,136.0,"2AUBG@1|root,31JZ5@2|Bacteria,1QHSJ@1224|Proteobacteria,1TFHD@1236|Gammaproteobacteria,1Y90B@135625|Pasteurellales",135625|Pasteurellales,-,-,-,-,-,-,-,-,-,-,-,-,-,-,-
UniRef90_U1S5K2,dieguez;ev,SRR14127893;SRR14127894;SRR14127897;SRR14127898;SRR14127899;SRR14127900;SRR14127902;SRR14127904;SRR14127905;SRR14127907;SRR14127933;SRR14127935;SRR14127936;SRR14127941;SRR14127947;SRR14128083;SRR14128112;SRR14128117;SRR14128118;SRR14128123;SRR14128130;SRR14128132;SRR23351006;SRR23351010,24,1028806.GGE_2120,4.02e-21,84.0,"2AUPV@1|root,31KCT@2|Bacteria,1QI7F@1224|Proteobacteria,1TG1E@1236|Gammaproteobacteria,1YAM5@135625|Pasteurellales",135625|Pasteurellales,-,-,-,-,-,-,-,-,-,-,-,-,-,-,-
UniRef90_U2AXI3,dieguez;ev,SRR14127947;SRR14128117;SRR14128118;SRR14128134;SRR23351006;SRR23351022,6,1227266.HMPREF1551_00671,2.67e-62,191.0,"COG3668@1|root,COG3668@2|Bacteria,4PCFH@976|Bacteroidetes,1IMA0@117743|Flavobacteriia,1ET6N@1016|Capnocytophaga",976|Bacteroidetes,S,Plasmid stabilization system,-,-,-,-,-,-,-,-,-,-,-,-,-
UniRef90_U2CAK8,dieguez;ev,SRR14127885;SRR14127893;SRR14127894;SRR14127898;SRR14127947;SRR14127950;SRR14127951;SRR14128069;SRR14128075;SRR14128078;SRR14128083;SRR14128115;SRR14128117;SRR14128118;SRR14128120;SRR14128128;SRR14128130;SRR14128134;SRR23351009;SRR23351021;SRR23351025,21,1227266.HMPREF1551_00451,2.6499999999999997e-48,154.0,"29D5N@1|root,3003M@2|Bacteria,4PGW3@976|Bacteroidetes,1IFS4@117743|Flavobacteriia,1ETDH@1016|Capnocytophaga",976|Bacteroidetes,-,-,-,-,-,-,-,-,-,-,-,-,-,-,-
UniRef90_U2R2D9,dieguez;ev,SRR14127888;SRR14127889;SRR14127896;SRR14127897;SRR14127898;SRR14127899;SRR14127904;SRR14127907;SRR14127937;SRR14127940;SRR14127942;SRR14127945;SRR14128067;SRR14128069;SRR14128073;SRR14128074;SRR14128075;SRR14128076;SRR14128079;SRR14128080;SRR14128083;SRR14128085;SRR14128112;SRR14128114;SRR14128115;SRR14128117;SRR14128118;SRR14128120;SRR14128127;SRR23351006;SRR23351009;SRR23351010;SRR23351012;SRR23351015;SRR23351016;SRR23351020,36,1227268.HMPREF1552_02277,7.449999999999999e-54,169.0,"COG2026@1|root,COG2026@2|Bacteria,37CQ9@32066|Fusobacteria",32066|Fusobacteria,DJ,"ParE toxin of type II toxin-antitoxin system, parDE",-,-,-,-,-,-,-,-,-,-,-,-,ParE_toxin
UniRef90_U2RAS2,dieguez;ev,SRR14127885;SRR14127886;SRR14127887;SRR14127888;SRR14127889;SRR14127895;SRR14127897;SRR14127898;SRR14127899;SRR14127900;SRR14127901;SRR14127902;SRR14127904;SRR14127905;SRR14127907;SRR14127933;SRR14127934;SRR14127936;SRR14127937;SRR14127940;SRR14127941;SRR14127942;SRR14127943;SRR14127945;SRR14127947;SRR14127948;SRR14128067;SRR14128068;SRR14128069;SRR14128074;SRR14128075;SRR14128076;SRR14128077;SRR14128078;SRR14128079;SRR14128081;SRR14128083;SRR14128111;SRR14128112;SRR14128113;SRR14128114;SRR14128115;SRR14128117;SRR14128118;SRR14128120;SRR14128121;SRR14128122;SRR14128123;SRR14128124;SRR14128125;SRR14128126;SRR14128127;SRR14128128;SRR14128131;SRR14128134;SRR23351003;SRR23351004;SRR23351005;SRR23351006;SRR23351007;SRR23351008;SRR23351010;SRR23351011;SRR23351012;SRR23351013;SRR23351014;SRR23351016;SRR23351017;SRR23351019;SRR23351020;SRR23351021;SRR23351023;SRR23351024;SRR23351025,74,888055.HMPREF9015_02303,2.6000000000000002e-37,125.0,"COG1724@1|root,COG1724@2|Bacteria",2|Bacteria,N,mRNA binding,-,-,-,-,-,-,-,-,-,-,-,-,HicA_toxin
UniRef90_U2SSM5,dieguez;ev,SRR14127894;SRR14127898;SRR14127950;SRR14128117;SRR14128118;SRR23351008;SRR23351022;SRR23351025,8,1321779.HMPREF1984_00562,7.29e-55,171.0,"COG2026@1|root,COG2026@2|Bacteria,37AVG@32066|Fusobacteria",32066|Fusobacteria,DJ,"ParE toxin of type II toxin-antitoxin system, parDE",-,-,-,-,-,-,-,-,-,-,-,-,ParE_toxin
UniRef90_W2CII2,dieguez;ev,SRR14127944;SRR14128072;SRR14128118;SRR14128131;SRR23351004,5,883096.HMPREF9699_01323,4.06e-19,82.0,"COG1598@1|root,COG1598@2|Bacteria,4NTHM@976|Bacteroidetes,1I4F2@117743|Flavobacteriia",976|Bacteroidetes,S,"Psort location Cytoplasmic, score 8.96",-,-,-,-,-,-,-,-,-,-,-,-,HTH_3
UniRef90_W2CIW7,dieguez;ev,SRR14127894;SRR14127947;SRR14128072;SRR14128118;SRR14128131;SRR23351011;SRR23351014;SRR23351016,8,1287476.HMPREF1651_02925,2.2599999999999998e-55,174.0,"COG4679@1|root,COG4679@2|Bacteria,4NSFF@976|Bacteroidetes,2FUDI@200643|Bacteroidia",976|Bacteroidetes,S,"Toxin-antitoxin system, toxin component, RelE family",-,-,-,-,-,-,-,-,-,-,-,-,Gp49
UniRef90_W2CTG9,dieguez;ev,SRR14127888;SRR14127889;SRR14127898;SRR14127900;SRR14127904;SRR14127905;SRR14127941;SRR14127947;SRR14128069;SRR14128070;SRR14128072;SRR14128111;SRR14128113;SRR14128118;SRR14128131;SRR23351003;SRR23351004;SRR23351010;SRR23351014;SRR23351015;SRR23351021;SRR23351022,22,484018.BACPLE_02676,3.37e-17,76.3,"2FJVX@1|root,34BIE@2|Bacteria,4P5TW@976|Bacteroidetes,2FV4Y@200643|Bacteroidia,4AS9D@815|Bacteroidaceae",976|Bacteroidetes,-,-,-,-,-,-,-,-,-,-,-,-,-,-,-
UniRef90_W2VDD7,dieguez;ev,SRR14127898;SRR14127900;SRR14127901;SRR14128067;SRR14128068;SRR14128073;SRR14128075;SRR14128114;SRR14128115;SRR14128117;SRR14128118;SRR14128120;SRR14128123;SRR14128125;SRR14128126;SRR14128128;SRR14128131;SRR23351005;SRR23351010;SRR23351019;SRR23351021;SRR23351025,22,936596.HMPREF1495_1828,2.28e-53,167.0,"COG2161@1|root,COG2161@2|Bacteria,1VG28@1239|Firmicutes,24Q8R@186801|Clostridia,1HVWZ@1164882|Lachnoanaerobaculum",186801|Clostridia,D,Antitoxin component of a toxin-antitoxin (TA) module,-,-,-,-,-,-,-,-,-,-,-,-,PhdYeFM_antitox
UniRef90_X8I528,dieguez;ev,SRR14127885;SRR14127887;SRR14127888;SRR14127889;SRR14127893;SRR14127894;SRR14127895;SRR14127896;SRR14127897;SRR14127898;SRR14127899;SRR14127900;SRR14127901;SRR14127902;SRR14127904;SRR14127905;SRR14127907;SRR14127931;SRR14127932;SRR14127933;SRR14127934;SRR14127935;SRR14127940;SRR14127941;SRR14127942;SRR14127943;SRR14127944;SRR14127945;SRR14127946;SRR14127947;SRR14127948;SRR14127950;SRR14127951;SRR14128067;SRR14128068;SRR14128073;SRR14128074;SRR14128075;SRR14128076;SRR14128077;SRR14128078;SRR14128079;SRR14128085;SRR14128111;SRR14128112;SRR14128113;SRR14128114;SRR14128115;SRR14128117;SRR14128118;SRR14128120;SRR14128122;SRR14128125;SRR14128126;SRR14128127;SRR14128130;SRR14128131;SRR14128132;SRR14128134;SRR23351002;SRR23351003;SRR23351004;SRR23351006;SRR23351008;SRR23351009;SRR23351010;SRR23351011;SRR23351012;SRR23351014;SRR23351015;SRR23351016;SRR23351018;SRR23351019;SRR23351021;SRR23351022;SRR23351025,76,393480.FNP_2363,9.67e-26,96.3,"2E07C@1|root,32VV8@2|Bacteria,37AKG@32066|Fusobacteria",32066|Fusobacteria,-,-,-,-,-,-,-,-,-,-,-,-,-,-,-
UniRef90_C9MZK9,dieguez;ev,SRR14127898;SRR14127899;SRR14127900;SRR14127901;SRR14127937;SRR14128075;SRR14128115;SRR14128120;SRR14128125;SRR14128131;SRR23351009;SRR23351011;SRR23351012;SRR23351018,14,634994.GCWU000323_01979,1.7e-66,202.0,"COG2026@1|root,COG2026@2|Bacteria,37AVG@32066|Fusobacteria",32066|Fusobacteria,DJ,"ParE toxin of type II toxin-antitoxin system, parDE",-,-,-,-,-,-,-,-,-,-,-,-,ParE_toxin
UniRef90_D3IKE1,dieguez;ev,SRR14127887;SRR14127890;SRR14127898;SRR14127899;SRR14127941;SRR14127944;SRR14127947;SRR14127951;SRR14128076;SRR14128114;SRR14128120;SRR14128126;SRR14128131;SRR14128134;SRR23351014;SRR23351016,16,688246.Premu_0003,3.89e-26,98.6,"2ER02@1|root,33IJK@2|Bacteria,4NXQX@976|Bacteroidetes,2FVFM@200643|Bacteroidia",976|Bacteroidetes,-,-,-,-,-,-,-,-,-,-,-,-,-,-,PhdYeFM_antitox
UniRef90_E0DHH0,dieguez;ev,SRR14127888;SRR14127898;SRR14127899;SRR14127941;SRR14128112;SRR14128121;SRR14128124;SRR14128131;SRR23351004,9,1121363.KB902224_gene16,1.04e-11,60.8,"COG2161@1|root,COG2161@2|Bacteria,2HM53@201174|Actinobacteria,22PJP@1653|Corynebacteriaceae",201174|Actinobacteria,D,Antitoxin component of a toxin-antitoxin (TA) module,-,-,-,-,-,-,-,-,-,-,-,-,PhdYeFM_antitox
UniRef90_L1NXR5,dieguez,SRR14127885;SRR14127886;SRR14127899;SRR14127900;SRR14128120;SRR14128126;SRR14128134,7,553178.CAPGI0001_1244,8.74e-20,82.0,"COG3668@1|root,COG3668@2|Bacteria,4P65V@976|Bacteroidetes,1IF6M@117743|Flavobacteriia,1ESEG@1016|Capnocytophaga",976|Bacteroidetes,S,Plasmid stabilization system,-,-,-,-,-,-,-,-,-,-,-,-,ParE_toxin
UniRef90_L1PDL4,dieguez;ev,SRR14127893;SRR14127898;SRR14127899;SRR14127900;SRR14127937;SRR14128074;SRR14128083;SRR14128115;SRR14128120;SRR14128130;SRR14128131;SRR23351015,12,641143.HMPREF9331_01663,2.51e-14,68.9,"2AC9R@1|root,311UF@2|Bacteria,4PGPZ@976|Bacteroidetes,1IM4K@117743|Flavobacteriia,1ESIV@1016|Capnocytophaga",976|Bacteroidetes,-,-,-,-,-,-,-,-,-,-,-,-,-,-,-
UniRef90_L1PQP4,dieguez;ev,SRR14127888;SRR14127891;SRR14127898;SRR14127899;SRR14127900;SRR14127905;SRR14127941;SRR14127944;SRR14127947;SRR14127948;SRR14127950;SRR14128067;SRR14128069;SRR14128117;SRR14128120;SRR14128122;SRR14128126;SRR14128127;SRR14128131;SRR14128132;SRR23351006;SRR23351008;SRR23351013;SRR23351014;SRR23351024,25,1035193.HMPREF9073_01362,2.25e-54,170.0,"2ABYU@1|root,311G8@2|Bacteria,4PG9R@976|Bacteroidetes,1IFNA@117743|Flavobacteriia,1ET8I@1016|Capnocytophaga",976|Bacteroidetes,-,-,-,-,-,-,-,-,-,-,-,-,-,-,-
UniRef90_L1Q3K9,dieguez;ev,SRR14127888;SRR14127898;SRR14127899;SRR14127900;SRR14127950;SRR14128067;SRR14128076;SRR14128112;SRR14128120;SRR14128128;SRR23351006,11,1035193.HMPREF9073_00203,1.63e-43,141.0,"2AAW0@1|root,31092@2|Bacteria,4PEPD@976|Bacteroidetes,1IF93@117743|Flavobacteriia,1ESIX@1016|Capnocytophaga",976|Bacteroidetes,-,-,-,-,-,-,-,-,-,-,-,-,-,-,-
UniRef90_U2PKD9,dieguez;ev,SRR14127886;SRR14127888;SRR14127894;SRR14127897;SRR14127899;SRR14127900;SRR14127904;SRR14127905;SRR14127907;SRR14127941;SRR14128069;SRR14128072;SRR14128078;SRR14128112;SRR14128113;SRR14128120;SRR14128122;SRR14128127;SRR23351003;SRR23351007;SRR23351009,21,1227268.HMPREF1552_01229,3.6900000000000002e-37,124.0,"COG1724@1|root,COG1724@2|Bacteria,37B2C@32066|Fusobacteria",32066|Fusobacteria,N,"HicA toxin of bacterial toxin-antitoxin,",-,-,-,-,-,-,-,-,-,-,-,-,HicA_toxin
UniRef90_A0A2B7YNI3,dieguez;ev,SRR14127887;SRR14127944;SRR14127948;SRR14128078;SRR14128117;SRR14128120;SRR23351009;SRR23351011;SRR23351013;SRR23351015,10,190304.FN0171,1.39e-19,81.6,"2CG5X@1|root,2ZI5Y@2|Bacteria,37CIB@32066|Fusobacteria",32066|Fusobacteria,-,-,-,-,-,-,-,-,-,-,-,-,-,-,-
UniRef90_L1P808,dieguez;ev,SRR14127885;SRR14127905;SRR14128134;SRR23351006;SRR23351012;SRR23351014;SRR23351022,7,1127692.HMPREF9075_00586,5.12e-31,108.0,"2A83S@1|root,30X4G@2|Bacteria,4PAG6@976|Bacteroidetes,1IM4T@117743|Flavobacteriia,1ESK4@1016|Capnocytophaga",976|Bacteroidetes,-,-,-,-,-,-,-,-,-,-,-,-,-,-,-
UniRef90_L1PBM2,dieguez;ev,SRR14127885;SRR14127891;SRR14127893;SRR14127946;SRR14127947;SRR14128069;SRR14128076;SRR14128078;SRR14128117;SRR14128126;SRR14128130;SRR14128131;SRR14128132;SRR23351006;SRR23351008;SRR23351019;SRR23351020;SRR23351024,18,1035193.HMPREF9073_02589,8.73e-32,111.0,"2A5G4@1|root,30U65@2|Bacteria,4PFF3@976|Bacteroidetes,1IF7I@117743|Flavobacteriia,1ESG2@1016|Capnocytophaga",976|Bacteroidetes,-,-,-,-,-,-,-,-,-,-,-,-,-,-,-
UniRef90_U2AQ36,dieguez;ev,SRR14127885;SRR14128126;SRR23351006,3,1227266.HMPREF1551_02618,8.85e-72,215.0,"COG3041@1|root,COG3041@2|Bacteria,4NVAC@976|Bacteroidetes,1IIXK@117743|Flavobacteriia,1ETH1@1016|Capnocytophaga",976|Bacteroidetes,S,"addiction module toxin, RelE StbE family",-,-,-,ko:K19157,-,-,-,-,"ko00000,ko01000,ko02048",-,-,-,YafQ_toxin
UniRef90_U2AZB2,dieguez;ev,SRR14127885;SRR14127898;SRR14127950;SRR14128069;SRR14128083;SRR14128131;SRR14128134;SRR23351006;SRR23351022,9,1227266.HMPREF1551_00206,6.1799999999999995e-52,163.0,"2AAW0@1|root,31092@2|Bacteria,4PEPD@976|Bacteroidetes,1IF93@117743|Flavobacteriia,1ESIX@1016|Capnocytophaga",976|Bacteroidetes,-,-,-,-,-,-,-,-,-,-,-,-,-,-,-
UniRef90_U2BYZ5,dieguez;ev,SRR14127885;SRR14127893;SRR14128074;SRR14128120;SRR14128126;SRR23351016,6,1227266.HMPREF1551_02048,2.69e-35,120.0,"2A407@1|root,30SIR@2|Bacteria,4PEM1@976|Bacteroidetes,1IF6W@117743|Flavobacteriia,1ESEU@1016|Capnocytophaga",976|Bacteroidetes,-,-,-,-,-,-,-,-,-,-,-,-,-,-,-
UniRef90_UPI000BB16949,dieguez;ev,SRR14127885;SRR14127947;SRR14128067;SRR14128083;SRR14128134;SRR23351013;SRR23351025,7,553177.CAPSP0001_1194,6.03e-50,159.0,"COG2026@1|root,COG2026@2|Bacteria,4NVIF@976|Bacteroidetes,1I5T2@117743|Flavobacteriia,1ET72@1016|Capnocytophaga",976|Bacteroidetes,DJ,"ParE toxin of type II toxin-antitoxin system, parDE",-,-,-,ko:K06218,-,-,-,-,"ko00000,ko02048",-,-,-,ParE_toxin
UniRef90_E7RY83,dieguez;ev,SRR14127895;SRR14127896;SRR14127897;SRR14127898;SRR14128074;SRR14128076;SRR14128120;SRR14128124;SRR14128130;SRR14128131;SRR23351002;SRR23351013;SRR23351017;SRR23351019;SRR23351020;SRR23351021;SRR23351023;SRR23351025,18,887898.HMPREF0551_1647,1.3800000000000002e-85,252.0,"COG3744@1|root,COG3744@2|Bacteria,1N349@1224|Proteobacteria",1224|Proteobacteria,S,PIN domain,-,-,-,-,-,-,-,-,-,-,-,-,PIN
UniRef90_A0A133ZXA4,dieguez;ev,SRR14128067;SRR14128085;SRR14128117;SRR14128128;SRR23351003;SRR23351004;SRR23351005;SRR23351011;SRR23351012;SRR23351014,10,861454.HMPREF9099_02963,2.61e-262,721.0,"COG3853@1|root,COG3853@2|Bacteria,1TQVX@1239|Firmicutes,24A2H@186801|Clostridia,27J0V@186928|unclassified Lachnospiraceae",186801|Clostridia,P,Toxic anion resistance protein (TelA),-,-,-,-,-,-,-,-,-,-,-,-,TelA
UniRef90_D3QZD1,dieguez;ev,SRR14127887;SRR14127888;SRR14127898;SRR14127900;SRR14127901;SRR14127902;SRR14127947;SRR14128068;SRR14128085;SRR14128114;SRR14128117;SRR14128120;SRR23351003;SRR23351004;SRR23351005;SRR23351007;SRR23351008;SRR23351011;SRR23351021;SRR23351024,20,1321782.HMPREF1986_00126,5.2e-64,195.0,"COG3041@1|root,COG3041@2|Bacteria,1VENE@1239|Firmicutes,24MW1@186801|Clostridia,2PSTP@265975|Oribacterium",186801|Clostridia,S,"Bacterial toxin of type II toxin-antitoxin system, YafQ",-,-,-,ko:K19157,-,-,-,-,"ko00000,ko01000,ko02048",-,-,-,YafQ_toxin
UniRef90_F2UVA9,dieguez;ev,SRR14128069;SRR14128070;SRR14128072;SRR14128083;SRR14128085;SRR14128116;SRR14128131;SRR23351005;SRR23351006;SRR23351010;SRR23351011;SRR23351013;SRR23351017;SRR23351018;SRR23351021;SRR23351025,16,562973.HMPREF0059_00360,9.29e-62,189.0,"2AS3E@1|root,31HG3@2|Bacteria,2INHV@201174|Actinobacteria,4D6AK@85005|Actinomycetales",201174|Actinobacteria,-,-,-,-,-,-,-,-,-,-,-,-,-,-,-
UniRef90_J5UUN7,dieguez;ev,SRR14127890;SRR14127894;SRR14127904;SRR14127905;SRR14127937;SRR14127941;SRR14127951;SRR14128067;SRR14128069;SRR14128075;SRR14128085;SRR14128111;SRR14128114;SRR14128115;SRR14128120;SRR14128121;SRR14128122;SRR14128125;SRR14128126;SRR23351006;SRR23351009;SRR23351011;SRR23351016,23,641143.HMPREF9331_00206,1.32e-35,121.0,"2A42Q@1|root,30SMM@2|Bacteria,4PENQ@976|Bacteroidetes,1IF8F@117743|Flavobacteriia,1ESHX@1016|Capnocytophaga",976|Bacteroidetes,-,-,-,-,-,-,-,-,-,-,-,-,-,-,-
UniRef90_U1R9S4,dieguez;ev,SRR14127895;SRR14127897;SRR14127898;SRR14127933;SRR14128072;SRR14128080;SRR14128085;SRR14128122;SRR14128131;SRR23351011;SRR23351012;SRR23351017;SRR23351021;SRR23351025,14,1227261.HMPREF0043_01920,3.0400000000000002e-58,180.0,"2AT5G@1|root,31IMP@2|Bacteria,2HN2P@201174|Actinobacteria,4D7W5@85005|Actinomycetales",201174|Actinobacteria,S,"Psort location Cytoplasmic, score",-,-,-,-,-,-,-,-,-,-,-,-,-
UniRef90_A5TT68,dieguez;ev,SRR14128117;SRR14128130;SRR23351006;SRR23351014,4,393480.FNP_0278,2.15e-191,534.0,"COG2849@1|root,COG2849@2|Bacteria,379NS@32066|Fusobacteria",32066|Fusobacteria,S,MORN repeat variant,-,-,-,-,-,-,-,-,-,-,-,-,MORN_2
UniRef90_U1R3T5,dieguez;ev,SRR14127893;SRR14127897;SRR14127898;SRR14127900;SRR14127945;SRR14127948;SRR14127950;SRR14127951;SRR14128067;SRR14128069;SRR14128115;SRR14128120;SRR14128121;SRR14128126;SRR14128130;SRR14128131;SRR14128132;SRR14128134;SRR23351010;SRR23351014;SRR23351022,21,547045.NEISICOT_02541,5.6e-79,238.0,"29XYS@1|root,30JRE@2|Bacteria,1RFMZ@1224|Proteobacteria,2VR93@28216|Betaproteobacteria,2KR9J@206351|Neisseriales",206351|Neisseriales,S,"Psort location Cytoplasmic, score 8.96",-,-,-,-,-,-,-,-,-,-,-,-,-
UniRef90_X8HWZ7,dieguez;ev,SRR14127898;SRR14127905;SRR14127945;SRR14127951;SRR14128069;SRR14128075;SRR14128076;SRR14128112;SRR14128113;SRR14128117;SRR14128120;SRR14128126;SRR14128130;SRR14128134;SRR23351006;SRR23351010;SRR23351011;SRR23351012,18,546270.GEMHA0001_0478,5.09e-36,124.0,"COG2026@1|root,COG2026@2|Bacteria,1VEQK@1239|Firmicutes,4HQ2Q@91061|Bacilli",91061|Bacilli,DJ,"ParE toxin of type II toxin-antitoxin system, parDE",-,-,-,ko:K06218,-,-,-,-,"ko00000,ko02048",-,-,-,ParE_toxin
UniRef90_L1NY42,dieguez;ev,SRR14127904;SRR14127950;SRR14128074;SRR14128134;SRR23351002;SRR23351006;SRR23351022,7,1127692.HMPREF9075_01730,5.9399999999999994e-34,116.0,"2AB4I@1|root,310IJ@2|Bacteria,4PF2V@976|Bacteroidetes,1IFPG@117743|Flavobacteriia,1ETA3@1016|Capnocytophaga",976|Bacteroidetes,-,-,-,-,-,-,-,-,-,-,-,-,-,-,-
UniRef90_L1PAV3,dieguez;ev,SRR14127904;SRR23351006,2,1127692.HMPREF9075_00232,1.73e-84,249.0,"2A407@1|root,30SIR@2|Bacteria,4PEM1@976|Bacteroidetes,1IF6W@117743|Flavobacteriia,1ESEU@1016|Capnocytophaga",976|Bacteroidetes,-,-,-,-,-,-,-,-,-,-,-,-,-,-,-
UniRef90_U2SWN1,dieguez,SRR14127904;SRR14127947;SRR14128120;SRR14128122,4,1321779.HMPREF1984_01383,6.38e-61,187.0,"2EHFX@1|root,33B7T@2|Bacteria,37BA6@32066|Fusobacteria",32066|Fusobacteria,-,-,-,-,-,-,-,-,-,-,-,-,-,-,-
UniRef90_UPI0007E347B6,dieguez;ev,SRR14127898;SRR14127901;SRR14127902;SRR14127907;SRR14127932;SRR14127933;SRR14127941;SRR14127948;SRR14127950;SRR14128111;SRR23351007;SRR23351012;SRR23351015;SRR23351021;SRR23351023,15,546275.FUSPEROL_01489,2.54e-34,117.0,"2E9R8@1|root,333XI@2|Bacteria,37CID@32066|Fusobacteria",32066|Fusobacteria,S,"HicA toxin of bacterial toxin-antitoxin,",-,-,-,-,-,-,-,-,-,-,-,-,HicA_toxin
UniRef90_E0DHI2,dieguez;ev,SRR14127890;SRR14127900;SRR14127945;SRR14128068;SRR14128070;SRR14128072;SRR14128078;SRR14128112;SRR14128116;SRR14128120;SRR14128131;SRR23351002;SRR23351004;SRR23351007;SRR23351009;SRR23351011;SRR23351013;SRR23351017;SRR23351018,19,553207.HMPREF0299_5134,1.55e-38,129.0,"2ESIU@1|root,33K3I@2|Bacteria,2GX0D@201174|Actinobacteria,22P5I@1653|Corynebacteriaceae",201174|Actinobacteria,-,-,-,-,-,-,-,-,-,-,-,-,-,-,-
UniRef90_U2R544,dieguez,SRR14127898;SRR14127937;SRR14127945;SRR14128075;SRR14128078;SRR14128120,6,888055.HMPREF9015_01631,3.02e-40,133.0,"COG2161@1|root,COG2161@2|Bacteria",2|Bacteria,D,toxin-antitoxin pair type II binding,-,-,-,-,-,-,-,-,-,-,-,-,PhdYeFM_antitox
UniRef90_F9EQU2,dieguez;ev,SRR14127888;SRR14127931;SRR14127947;SRR14128113;SRR14128115;SRR14128132;SRR23351022,7,457405.FSDG_00299,1.4e-122,355.0,"28M7Z@1|root,2ZAM8@2|Bacteria,379W1@32066|Fusobacteria",32066|Fusobacteria,-,-,-,-,-,-,-,-,-,-,-,-,-,-,-
UniRef90_L1PTL1,dieguez;ev,SRR14127896;SRR14127897;SRR14127898;SRR14127900;SRR14127937;SRR14128078;SRR14128120;SRR14128122;SRR23351025,9,1035193.HMPREF9073_01069,7.57e-63,192.0,"2AC9R@1|root,311UF@2|Bacteria,4PGPZ@976|Bacteroidetes,1IM4K@117743|Flavobacteriia,1ESIV@1016|Capnocytophaga",976|Bacteroidetes,-,-,-,-,-,-,-,-,-,-,-,-,-,-,-
UniRef90_U2RSB5,dieguez,SRR14127888;SRR14128069;SRR14128078;SRR14128131,4,1321779.HMPREF1984_01040,2.78e-25,94.7,"2EMNC@1|root,33FAQ@2|Bacteria,37CIC@32066|Fusobacteria",32066|Fusobacteria,-,-,-,-,-,-,-,-,-,-,-,-,-,-,-
UniRef90_D2ENY9,dieguez;ev,SRR14127895;SRR14127900;SRR14128067;SRR14128125;SRR14128128;SRR14128131;SRR23351002;SRR23351009;SRR23351012;SRR23351016;SRR23351017;SRR23351021;SRR23351023,13,563037.HMPREF0850_00677,3.09e-39,130.0,"COG1724@1|root,COG1724@2|Bacteria,1VMR2@1239|Firmicutes,4HS13@91061|Bacilli",91061|Bacilli,N,periplasmic or secreted lipoprotein,-,-,-,-,-,-,-,-,-,-,-,-,HicA_toxin
UniRef90_G6AGG7,dieguez;ev,SRR14128114;SRR14128117;SRR14128125;SRR14128131;SRR23351005;SRR23351025,6,702438.HMPREF9431_01244,9.3e-63,192.0,"COG3041@1|root,COG3041@2|Bacteria",2|Bacteria,S,endonuclease activity,-,-,-,ko:K19157,-,-,-,-,"ko00000,ko01000,ko02048",-,-,-,YafQ_toxin
UniRef90_L1PUU1,dieguez;ev,SRR14127888;SRR14127898;SRR14128069;SRR14128081;SRR14128125;SRR14128131;SRR23351006;SRR23351013;SRR23351020;SRR23351023;SRR23351024;SRR23351025,12,1035193.HMPREF9073_00930,3.2799999999999997e-52,164.0,"2A407@1|root,30SIR@2|Bacteria,4PEM1@976|Bacteroidetes,1IF6W@117743|Flavobacteriia,1ESEU@1016|Capnocytophaga",976|Bacteroidetes,-,-,-,-,-,-,-,-,-,-,-,-,-,-,-
UniRef90_UPI0009F878EB,dieguez;ev,SRR14128125;SRR14128131;SRR23351007;SRR23351017;SRR23351021;SRR23351023,6,585199.HMPREF0577_0066,2.17e-15,71.2,"COG3041@1|root,COG3041@2|Bacteria,2IR0M@201174|Actinobacteria,4D6J7@85005|Actinomycetales",201174|Actinobacteria,S,RelE StbE family,-,-,-,ko:K19157,-,-,-,-,"ko00000,ko01000,ko02048",-,-,-,YafQ_toxin
UniRef90_A0A069ZHY6,dieguez;ev,SRR14128131;SRR23351013,2,997829.HMPREF1121_01580,2.92e-232,639.0,"COG3943@1|root,COG3943@2|Bacteria,4NEGN@976|Bacteroidetes,2FM81@200643|Bacteroidia,22WA8@171551|Porphyromonadaceae",976|Bacteroidetes,S,Virulence protein RhuM family,-,-,-,-,-,-,-,-,-,-,-,-,Virulence_RhuM
UniRef90_A0A096ASI9,dieguez,SRR14127947;SRR14128117;SRR14128128;SRR14128131,4,563031.HMPREF0666_02581,2.05e-57,180.0,"2FCR5@1|root,344UB@2|Bacteria",2|Bacteria,S,Phage derived protein Gp49-like (DUF891),-,-,-,-,-,-,-,-,-,-,-,-,Gp49
UniRef90_A0A0M4GTB0,dieguez;ev,SRR14127900;SRR14128070;SRR14128072;SRR14128123;SRR14128131;SRR23351007;SRR23351008;SRR23351012;SRR23351015;SRR23351016;SRR23351017;SRR23351021;SRR23351023,13,944560.HMPREF9058_0159,3.1199999999999997e-38,128.0,"2AS1K@1|root,31HE1@2|Bacteria,2HM28@201174|Actinobacteria,4D68E@85005|Actinomycetales",201174|Actinobacteria,-,-,-,-,-,-,-,-,-,-,-,-,-,-,-
UniRef90_A0A0X8KAH6,dieguez;ev,SRR14128131;SRR23351007;SRR23351016,3,500635.MITSMUL_04178,1.75e-23,90.5,"COG1724@1|root,COG1724@2|Bacteria,1VPSV@1239|Firmicutes,4H5MA@909932|Negativicutes",909932|Negativicutes,N,"HicA toxin of bacterial toxin-antitoxin,",-,-,-,-,-,-,-,-,-,-,-,-,HicA_toxin
UniRef90_A0A1Q8WM28,dieguez;ev,SRR14127889;SRR14127900;SRR14128068;SRR14128070;SRR14128083;SRR14128131;SRR23351003;SRR23351005;SRR23351010;SRR23351012;SRR23351016;SRR23351023;SRR23351025,13,562973.HMPREF0059_00740,8.56e-45,145.0,"COG3609@1|root,COG3609@2|Bacteria,2HMRD@201174|Actinobacteria,4D7F3@85005|Actinomycetales",201174|Actinobacteria,K,Bacterial antitoxin of ParD toxin-antitoxin type II system and RHH,-,-,-,-,-,-,-,-,-,-,-,-,ParD_antitoxin
UniRef90_A0A318HQ74,dieguez;ev,SRR14128131;SRR23351016,2,575615.HMPREF0670_02724,2.29e-165,506.0,"COG3209@1|root,COG3209@2|Bacteria,4NGJF@976|Bacteroidetes",976|Bacteroidetes,M,RHS repeat-associated core domain protein,-,-,-,-,-,-,-,-,-,-,-,-,VCBS
UniRef90_A3CQ47,dieguez;ev,SRR14128131;SRR23351013;SRR23351018;SRR23351019;SRR23351020;SRR23351025,6,388919.SSA_1927,1.25e-210,583.0,"COG1275@1|root,COG1275@2|Bacteria,1UF9M@1239|Firmicutes,4IK8Z@91061|Bacilli,1WQQ7@1305|Streptococcus sanguinis",91061|Bacilli,P,Voltage-dependent anion channel,-,-,-,ko:K11041,"ko05150,map05150",-,-,-,"ko00000,ko00001,ko02042",2.A.16,-,-,SLAC1
UniRef90_C7M709,dieguez;ev,SRR14128067;SRR14128068;SRR14128131;SRR23351006;SRR23351008;SRR23351025,6,521097.Coch_0500,5.34e-140,395.0,"COG4185@1|root,COG4185@2|Bacteria,4NNKA@976|Bacteroidetes,1I2P5@117743|Flavobacteriia,1EQ29@1016|Capnocytophaga",976|Bacteroidetes,S,Zeta toxin,-,-,-,-,-,-,-,-,-,-,-,-,Zeta_toxin
UniRef90_C8NDE1,dieguez;ev,SRR14128072;SRR14128131;SRR23351006;SRR23351014;SRR23351022,5,246195.DNO_0637,3.44e-126,374.0,"COG3853@1|root,COG3853@2|Bacteria,1MZ3B@1224|Proteobacteria,1RZUJ@1236|Gammaproteobacteria",1236|Gammaproteobacteria,P,Belongs to the TelA family,-,-,-,-,-,-,-,-,-,-,-,-,TelA
UniRef90_C9MWN9,dieguez;ev,SRR14127900;SRR14127941;SRR14128068;SRR14128069;SRR14128120;SRR14128128;SRR14128131;SRR14128132;SRR23351014,9,634994.GCWU000323_00960,2.76e-59,182.0,"COG3041@1|root,COG3041@2|Bacteria,37AY4@32066|Fusobacteria",32066|Fusobacteria,S,"Bacterial toxin of type II toxin-antitoxin system, YafQ",-,-,-,-,-,-,-,-,-,-,-,-,YafQ_toxin
UniRef90_E7RTK5,dieguez;ev,SRR14128131;SRR23351013,2,887898.HMPREF0551_0274,1.15e-86,254.0,"COG1487@1|root,COG1487@2|Bacteria,1MZZ9@1224|Proteobacteria,2VSN5@28216|Betaproteobacteria,1K8N5@119060|Burkholderiaceae",28216|Betaproteobacteria,S,Toxic component of a toxin-antitoxin (TA) module. An RNase,-,-,-,-,-,-,-,-,-,-,-,-,PIN
UniRef90_E7RTK6,dieguez;ev,SRR14128076;SRR14128081;SRR14128111;SRR14128131;SRR23351008;SRR23351013,6,887898.HMPREF0551_0275,1.4e-53,168.0,"2E3XX@1|root,32YUX@2|Bacteria,1R397@1224|Proteobacteria,2VWZW@28216|Betaproteobacteria,1KA60@119060|Burkholderiaceae",28216|Betaproteobacteria,S,"Bacterial antitoxin of type II TA system, VapB",-,-,-,-,-,-,-,-,-,-,-,-,VapB_antitoxin
UniRef90_E7RXG0,dieguez;ev,SRR14127888;SRR14128131;SRR23351007;SRR23351013;SRR23351017;SRR23351018;SRR23351019;SRR23351023;SRR23351024,9,887898.HMPREF0551_1373,6.129999999999999e-48,153.0,"2DNER@1|root,32X4S@2|Bacteria,1NB0B@1224|Proteobacteria,2VWJQ@28216|Betaproteobacteria",28216|Betaproteobacteria,S,ParD-like antitoxin of type II bacterial toxin-antitoxin system,-,-,-,-,-,-,-,-,-,-,-,-,ParD_like
UniRef90_E7RYB7,dieguez;ev,SRR14128131;SRR23351013;SRR23351025,3,887898.HMPREF0551_1681,1.83e-63,193.0,"COG3549@1|root,COG3549@2|Bacteria,1MZKX@1224|Proteobacteria,2VUAX@28216|Betaproteobacteria,1K9HA@119060|Burkholderiaceae",28216|Betaproteobacteria,S,RelE-like toxin of type II toxin-antitoxin system HigB,-,-,-,ko:K07334,-,-,-,-,"ko00000,ko02048",-,-,-,HigB-like_toxin
UniRef90_E7RYC5,dieguez;ev,SRR14128080;SRR14128131;SRR23351013;SRR23351016;SRR23351020;SRR23351021,6,887898.HMPREF0551_1689,3.69e-59,182.0,"COG2026@1|root,COG2026@2|Bacteria,1MZ76@1224|Proteobacteria,2VV06@28216|Betaproteobacteria,1KAEC@119060|Burkholderiaceae",28216|Betaproteobacteria,DJ,"ParE toxin of type II toxin-antitoxin system, parDE",relE,-,-,ko:K06218,-,-,-,-,"ko00000,ko02048",-,-,-,ParE_toxin
UniRef90_E7RYK2,dieguez;ev,SRR14128131;SRR23351013;SRR23351017;SRR23351019;SRR23351025,5,887898.HMPREF0551_1766,4.2800000000000004e-49,156.0,"COG4691@1|root,COG4691@2|Bacteria,1N8BI@1224|Proteobacteria,2VVWB@28216|Betaproteobacteria,1KF25@119060|Burkholderiaceae",28216|Betaproteobacteria,S,Plasmid stability protein,stbC,-,-,ko:K21495,-,-,-,-,"ko00000,ko02048",-,-,-,Arc
UniRef90_F0IAB6,dieguez;ev,SRR14128131;SRR23351002;SRR23351013;SRR23351018;SRR23351019;SRR23351024;SRR23351025,7,388919.SSA_2277,0.0,2455.0,"COG1674@1|root,COG1674@2|Bacteria,1TRA4@1239|Firmicutes,4H9QM@91061|Bacilli,1WQTN@1305|Streptococcus sanguinis",91061|Bacilli,D,cog cog1674,essC,-,-,ko:K03466,-,-,-,-,"ko00000,ko03036",3.A.12,-,-,"FHA,FtsK_SpoIIIE,FtsK_SpoIIIE_N"
UniRef90_F0IIV1,dieguez;ev,SRR14128131;SRR23351013;SRR23351018;SRR23351019;SRR23351024;SRR23351025,6,1316408.HSISM1_487,3.88e-259,759.0,"COG1674@1|root,COG1674@2|Bacteria,1TRA4@1239|Firmicutes,4H9QM@91061|Bacilli",91061|Bacilli,D,DNA segregation ATPase FtsK SpoIIIE and related proteins,essC,-,-,ko:K03466,-,-,-,-,"ko00000,ko03036",3.A.12,-,-,"FHA,FtsK_SpoIIIE,FtsK_SpoIIIE_N"
UniRef90_F3UU36,dieguez;ev,SRR14128131;SRR23351013;SRR23351018;SRR23351019;SRR23351025,5,888808.HMPREF9380_0024,0.0,2879.0,"COG1674@1|root,COG1674@2|Bacteria,1TRA4@1239|Firmicutes,4H9QM@91061|Bacilli,1WQTN@1305|Streptococcus sanguinis",91061|Bacilli,D,cog cog1674,essC,-,-,ko:K03466,-,-,-,-,"ko00000,ko03036",3.A.12,-,-,"FHA,FtsK_SpoIIIE,FtsK_SpoIIIE_N"
UniRef90_F5RPM2,dieguez;ev,SRR14128131;SRR23351006;SRR23351017,3,888060.HMPREF9081_2208,1.15e-39,131.0,"COG1724@1|root,COG1724@2|Bacteria,1VGR5@1239|Firmicutes",1239|Firmicutes,N,"HicA toxin of bacterial toxin-antitoxin,",-,-,-,-,-,-,-,-,-,-,-,-,HicA_toxin
UniRef90_F9EDQ2,dieguez;ev,SRR14128131;SRR23351016,2,888056.HMPREF9062_0574,4.17e-55,172.0,"COG2026@1|root,COG2026@2|Bacteria,2IRES@201174|Actinobacteria,4D63R@85005|Actinomycetales",201174|Actinobacteria,DJ,"ParE toxin of type II toxin-antitoxin system, parDE",-,-,-,ko:K06218,-,-,-,-,"ko00000,ko02048",-,-,-,ParE_toxin
UniRef90_J0MQ72,dieguez;ev,SRR14128131;SRR23351007;SRR23351010;SRR23351024,4,1125718.HMPREF1318_2230,1.4600000000000002e-117,336.0,"COG0454@1|root,COG0454@2|Bacteria,2IC6K@201174|Actinobacteria,4D4Z4@85005|Actinomycetales",201174|Actinobacteria,K,Acetyltransferase (GNAT) family,-,-,-,-,-,-,-,-,-,-,-,-,"Acetyltransf_1,Acetyltransf_10,Acetyltransf_7"
UniRef90_J0XE44,dieguez;ev,SRR14128070;SRR14128072;SRR14128083;SRR14128113;SRR14128116;SRR14128127;SRR14128131;SRR23351005;SRR23351007;SRR23351010;SRR23351012;SRR23351013;SRR23351016;SRR23351018;SRR23351020;SRR23351025,16,1125718.HMPREF1318_2215,8.5e-72,216.0,"COG5450@1|root,32SQA@2|Bacteria,2IKJX@201174|Actinobacteria,4D5UE@85005|Actinomycetales",201174|Actinobacteria,K,Transcription regulator of the Arc MetJ class,-,-,-,-,-,-,-,-,-,-,-,-,-
UniRef90_J0XEL7,dieguez;ev,SRR14128070;SRR14128131;SRR23351010;SRR23351012;SRR23351016;SRR23351018;SRR23351024,7,1125718.HMPREF1318_2801,1.6199999999999998e-48,155.0,"COG4877@1|root,COG4877@2|Bacteria,2GQV1@201174|Actinobacteria,4D6HE@85005|Actinomycetales",201174|Actinobacteria,-,-,-,-,-,-,-,-,-,-,-,-,-,-,-
UniRef90_J2ZP06,dieguez;ev,SRR14127888;SRR14127941;SRR14128070;SRR14128116;SRR14128117;SRR14128127;SRR14128131;SRR23351007;SRR23351010;SRR23351012;SRR23351016;SRR23351023,12,1115803.HMPREF1129_0898,5.64e-54,169.0,"2AS7Q@1|root,31HKR@2|Bacteria,2HM78@201174|Actinobacteria,4D6GR@85005|Actinomycetales",201174|Actinobacteria,-,-,-,-,-,-,-,-,-,-,-,-,-,-,-
UniRef90_L1PMK0,dieguez;ev,SRR14127888;SRR14128131;SRR23351002;SRR23351006;SRR23351013;SRR23351019;SRR23351020;SRR23351022;SRR23351024;SRR23351025,10,1035193.HMPREF9073_01835,1.44e-238,659.0,"COG3853@1|root,COG3853@2|Bacteria,4NFKY@976|Bacteroidetes,1I006@117743|Flavobacteriia,1ESMT@1016|Capnocytophaga",976|Bacteroidetes,P,Toxic anion resistance protein,-,-,-,-,-,-,-,-,-,-,-,-,TelA
UniRef90_U1PUH2,dieguez,SRR14127888;SRR14127943;SRR14128075;SRR14128080;SRR14128113;SRR14128117;SRR14128122;SRR14128131,8,1227261.HMPREF0043_00600,4.08e-39,130.0,"COG1396@1|root,COG1396@2|Bacteria,2GTNT@201174|Actinobacteria",201174|Actinobacteria,K,sequence-specific DNA binding,-,-,-,-,-,-,-,-,-,-,-,-,HTH_3
UniRef90_U1S322,dieguez;ev,SRR14127898;SRR14127951;SRR14128069;SRR14128070;SRR14128072;SRR14128113;SRR14128120;SRR14128131;SRR14128134;SRR23351009;SRR23351010;SRR23351016,12,1401065.HMPREF2130_04750,6.51e-22,89.0,"COG2944@1|root,COG2944@2|Bacteria,1N5H0@1224|Proteobacteria,2VW7F@28216|Betaproteobacteria,3T977@506|Alcaligenaceae",28216|Betaproteobacteria,K,"Antitoxin component of bacterial toxin-antitoxin system, MqsA",-,-,-,ko:K07726,-,-,-,-,"ko00000,ko03000",-,-,-,"HTH_3,HTH_31,MqsA_antitoxin"
UniRef90_U2LXT4,dieguez;ev,SRR14127933;SRR14128123;SRR14128126;SRR14128131;SRR23351005;SRR23351008;SRR23351014;SRR23351016;SRR23351017;SRR23351021,10,1321786.HMPREF1992_01469,3.75e-63,193.0,"2E15W@1|root,32WKT@2|Bacteria,1VB1Z@1239|Firmicutes,4H55X@909932|Negativicutes",909932|Negativicutes,-,-,-,-,-,-,-,-,-,-,-,-,-,-,-
UniRef90_U2Q999,dieguez;ev,SRR14127888;SRR14128131;SRR23351011;SRR23351014;SRR23351016,5,888055.HMPREF9015_00704,1.85e-137,389.0,"COG4185@1|root,COG4185@2|Bacteria,37BTD@32066|Fusobacteria",32066|Fusobacteria,S,"Psort location Cytoplasmic, score 8.96",-,-,-,-,-,-,-,-,-,-,-,-,Zeta_toxin
UniRef90_UPI000479641D,dieguez;ev,SRR14127897;SRR14127948;SRR14128131;SRR23351003;SRR23351009;SRR23351023,6,562973.HMPREF0059_02484,2.99e-50,160.0,"COG3041@1|root,COG3041@2|Bacteria,2GT66@201174|Actinobacteria,4D6HK@85005|Actinomycetales",201174|Actinobacteria,S,"Bacterial toxin of type II toxin-antitoxin system, YafQ",-,-,-,ko:K19157,-,-,-,-,"ko00000,ko01000,ko02048",-,-,-,YafQ_toxin
UniRef90_W1Q6C7,dieguez;ev,SRR14128131;SRR23351019,2,592010.GCWU000182_000400,6.950000000000001e-58,179.0,"COG1670@1|root,COG1670@2|Bacteria",2|Bacteria,J,"COG1670 acetyltransferases, including N-acetylases of ribosomal proteins",gatC,-,2.3.1.128,ko:K03790,-,-,-,-,"ko00000,ko01000,ko03009",-,-,-,Acetyltransf_3
UniRef90_W2CDB2,dieguez;ev,SRR14127894;SRR14127951;SRR14128070;SRR14128131;SRR23351004;SRR23351006;SRR23351011;SRR23351014;SRR23351017,9,1202532.FF52_09713,1.92e-36,127.0,"COG4679@1|root,COG4679@2|Bacteria,4NPPR@976|Bacteroidetes,1I24W@117743|Flavobacteriia,2NX5Y@237|Flavobacterium",976|Bacteroidetes,S,Phage derived protein Gp49-like (DUF891),-,-,-,-,-,-,-,-,-,-,-,-,Gp49
UniRef90_W2CGF0,dieguez;ev,SRR14127933;SRR14128114;SRR14128126;SRR14128131;SRR23351005;SRR23351006;SRR23351010;SRR23351015,8,32057.KB217478_gene2161,1.06e-17,75.9,"COG1724@1|root,COG1724@2|Bacteria,1G91K@1117|Cyanobacteria,1HPXX@1161|Nostocales",1117|Cyanobacteria,N,"HicA toxin of bacterial toxin-antitoxin,",-,-,-,-,-,-,-,-,-,-,-,-,HicA_toxin
UniRef90_A5TVF0,dieguez;ev,SRR14127888;SRR14127893;SRR14127894;SRR14127898;SRR14127902;SRR14127942;SRR14127947;SRR14127951;SRR14128067;SRR14128083;SRR14128113;SRR14128115;SRR14128120;SRR14128132;SRR14128134;SRR23351011;SRR23351014;SRR23351015;SRR23351016,19,393480.FNP_1085,1.61e-70,213.0,"2DNH3@1|root,32XGR@2|Bacteria,37CT9@32066|Fusobacteria",32066|Fusobacteria,-,-,-,-,-,-,-,-,-,-,-,-,-,-,-
UniRef90_Q7P822,dieguez;ev,SRR14127901;SRR14127951;SRR14128120;SRR23351006,4,767817.Desgi_4394,3.6300000000000003e-37,127.0,"COG3041@1|root,COG3041@2|Bacteria,1VENE@1239|Firmicutes,24MW1@186801|Clostridia,262WD@186807|Peptococcaceae",186801|Clostridia,S,"TIGRFAM addiction module toxin component, YafQ family",-,-,-,ko:K19157,-,-,-,-,"ko00000,ko01000,ko02048",-,-,-,YafQ_toxin
UniRef90_U2AFG7,dieguez;ev,SRR14127898;SRR14128134;SRR23351006,3,1227266.HMPREF1551_00292,9.969999999999999e-40,132.0,"29ZRW@1|root,30MST@2|Bacteria,4PAHA@976|Bacteroidetes,1IHGU@117743|Flavobacteriia,1ESKM@1016|Capnocytophaga",976|Bacteroidetes,-,-,-,-,-,-,-,-,-,-,-,-,-,-,-
UniRef90_X8H3M8,dieguez;ev,SRR14127898;SRR14127943;SRR14127948;SRR23351016,4,190304.FN1099,1.79e-16,72.4,"2DQTI@1|root,338JB@2|Bacteria,37AY2@32066|Fusobacteria",32066|Fusobacteria,-,-,-,-,-,-,-,-,-,-,-,-,-,-,-
UniRef90_E7RTY9,dieguez;ev,SRR14128070;SRR23351013,2,887898.HMPREF0551_0408,3.56e-94,275.0,"COG1598@1|root,COG1598@2|Bacteria,1RIRX@1224|Proteobacteria,2WFXC@28216|Betaproteobacteria,1KI7A@119060|Burkholderiaceae",28216|Betaproteobacteria,S,HicB_like antitoxin of bacterial toxin-antitoxin system,-,-,-,-,-,-,-,-,-,-,-,-,HicB_lk_antitox
UniRef90_A0A2C6BMA4,dieguez,SRR14127887;SRR14127907;SRR14127934;SRR14127943;SRR14127947;SRR14128120;SRR14128122;SRR14128132,8,190304.FN0797,3.45e-07,47.4,"2CG5X@1|root,2ZI5Y@2|Bacteria,37CIB@32066|Fusobacteria",32066|Fusobacteria,-,-,-,-,-,-,-,-,-,-,-,-,-,-,-
UniRef90_U2C3C7,dieguez;ev,SRR14127902;SRR14127935;SRR14127937;SRR14127948;SRR14128067;SRR14128083;SRR14128127;SRR14128128;SRR23351012,9,1227266.HMPREF1551_02360,3.5e-48,154.0,"2A5ED@1|root,30U47@2|Bacteria,4PFE1@976|Bacteroidetes,1IF5W@117743|Flavobacteriia,1ESD9@1016|Capnocytophaga",976|Bacteroidetes,-,-,-,-,-,-,-,-,-,-,-,-,-,-,-
UniRef90_UPI000E0D5AAB,dieguez;ev,SRR14128072;SRR23351019,2,1123296.JQKE01000007_gene479,9.689999999999999e-42,138.0,"COG3668@1|root,COG3668@2|Bacteria,1N7G9@1224|Proteobacteria,2VTCI@28216|Betaproteobacteria,2KS6V@206351|Neisseriales",206351|Neisseriales,S,"ParE toxin of type II toxin-antitoxin system, parDE",-,-,-,-,-,-,-,-,-,-,-,-,ParE_toxin
UniRef90_A0A250FAN4,dieguez;ev,SRR14128067;SRR14128112;SRR14128132;SRR23351002;SRR23351006;SRR23351011;SRR23351020;SRR23351022,8,553177.CAPSP0001_1051,1.19e-49,160.0,"COG2026@1|root,COG2026@2|Bacteria,4NW0W@976|Bacteroidetes,1IBIQ@117743|Flavobacteriia,1ESB4@1016|Capnocytophaga",976|Bacteroidetes,DJ,"Psort location Cytoplasmic, score 8.96",-,-,-,-,-,-,-,-,-,-,-,-,RelE
UniRef90_E6LKU2,dieguez;ev,SRR14128067;SRR23351006,2,887325.HMPREF0381_0577,2.98e-45,146.0,"COG1569@1|root,COG1569@2|Bacteria,1URG7@1239|Firmicutes,24X24@186801|Clostridia,1HWH9@1164882|Lachnoanaerobaculum",186801|Clostridia,S,PIN domain,-,-,-,-,-,-,-,-,-,-,-,-,PIN_3
UniRef90_E6LLD9,dieguez;ev,SRR14127901;SRR14128067;SRR14128068;SRR14128115;SRR23351003;SRR23351004;SRR23351011,7,887325.HMPREF0381_0774,5.32e-109,314.0,"COG2405@1|root,COG2405@2|Bacteria,1V8TD@1239|Firmicutes,24NXT@186801|Clostridia,1HW7B@1164882|Lachnoanaerobaculum",186801|Clostridia,S,Domain of unknown function (DUF3368),-,-,-,ko:K07066,-,-,-,-,ko00000,-,-,-,DUF3368
UniRef90_L1P8P3,dieguez;ev,SRR14128067;SRR23351022,2,1035193.HMPREF9073_02838,8.030000000000001e-58,179.0,"COG5378@1|root,COG5378@2|Bacteria,4NV6Q@976|Bacteroidetes,1I9Q6@117743|Flavobacteriia,1ES6X@1016|Capnocytophaga",976|Bacteroidetes,S,PIN domain,-,-,-,-,-,-,-,-,-,-,-,-,PIN_2
UniRef90_D2ZT22,dieguez;ev,SRR14127893;SRR14127901;SRR14127943;SRR14127948;SRR23351013;SRR23351019;SRR23351020;SRR23351024;SRR23351025,9,546266.NEIMUCOT_03755,9.28e-58,179.0,"COG3668@1|root,COG3668@2|Bacteria,1N7G9@1224|Proteobacteria,2VTCI@28216|Betaproteobacteria,2KS6V@206351|Neisseriales",206351|Neisseriales,S,"ParE toxin of type II toxin-antitoxin system, parDE",-,-,-,-,-,-,-,-,-,-,-,-,ParE_toxin
UniRef90_UPI0002B6BC8E,dieguez;ev,SRR14127893;SRR23351013,2,1094497.BVwin_10950,6.04e-85,251.0,"COG5611@1|root,COG5611@2|Bacteria,1RIZW@1224|Proteobacteria,2UA5E@28211|Alphaproteobacteria,48U15@772|Bartonellaceae",28211|Alphaproteobacteria,S,PIN domain,-,-,-,-,-,-,-,-,-,-,-,-,PIN
UniRef90_E7RTR9,dieguez;ev,SRR14127897;SRR14128122;SRR23351006;SRR23351013;SRR23351025,5,887898.HMPREF0551_0338,1.3699999999999998e-60,186.0,"2CC2C@1|root,32U71@2|Bacteria,1N3IW@1224|Proteobacteria,2VVH1@28216|Betaproteobacteria",28216|Betaproteobacteria,-,-,-,-,-,-,-,-,-,-,-,-,-,-,-
UniRef90_E7RTK7,dieguez;ev,SRR14127897;SRR23351006;SRR23351019,3,887898.HMPREF0551_0276,5.19e-60,185.0,"2DS95@1|root,33F2G@2|Bacteria,1NIC7@1224|Proteobacteria,2VXSC@28216|Betaproteobacteria,1KA70@119060|Burkholderiaceae",28216|Betaproteobacteria,-,-,-,-,-,-,-,-,-,-,-,-,-,-,-
UniRef90_J4J2M1,dieguez;ev,SRR14127889;SRR14128115;SRR23351011;SRR23351015;SRR23351017;SRR23351022,6,936572.HMPREF1148_1964,4.8699999999999996e-45,145.0,"2EI1I@1|root,330GC@2|Bacteria",2|Bacteria,-,-,-,-,-,-,-,-,-,-,-,-,-,-,RHH_1
UniRef90_F3AZX4,dieguez;ev,SRR14127894;SRR14128128;SRR23351006;SRR23351014;SRR23351020,5,575593.HMPREF0491_00338,7.939999999999999e-54,168.0,"2E9T0@1|root,333Z2@2|Bacteria,1VHPB@1239|Firmicutes,24SMK@186801|Clostridia",186801|Clostridia,S,"HicA toxin of bacterial toxin-antitoxin,",-,-,-,-,-,-,-,-,-,-,-,-,HicA_toxin
UniRef90_W2VC95,dieguez;ev,SRR14128115;SRR14128128;SRR23351016;SRR23351025,4,936596.HMPREF1495_0666,1.27e-59,183.0,"COG2026@1|root,COG2026@2|Bacteria,1VEQK@1239|Firmicutes,24PZT@186801|Clostridia,1HVYY@1164882|Lachnoanaerobaculum",186801|Clostridia,DJ,"ParE toxin of type II toxin-antitoxin system, parDE",-,-,-,ko:K06218,-,-,-,-,"ko00000,ko02048",-,-,-,ParE_toxin
UniRef90_D7JCK2,dieguez;ev,SRR14128120;SRR23351015;SRR23351022,3,575590.HMPREF0156_00206,2.6100000000000002e-160,448.0,"2EI8T@1|root,33C05@2|Bacteria,4NRUI@976|Bacteroidetes",976|Bacteroidetes,-,-,-,-,-,-,-,-,-,-,-,-,-,-,HTH_3
UniRef90_U2T0U2,dieguez;ev,SRR14127894;SRR14128074;SRR14128120;SRR23351008;SRR23351025,5,1321779.HMPREF1984_00561,1.2099999999999999e-40,134.0,"2E9K0@1|root,333SV@2|Bacteria,37B14@32066|Fusobacteria",32066|Fusobacteria,-,-,-,-,-,-,-,-,-,-,-,-,-,-,-
UniRef90_K0XIQ7,dieguez;ev,SRR14127940;SRR23351005;SRR23351025,3,864565.HMPREF0379_1646,4.32e-45,148.0,"COG3668@1|root,COG3668@2|Bacteria,1V7TT@1239|Firmicutes,24MG3@186801|Clostridia",186801|Clostridia,S,"ParE toxin of type II toxin-antitoxin system, parDE",-,-,-,-,-,-,-,-,-,-,-,-,ParE_toxin
UniRef90_UPI000E598125,dieguez;ev,SRR14128069;SRR23351006;SRR23351008,3,1072685.IX83_00270,6.709999999999999e-92,270.0,"COG3600@1|root,COG3600@2|Bacteria,1N78U@1224|Proteobacteria,2VY8Q@28216|Betaproteobacteria,3T4UB@506|Alcaligenaceae",28216|Betaproteobacteria,S,Protein of unknown function (DUF4065),-,-,-,-,-,-,-,-,-,-,-,-,DUF4065
UniRef90_L1P504,dieguez;ev,SRR14128134;SRR23351006,2,1127692.HMPREF9075_00942,2.5799999999999996e-54,169.0,"COG0454@1|root,COG0454@2|Bacteria",2|Bacteria,K,-acetyltransferase,-,-,-,-,-,-,-,-,-,-,-,-,"Acetyltransf_1,Acetyltransf_10,Acetyltransf_7"
UniRef90_U2AQQ5,dieguez;ev,SRR14128134;SRR23351006,2,1227266.HMPREF1551_01913,2.42e-70,212.0,"COG3041@1|root,COG3041@2|Bacteria,4NVNU@976|Bacteroidetes,1IIXM@117743|Flavobacteriia,1ESGX@1016|Capnocytophaga",976|Bacteroidetes,S,"Bacterial toxin of type II toxin-antitoxin system, YafQ",-,-,-,ko:K19157,-,-,-,-,"ko00000,ko01000,ko02048",-,-,-,YafQ_toxin
UniRef90_U1RP32,dieguez;ev,SRR14128081;SRR23351009;SRR23351017;SRR23351018;SRR23351023,5,706439.HMPREF9057_00045,1.17e-38,129.0,"2ASXJ@1|root,31ID4@2|Bacteria,2HMV4@201174|Actinobacteria,4D7K9@85005|Actinomycetales",201174|Actinobacteria,-,-,-,-,-,-,-,-,-,-,-,-,-,-,-
UniRef90_W1Q1L8,dieguez;ev,SRR14127888;SRR14127935;SRR23351003;SRR23351005;SRR23351010;SRR23351013;SRR23351019;SRR23351023,8,996306.SSUR61_2379,4.66e-06,45.4,"29R4Z@1|root,30C69@2|Bacteria,1U99Y@1239|Firmicutes,4IJCK@91061|Bacilli,1WU3J@1307|Streptococcus suis",91061|Bacilli,S,Putative Holin-like Toxin (Hol-Tox),-,-,-,-,-,-,-,-,-,-,-,-,Hol_Tox
UniRef90_F3AZB3,ev,SRR23351014;SRR23351020,2,575593.HMPREF0491_00127,6.53e-58,179.0,"COG3077@1|root,COG3077@2|Bacteria,1VABY@1239|Firmicutes,24N2S@186801|Clostridia,27Q4I@186928|unclassified Lachnospiraceae",186801|Clostridia,L,RelB antitoxin,-,-,-,-,-,-,-,-,-,-,-,-,RelB
UniRef90_C7NA43,ev,SRR23351020,1,523794.Lebu_1127,5.79e-62,190.0,"COG2026@1|root,COG2026@2|Bacteria,37AT8@32066|Fusobacteria",32066|Fusobacteria,DJ,"addiction module toxin, RelE StbE family",-,-,-,ko:K06218,-,-,-,-,"ko00000,ko02048",-,-,-,ParE_toxin
UniRef90_L1P121,ev,SRR23351020,1,323261.Noc_0414,2.39e-18,79.3,"COG5450@1|root,COG5450@2|Bacteria,1N76R@1224|Proteobacteria,1SD4N@1236|Gammaproteobacteria,1X1CI@135613|Chromatiales",135613|Chromatiales,K,"Bacterial antitoxin of type II TA system, VapB",-,-,-,-,-,-,-,-,-,-,-,-,VapB_antitoxin
UniRef90_UPI00020F0401,ev,SRR23351020,1,873513.HMPREF6485_2265,6.25e-90,266.0,"COG3654@1|root,COG3654@2|Bacteria",2|Bacteria,-,-,doc,-,-,ko:K07341,-,-,-,-,"ko00000,ko02048",-,-,-,Fic
UniRef90_H1LUP6,ev,SRR23351003;SRR23351004;SRR23351005;SRR23351008;SRR23351021,5,861454.HMPREF9099_01180,1.34e-56,176.0,"COG2026@1|root,COG2026@2|Bacteria,1VEQK@1239|Firmicutes,25NC7@186801|Clostridia,27SJ3@186928|unclassified Lachnospiraceae",186801|Clostridia,DJ,"ParE toxin of type II toxin-antitoxin system, parDE",-,-,-,-,-,-,-,-,-,-,-,-,ParE_toxin
UniRef90_A0A3C0BI19,ev,SRR23351017,1,907348.TresaDRAFT_2707,3.48e-40,134.0,"COG3077@1|root,COG3077@2|Bacteria,2J990@203691|Spirochaetes",203691|Spirochaetes,L,"Addiction module antitoxin, RelB DinJ family",-,-,-,ko:K07473,-,-,-,-,"ko00000,ko02048",-,-,-,RelB
UniRef90_U7V4D6,ev,SRR23351017;SRR23351018;SRR23351023,3,762948.HMPREF0733_11344,2.25e-79,238.0,"COG1487@1|root,COG1487@2|Bacteria,2HTSC@201174|Actinobacteria,1WC8T@1268|Micrococcaceae",201174|Actinobacteria,S,ribonuclease activity,-,-,-,-,-,-,-,-,-,-,-,-,-
UniRef90_W1Q1S0,ev,SRR23351013;SRR23351017;SRR23351019,3,592010.GCWU000182_001693,1.4e-71,216.0,"2EKCP@1|root,33E2Z@2|Bacteria,1VM5I@1239|Firmicutes,4HSU9@91061|Bacilli,27E9S@186827|Aerococcaceae",91061|Bacilli,-,-,-,-,-,-,-,-,-,-,-,-,-,-,-
UniRef90_R9MWB5,ev,SRR23351003,1,1235800.C819_02632,7.119999999999999e-61,186.0,"COG2026@1|root,COG2026@2|Bacteria,1VEQK@1239|Firmicutes,25NC7@186801|Clostridia,27SJ3@186928|unclassified Lachnospiraceae",186801|Clostridia,DJ,"ParE toxin of type II toxin-antitoxin system, parDE",-,-,-,-,-,-,-,-,-,-,-,-,ParE_toxin
UniRef90_J4KDX8,ev,SRR23351016,1,546271.Selsp_1987,4.16e-22,87.8,"2EI1I@1|root,33BT1@2|Bacteria",2|Bacteria,-,-,-,-,-,-,-,-,-,-,-,-,-,-,RHH_1
UniRef90_UPI00036A705E,ev,SRR23351016,1,1122993.KB898331_gene242,5.36e-93,271.0,"COG1487@1|root,COG1487@2|Bacteria,4NSBY@976|Bacteroidetes,2FU0G@200643|Bacteroidia",976|Bacteroidetes,S,PIN domain,vapC,-,-,ko:K18828,-,-,-,-,"ko00000,ko01000,ko02048,ko03016",-,-,-,PIN
UniRef90_A0A1B6W0U8,ev,SRR23351022,1,1028803.GG9_1184,7.27e-32,114.0,"COG3077@1|root,COG3077@2|Bacteria,1NGDT@1224|Proteobacteria,1SJ4G@1236|Gammaproteobacteria,1YATC@135625|Pasteurellales",1236|Gammaproteobacteria,L,RelB antitoxin,-,-,-,ko:K07473,-,-,-,-,"ko00000,ko02048",-,-,-,RelB
UniRef90_C7NBR1,ev,SRR23351006;SRR23351022,2,523794.Lebu_1724,7.0299999999999995e-62,189.0,"COG3041@1|root,COG3041@2|Bacteria",2|Bacteria,S,endonuclease activity,-,-,-,ko:K19157,-,-,-,-,"ko00000,ko01000,ko02048",-,-,-,YafQ_toxin
UniRef90_E7RVW1,ev,SRR23351002;SRR23351013;SRR23351019;SRR23351022,4,887898.HMPREF0551_0932,6.94e-59,182.0,"COG4691@1|root,COG4691@2|Bacteria,1NAMF@1224|Proteobacteria,2VWEK@28216|Betaproteobacteria,1KACF@119060|Burkholderiaceae",28216|Betaproteobacteria,S,Plasmid stability protein,-,-,-,ko:K21495,-,-,-,-,"ko00000,ko02048",-,-,-,-
UniRef90_F3B3C8,ev,SRR23351022,1,575593.HMPREF0491_01542,1.14e-87,257.0,"2C2UA@1|root,32RDG@2|Bacteria,1V84W@1239|Firmicutes,24JYT@186801|Clostridia,27NNU@186928|unclassified Lachnospiraceae",186801|Clostridia,-,-,-,-,-,-,-,-,-,-,-,-,-,-,-
UniRef90_UPI0003F563A9,ev,SRR23351022,1,1280686.AUKE01000013_gene720,9.02e-76,226.0,"COG3668@1|root,COG3668@2|Bacteria,1VA8N@1239|Firmicutes,24NW1@186801|Clostridia,4C0CI@830|Butyrivibrio",186801|Clostridia,S,"ParE toxin of type II toxin-antitoxin system, parDE",-,-,-,-,-,-,-,-,-,-,-,-,ParE_toxin
UniRef90_A0A2X4AK02,ev,SRR23351013,1,388919.SSA_1927,2.15e-137,393.0,"COG1275@1|root,COG1275@2|Bacteria,1UF9M@1239|Firmicutes,4IK8Z@91061|Bacilli,1WQQ7@1305|Streptococcus sanguinis",91061|Bacilli,P,Voltage-dependent anion channel,-,-,-,ko:K11041,"ko05150,map05150",-,-,-,"ko00000,ko00001,ko02042",2.A.16,-,-,SLAC1
UniRef90_A0A2C6BS96,ev,SRR23351006,1,1216362.B437_04780,4.22e-56,181.0,"COG2849@1|root,COG2849@2|Bacteria",2|Bacteria,-,-,-,-,-,-,-,-,-,-,-,-,-,-,"MORN,MORN_2,TonB_C"
UniRef90_L1P8E0,ev,SRR23351006,1,1035193.HMPREF9073_03001,4.32e-48,153.0,"2A4WX@1|root,30TIR@2|Bacteria,4PF13@976|Bacteroidetes,1IFMM@117743|Flavobacteriia,1ET7U@1016|Capnocytophaga",976|Bacteroidetes,-,-,-,-,-,-,-,-,-,-,-,-,-,-,-
UniRef90_L1PBR5,ev,SRR23351006,1,1127692.HMPREF9075_00194,2.83e-53,167.0,"29FW5@1|root,302TV@2|Bacteria,4PJUF@976|Bacteroidetes,1IMC8@117743|Flavobacteriia,1ETCC@1016|Capnocytophaga",976|Bacteroidetes,-,-,-,-,-,-,-,-,-,-,-,-,-,-,-
UniRef90_U2A6D5,ev,SRR23351006,1,1227266.HMPREF1551_02718,7.39e-64,194.0,"2ACPG@1|root,312A3@2|Bacteria,4PH67@976|Bacteroidetes,1IMCT@117743|Flavobacteriia,1ETCZ@1016|Capnocytophaga",976|Bacteroidetes,-,-,-,-,-,-,-,-,-,-,-,-,-,-,-
UniRef90_V2XLD5,ev,SRR23351006,1,592026.GCWU0000282_001870,1.9899999999999998e-62,191.0,"COG2026@1|root,COG2026@2|Bacteria,1VEQK@1239|Firmicutes,24S3C@186801|Clostridia",186801|Clostridia,DJ,"ParE toxin of type II toxin-antitoxin system, parDE",-,-,-,ko:K06218,-,-,-,-,"ko00000,ko02048",-,-,-,ParE_toxin
UniRef90_E7N400,ev,SRR23351004;SRR23351024;SRR23351025,3,936573.HMPREF1147_1982,2.24e-92,270.0,"COG1598@1|root,COG1598@2|Bacteria,1V9ZP@1239|Firmicutes",1239|Firmicutes,S,HicB_like antitoxin of bacterial toxin-antitoxin system,-,-,-,-,-,-,-,-,-,-,-,-,HicB_lk_antitox
UniRef90_H1LVS8,ev,SRR23351004;SRR23351024,2,861454.HMPREF9099_01571,2.32e-43,140.0,"COG4115@1|root,COG4115@2|Bacteria",2|Bacteria,D,mRNA cleavage,-,-,-,ko:K19158,-,-,-,-,"ko00000,ko01000,ko02048",-,-,-,"ParE_toxin,YoeB_toxin"
