UniRef90_A0A069QK37	T25349	38.8	67	38	2	23	88	22	86	9.84e-12	56.2
UniRef90_A0A069QK37	T247583	38.8	67	38	2	23	88	22	86	9.84e-12	56.2
UniRef90_A0A069QK37	T279130	38.8	67	38	2	23	88	22	86	9.84e-12	56.2
UniRef90_A0A069QK37	T139472	39.7	68	38	2	20	86	19	84	1.48e-10	53.1
UniRef90_A0A069QK37	T149866	34.1	85	53	2	4	87	3	85	4.29e-10	52.0
UniRef90_A0A069QK37	T197473	34.4	61	39	1	21	80	21	81	1.76e-09	50.4
UniRef90_A0A069QK37	T109926	39.7	68	38	2	21	87	22	87	2.54e-09	50.1
UniRef90_A0A069QK37	T113226	39.7	68	38	2	21	87	22	87	2.54e-09	50.1
UniRef90_A0A069QK37	T46913	41.2	68	37	2	21	87	22	87	7.19e-09	48.9
UniRef90_A0A069QK37	T55413	41.2	68	37	2	21	87	22	87	7.19e-09	48.9
UniRef90_A0A069QK37	T70200	41.2	68	37	2	21	87	22	87	7.19e-09	48.9
UniRef90_A0A069QK37	T75176	41.2	68	37	2	21	87	22	87	7.19e-09	48.9
UniRef90_A0A069QK37	T123016	41.2	68	37	2	21	87	22	87	7.19e-09	48.9
UniRef90_A0A069QK37	T152848	41.2	68	37	2	21	87	22	87	7.19e-09	48.9
UniRef90_A0A069QK37	T152863	41.2	68	37	2	21	87	22	87	7.19e-09	48.9
UniRef90_A0A069QK37	T152872	41.2	68	37	2	21	87	22	87	7.19e-09	48.9
UniRef90_A0A069QK37	T168211	39.7	68	38	2	21	87	22	87	1.02e-08	48.5
UniRef90_A0A069QK37	T172492	38.3	60	36	1	19	77	18	77	1.07e-07	45.8
UniRef90_A0A069QK37	T56119	35.3	68	41	2	21	87	7	72	4.65e-07	43.9
UniRef90_A0A069QK37	T40245	35.5	62	37	2	26	86	35	94	8.16e-06	41.2
UniRef90_A0A069QK37	T53480	30.4	69	47	1	6	73	5	73	2.92e-05	39.7
UniRef90_A0A069QK37	T138904	33.3	66	43	1	6	70	5	70	4.11e-05	39.3
UniRef90_A0A0E2E7S9	T284941	50.0	60	29	1	1	59	1	60	5.85e-13	57.4
UniRef90_A0A0E2E7S9	T296976	46.8	62	30	2	1	59	3	64	3.04e-11	53.1
UniRef90_A0A0E2E7S9	T30368	47.5	59	29	2	1	58	1	58	2.43e-10	50.8
UniRef90_A0A0E2E7S9	T59930	47.5	59	29	2	1	58	1	58	2.43e-10	50.8
UniRef90_A0A0E2E7S9	T266075	47.5	59	29	2	1	58	1	58	2.43e-10	50.8
UniRef90_A0A0E2E7S9	T217218	40.0	60	35	1	1	59	1	60	6.50e-10	49.7
UniRef90_A0A0E2E7S9	T86686	40.0	60	35	1	1	59	1	60	9.17e-10	49.7
UniRef90_A0A0E2E7S9	T225027	40.0	60	35	1	1	59	1	60	9.17e-10	49.7
UniRef90_A0A0E2E7S9	T249114	40.0	60	35	1	1	59	1	60	9.17e-10	49.7
UniRef90_A0A0E2E7S9	T49260	45.8	59	30	2	1	58	1	58	9.89e-10	49.3
UniRef90_A0A0E2E7S9	T261875	39.7	58	34	1	3	59	3	60	1.80e-09	48.9
UniRef90_A0A0E2E7S9	T21579	38.3	60	36	1	1	59	1	60	2.64e-09	48.1
UniRef90_A0A0E2E7S9	T186640	44.3	61	30	2	1	59	3	61	2.70e-09	48.1
UniRef90_A0A0E2E7S9	T70693	40.0	60	35	1	1	59	1	60	5.26e-09	47.8
UniRef90_A0A0E2E7S9	T178906	38.3	60	36	1	1	59	1	60	5.32e-09	47.4
UniRef90_A0A0E2E7S9	T194905	38.3	60	36	1	1	59	1	60	5.32e-09	47.4
UniRef90_A0A0E2E7S9	T272885	41.9	62	31	3	1	59	1	60	5.32e-09	47.4
UniRef90_A0A0E2E7S9	T281124	41.9	62	31	3	1	59	1	60	5.32e-09	47.4
UniRef90_A0A0E2E7S9	T246508	44.3	61	30	2	1	59	3	61	5.45e-09	47.4
UniRef90_A0A0E2E7S9	T115748	36.7	60	37	1	1	59	1	60	7.56e-09	47.0
UniRef90_A0A0E2E7S9	T115757	36.7	60	37	1	1	59	1	60	7.56e-09	47.0
UniRef90_A0A0E2E7S9	T224955	36.7	60	37	1	1	59	1	60	7.56e-09	47.0
UniRef90_A0A0E2E7S9	T225051	36.7	60	37	1	1	59	1	60	7.56e-09	47.0
UniRef90_A0A0E2E7S9	T206636	38.3	60	36	1	1	59	1	60	1.07e-08	46.6
UniRef90_A0A0E2E7S9	T206639	38.3	60	36	1	1	59	1	60	1.07e-08	46.6
UniRef90_A0A0S2ZM78	T285340	50.0	56	26	1	8	61	4	59	2.89e-11	53.5
UniRef90_A0A0S2ZM78	T31125	46.6	58	29	1	8	63	4	61	4.10e-11	53.1
UniRef90_A0A0S2ZM78	T81289	48.2	56	27	1	8	61	4	59	5.82e-11	52.8
UniRef90_A0A0S2ZM78	T225092	48.2	56	27	1	8	61	4	59	5.82e-11	52.8
UniRef90_A0A0S2ZM78	T263173	48.2	56	27	1	8	61	4	59	5.82e-11	52.8
UniRef90_A0A0S2ZM78	T224974	46.4	56	28	1	8	61	4	59	8.26e-11	52.4
UniRef90_A0A0S2ZM78	T100002	48.2	56	27	1	8	61	4	59	9.73e-11	52.0
UniRef90_A0A0S2ZM78	T100008	48.2	56	27	1	8	61	4	59	9.73e-11	52.0
UniRef90_A0A0S2ZM78	T100015	48.2	56	27	1	8	61	4	59	9.73e-11	52.0
UniRef90_A0A0S2ZM78	T100029	48.2	56	27	1	8	61	4	59	9.73e-11	52.0
UniRef90_A0A0S2ZM78	T100064	48.2	56	27	1	8	61	4	59	9.73e-11	52.0
UniRef90_A0A0S2ZM78	T100072	48.2	56	27	1	8	61	4	59	9.73e-11	52.0
UniRef90_A0A0S2ZM78	T100236	48.2	56	27	1	8	61	4	59	9.73e-11	52.0
UniRef90_A0A0S2ZM78	T100243	48.2	56	27	1	8	61	4	59	9.73e-11	52.0
UniRef90_A0A0S2ZM78	T100253	48.2	56	27	1	8	61	4	59	9.73e-11	52.0
UniRef90_A0A0S2ZM78	T256914	48.2	56	27	1	8	61	4	59	1.17e-10	52.0
UniRef90_A0A0S2ZM78	T68622	46.4	56	28	1	8	61	4	59	1.96e-10	51.2
UniRef90_A0A0S2ZM78	T99994	46.4	56	28	1	8	61	4	59	1.96e-10	51.2
UniRef90_A0A0S2ZM78	T213814	46.4	56	28	1	8	61	4	59	2.36e-10	51.2
UniRef90_A0A0S2ZM78	T238586	46.4	56	28	1	8	61	4	59	2.36e-10	51.2
UniRef90_A0A0S2ZM78	T91622	46.4	56	28	1	8	61	4	59	2.78e-10	50.8
UniRef90_A0A0S2ZM78	T277166	48.2	56	27	1	8	61	4	59	2.78e-10	50.8
UniRef90_A0A0S2ZM78	T53110	46.4	56	28	1	8	61	4	59	3.35e-10	50.8
UniRef90_A0A0S2ZM78	T72421	48.2	56	27	1	8	61	4	59	3.35e-10	50.8
UniRef90_A0A0S2ZM78	T122791	48.2	56	27	1	8	61	4	59	3.35e-10	50.8
UniRef90_A0A0X8JSY8	T296976	64.1	64	22	1	1	63	1	64	6.31e-21	77.8
UniRef90_A0A0X8JSY8	T293811	63.5	63	22	1	1	63	1	62	7.01e-20	75.1
UniRef90_A0A0X8JSY8	T240829	58.7	63	26	0	1	63	1	63	3.00e-19	73.6
UniRef90_A0A0X8JSY8	T263471	44.4	63	35	0	1	63	1	63	1.05e-12	57.0
UniRef90_A0A0X8JSY8	T263475	44.4	63	35	0	1	63	1	63	1.05e-12	57.0
UniRef90_A0A0X8JSY8	T80245	45.2	62	34	0	1	62	1	62	5.90e-12	55.1
UniRef90_A0A0X8JSY8	T226953	45.2	62	34	0	1	62	1	62	5.90e-12	55.1
UniRef90_A0A0X8JSY8	T269052	45.2	62	34	0	1	62	1	62	5.90e-12	55.1
UniRef90_A0A0X8JSY8	T269056	45.2	62	34	0	1	62	1	62	5.90e-12	55.1
UniRef90_A0A0X8JSY8	T62610	44.4	63	33	2	1	62	1	62	5.74e-10	50.1
UniRef90_A0A0X8JSY8	T30329	41.9	62	36	0	1	62	1	62	7.96e-10	49.7
UniRef90_A0A0X8JSY8	T33122	41.9	62	36	0	1	62	1	62	7.96e-10	49.7
UniRef90_A0A0X8JSY8	T78890	41.9	62	36	0	1	62	1	62	7.96e-10	49.7
UniRef90_A0A0X8JSY8	T104738	41.9	62	36	0	1	62	1	62	7.96e-10	49.7
UniRef90_A0A0X8JSY8	T30331	46.0	63	30	2	1	61	1	61	1.13e-09	49.3
UniRef90_A0A0X8JSY8	T104740	46.0	63	30	2	1	61	1	61	1.13e-09	49.3
UniRef90_A0A0X8JSY8	T127145	46.9	64	30	3	1	63	1	61	2.23e-09	48.5
UniRef90_A0A0X8JSY8	T127209	46.9	64	30	3	1	63	1	61	2.23e-09	48.5
UniRef90_A0A0X8JSY8	T286802	46.9	64	30	3	1	63	1	61	2.23e-09	48.5
UniRef90_A0A0X8JSY8	T288075	46.9	64	30	3	1	63	1	61	2.23e-09	48.5
UniRef90_A0A0X8JSY8	T288086	46.9	64	30	3	1	63	1	61	2.23e-09	48.5
UniRef90_A0A0X8JSY8	T288095	46.9	64	30	3	1	63	1	61	2.23e-09	48.5
UniRef90_A0A0X8JSY8	T29903	46.9	64	30	3	1	63	1	61	3.16e-09	48.1
UniRef90_A0A0X8JSY8	T197139	46.9	64	30	3	1	63	1	61	3.16e-09	48.1
UniRef90_A0A0X8JSY8	T288058	46.9	64	30	3	1	63	1	61	3.16e-09	48.1
UniRef90_A0A134A101	T25285	32.2	87	54	3	5	90	2	84	2.95e-06	42.4
UniRef90_A0A134A101	T28217	26.4	87	59	2	4	89	2	84	5.04e-05	39.3
UniRef90_A0A134A101	T247748	36.7	49	31	0	43	91	43	91	5.33e-05	39.3
UniRef90_A0A134A101	T145334	32.7	49	33	0	43	91	43	91	5.43e-05	39.3
UniRef90_A0A134A101	T296751	37.5	48	30	0	43	90	43	90	5.43e-05	39.3
UniRef90_A0A134A101	T101046	34.7	49	32	0	42	90	42	90	1.07e-04	38.5
UniRef90_A0A134A101	T112172	33.3	48	32	0	43	90	43	90	1.07e-04	38.5
UniRef90_A0A134A101	T110864	55.2	29	13	0	43	71	43	71	1.09e-04	38.5
UniRef90_A0A134A101	T264935	36.0	50	32	0	43	92	43	92	1.48e-04	38.1
UniRef90_A0A134A101	T273314	28.7	87	57	2	4	89	2	84	1.83e-04	37.7
UniRef90_A0A134A101	T203464	41.7	48	27	1	25	71	24	71	2.11e-04	37.7
UniRef90_A0A134A101	T105228	40.9	44	24	1	46	89	42	83	2.52e-04	37.4
UniRef90_A0A134A101	T75145	34.7	49	32	0	43	91	43	91	2.92e-04	37.4
UniRef90_A0A134A101	T204492	33.3	48	32	0	43	90	43	90	2.97e-04	37.4
UniRef90_A0A134A101	T252445	33.3	48	32	0	43	90	43	90	2.97e-04	37.4
UniRef90_A0A134A101	T252446	33.3	48	32	0	43	90	43	90	2.97e-04	37.4
UniRef90_A0A134A101	T201546	25.3	87	60	2	4	89	2	84	3.61e-04	37.0
UniRef90_A0A134A101	T212265	25.3	87	60	2	4	89	2	84	3.61e-04	37.0
UniRef90_A0A134A101	T169314	35.4	48	31	0	43	90	43	90	4.09e-04	37.0
UniRef90_A0A134A101	T253804	37.5	48	30	0	43	90	43	90	8.19e-04	36.2
UniRef90_A0A2B7YUF3	T24932	44.7	85	47	0	3	87	2	86	2.41e-23	85.9
UniRef90_A0A2B7YUF3	T250548	47.1	87	45	1	3	88	2	88	2.47e-23	85.9
UniRef90_A0A2B7YUF3	T27133	50.6	87	42	1	2	88	3	88	3.51e-23	85.5
UniRef90_A0A2B7YUF3	T68652	50.0	86	42	1	3	87	2	87	3.51e-23	85.5
UniRef90_A0A2B7YUF3	T187659	50.6	87	42	1	2	88	3	88	3.51e-23	85.5
UniRef90_A0A2B7YUF3	T205884	50.6	87	42	1	2	88	3	88	3.51e-23	85.5
UniRef90_A0A2B7YUF3	T209453	50.6	87	42	1	2	88	3	88	3.51e-23	85.5
UniRef90_A0A2B7YUF3	T215017	50.6	87	42	1	2	88	3	88	3.51e-23	85.5
UniRef90_A0A2B7YUF3	T253182	50.6	87	42	1	2	88	3	88	3.51e-23	85.5
UniRef90_A0A2B7YUF3	T295074	50.0	86	42	1	3	87	2	87	3.51e-23	85.5
UniRef90_A0A2B7YUF3	T182601	48.3	87	44	1	3	88	2	88	4.98e-23	85.1
UniRef90_A0A2B7YUF3	T253206	48.3	87	44	1	3	88	2	88	4.98e-23	85.1
UniRef90_A0A2B7YUF3	T27864	47.1	87	45	1	3	88	2	88	7.07e-23	84.7
UniRef90_A0A2B7YUF3	T67928	48.3	87	44	1	3	88	2	88	7.07e-23	84.7
UniRef90_A0A2B7YUF3	T67933	48.3	87	44	1	3	88	2	88	7.07e-23	84.7
UniRef90_A0A2B7YUF3	T124009	47.1	87	45	1	3	88	2	88	7.07e-23	84.7
UniRef90_A0A2B7YUF3	T196162	47.1	87	45	1	3	88	2	88	7.07e-23	84.7
UniRef90_A0A2B7YUF3	T288529	47.1	87	45	1	3	88	2	88	7.07e-23	84.7
UniRef90_A0A2B7YUF3	T37681	47.1	87	45	1	3	88	2	88	1.00e-22	84.3
UniRef90_A0A2B7YUF3	T245633	47.1	87	45	1	3	88	2	88	1.00e-22	84.3
UniRef90_A0A2B7YUF3	T253247	47.1	87	45	1	3	88	2	88	1.00e-22	84.3
UniRef90_A0A2B7YUF3	T89583	49.4	87	43	1	2	88	3	88	1.42e-22	84.0
UniRef90_A0A2B7YUF3	T105600	48.3	87	44	1	2	88	3	88	1.42e-22	84.0
UniRef90_A0A2B7YUF3	T215678	47.1	87	45	1	3	88	2	88	1.42e-22	84.0
UniRef90_A0A2B7YUF3	T220426	49.4	87	43	1	2	88	3	88	1.42e-22	84.0
UniRef90_A0A2G9FNL9	T100452	48.3	87	41	2	6	92	4	86	3.72e-23	85.5
UniRef90_A0A2G9FNL9	T166803	49.4	83	39	3	7	89	4	83	5.14e-23	85.1
UniRef90_A0A2G9FNL9	T88358	48.3	87	41	2	6	92	4	86	5.28e-23	85.1
UniRef90_A0A2G9FNL9	T88363	48.3	87	41	2	6	92	4	86	5.28e-23	85.1
UniRef90_A0A2G9FNL9	T172164	50.6	85	37	4	7	90	4	84	5.28e-23	85.1
UniRef90_A0A2G9FNL9	T23682	49.4	85	40	3	6	90	3	84	2.03e-22	83.6
UniRef90_A0A2G9FNL9	T88353	48.3	87	41	2	6	92	4	86	2.14e-22	83.6
UniRef90_A0A2G9FNL9	T88491	48.3	87	41	2	6	92	4	86	2.14e-22	83.6
UniRef90_A0A2G9FNL9	T144518	48.2	85	41	3	6	90	3	84	4.31e-22	82.8
UniRef90_A0A2G9FNL9	T166983	48.2	85	41	3	6	90	3	84	4.31e-22	82.8
UniRef90_A0A2G9FNL9	T204610	48.2	85	41	3	6	90	3	84	4.31e-22	82.8
UniRef90_A0A2G9FNL9	T234902	50.6	85	39	3	6	90	3	84	4.31e-22	82.8
UniRef90_A0A2G9FNL9	T266189	48.2	85	41	3	6	90	3	84	4.31e-22	82.8
UniRef90_A0A2G9FNL9	T46780	49.4	83	38	3	8	90	5	83	5.64e-22	82.4
UniRef90_A0A2G9FNL9	T266663	49.4	83	38	3	8	90	5	83	5.64e-22	82.4
UniRef90_A0A2G9FNL9	T266664	49.4	83	38	3	8	90	5	83	5.64e-22	82.4
UniRef90_A0A2G9FNL9	T266665	49.4	83	38	3	8	90	5	83	5.64e-22	82.4
UniRef90_A0A2G9FNL9	T266666	49.4	83	38	3	8	90	5	83	5.64e-22	82.4
UniRef90_A0A2G9FNL9	T266667	49.4	83	38	3	8	90	5	83	5.64e-22	82.4
UniRef90_A0A2G9FNL9	T266668	49.4	83	38	3	8	90	5	83	5.64e-22	82.4
UniRef90_A0A2G9FNL9	T266669	49.4	83	38	3	8	90	5	83	5.64e-22	82.4
UniRef90_A0A2G9FNL9	T266670	49.4	83	38	3	8	90	5	83	5.64e-22	82.4
UniRef90_A0A2G9FNL9	T266671	49.4	83	38	3	8	90	5	83	5.64e-22	82.4
UniRef90_A0A2G9FNL9	T266672	49.4	83	38	3	8	90	5	83	5.64e-22	82.4
UniRef90_A0A2G9FNL9	T266673	49.4	83	38	3	8	90	5	83	5.64e-22	82.4
UniRef90_A0A2N6TLH8	T296976	67.2	64	20	1	1	63	1	64	1.38e-24	87.0
UniRef90_A0A2N6TLH8	T240829	61.9	63	24	0	1	63	1	63	6.57e-23	82.8
UniRef90_A0A2N6TLH8	T293811	65.1	63	21	1	1	63	1	62	6.00e-21	77.8
UniRef90_A0A2N6TLH8	T29874	61.9	63	22	2	1	63	1	61	2.79e-19	73.6
UniRef90_A0A2N6TLH8	T186640	55.6	63	26	1	1	63	1	61	4.44e-16	65.5
UniRef90_A0A2N6TLH8	T246508	55.6	63	26	1	1	63	1	61	4.44e-16	65.5
UniRef90_A0A2N6TLH8	T25577	47.6	63	31	2	1	62	1	62	5.07e-13	57.8
UniRef90_A0A2N6TLH8	T183824	47.6	63	31	2	1	62	1	62	5.07e-13	57.8
UniRef90_A0A2N6TLH8	T62610	46.0	63	32	2	1	62	1	62	1.05e-12	57.0
UniRef90_A0A2N6TLH8	T183254	46.0	63	32	2	1	62	1	62	1.45e-12	56.6
UniRef90_A0A2N6TLH8	T127145	50.0	64	28	3	1	63	1	61	8.18e-12	54.7
UniRef90_A0A2N6TLH8	T127209	50.0	64	28	3	1	63	1	61	8.18e-12	54.7
UniRef90_A0A2N6TLH8	T286802	50.0	64	28	3	1	63	1	61	8.18e-12	54.7
UniRef90_A0A2N6TLH8	T288075	50.0	64	28	3	1	63	1	61	8.18e-12	54.7
UniRef90_A0A2N6TLH8	T288086	50.0	64	28	3	1	63	1	61	8.18e-12	54.7
UniRef90_A0A2N6TLH8	T288095	50.0	64	28	3	1	63	1	61	8.18e-12	54.7
UniRef90_A0A2N6TLH8	T89375	46.0	63	32	2	1	62	1	62	8.57e-12	54.7
UniRef90_A0A2N6TLH8	T182602	46.0	63	32	2	1	62	1	62	8.57e-12	54.7
UniRef90_A0A2N6TLH8	T196740	46.0	63	32	2	1	62	1	62	8.57e-12	54.7
UniRef90_A0A2N6TLH8	T279293	49.2	63	28	3	1	62	1	60	8.57e-12	54.7
UniRef90_A0A2N6TLH8	T31302	50.8	63	28	2	1	63	1	60	1.61e-11	53.9
UniRef90_A0A2N6TLH8	T79128	50.8	63	28	2	1	63	1	60	1.61e-11	53.9
UniRef90_A0A2N6TLH8	T123932	50.8	63	28	2	1	63	1	60	1.61e-11	53.9
UniRef90_A0A2N6TLH8	T261921	50.8	63	28	2	1	63	1	60	1.61e-11	53.9
UniRef90_A0A2N6TLH8	T267581	50.8	63	28	2	1	63	1	60	1.61e-11	53.9
UniRef90_A0A318HX35	T283506	33.3	84	50	1	226	309	39	116	1.67e-07	50.4
UniRef90_A0A318HX35	T283522	33.3	84	50	1	226	309	39	116	1.67e-07	50.4
UniRef90_A0A318HX35	T283537	33.3	84	50	1	226	309	39	116	1.67e-07	50.4
UniRef90_A0A318HX35	T26561	33.3	84	50	1	226	309	39	116	3.10e-07	49.7
UniRef90_A0A318HX35	T30221	33.3	84	50	1	226	309	39	116	3.10e-07	49.7
UniRef90_A0A318HX35	T59719	33.3	84	50	1	226	309	39	116	3.10e-07	49.7
UniRef90_A0A318HX35	T63086	33.3	84	50	1	226	309	39	116	3.10e-07	49.7
UniRef90_A0A318HX35	T70121	33.3	84	50	1	226	309	39	116	3.10e-07	49.7
UniRef90_A0A318HX35	T100315	33.3	84	50	1	226	309	39	116	3.10e-07	49.7
UniRef90_A0A318HX35	T107207	33.3	84	50	1	226	309	39	116	3.10e-07	49.7
UniRef90_A0A318HX35	T148657	33.3	84	50	1	226	309	39	116	3.10e-07	49.7
UniRef90_A0A318HX35	T265105	33.3	84	50	1	226	309	39	116	3.10e-07	49.7
UniRef90_A0A318HX35	T265122	33.3	84	50	1	226	309	39	116	3.10e-07	49.7
UniRef90_A0A318HX35	T265138	33.3	84	50	1	226	309	39	116	3.10e-07	49.7
UniRef90_A0A318HX35	T265158	33.3	84	50	1	226	309	39	116	3.10e-07	49.7
UniRef90_A0A318HX35	T265183	33.3	84	50	1	226	309	39	116	3.10e-07	49.7
UniRef90_A0A318HX35	T265232	33.3	84	50	1	226	309	39	116	3.10e-07	49.7
UniRef90_A0A318HX35	T286042	33.3	84	50	1	226	309	39	116	3.10e-07	49.7
UniRef90_A0A318HX35	T286092	33.3	84	50	1	226	309	39	116	3.10e-07	49.7
UniRef90_A0A318HX35	T286169	33.3	84	50	1	226	309	39	116	3.10e-07	49.7
UniRef90_A0A318HX35	T238845	28.4	102	67	1	208	309	21	116	1.07e-06	48.1
UniRef90_A0A318HX35	T20629	40.4	57	34	0	226	282	39	95	1.98e-06	47.4
UniRef90_A0A318HX35	T59632	40.4	57	34	0	226	282	39	95	1.98e-06	47.4
UniRef90_A0A318HX35	T142254	40.4	57	34	0	226	282	39	95	1.98e-06	47.4
UniRef90_A0A318HX35	T200344	40.4	57	34	0	226	282	39	95	1.98e-06	47.4
UniRef90_C7NBL7	T25285	34.5	87	52	3	5	90	2	84	1.23e-09	50.8
UniRef90_C7NBL7	T101046	37.3	67	41	1	25	90	24	90	1.20e-08	48.5
UniRef90_C7NBL7	T145334	35.8	67	42	1	25	90	24	90	3.37e-08	47.4
UniRef90_C7NBL7	T203464	37.3	67	41	1	25	90	24	90	4.76e-08	47.0
UniRef90_C7NBL7	T112172	39.6	48	29	0	43	90	43	90	2.66e-07	45.1
UniRef90_C7NBL7	T204492	31.3	67	45	1	25	90	24	90	5.30e-07	44.3
UniRef90_C7NBL7	T252445	31.3	67	45	1	25	90	24	90	5.30e-07	44.3
UniRef90_C7NBL7	T252446	31.3	67	45	1	25	90	24	90	5.30e-07	44.3
UniRef90_C7NBL7	T247748	39.6	48	29	0	43	90	43	90	7.33e-07	43.9
UniRef90_C7NBL7	T75145	37.5	48	30	0	43	90	43	90	2.05e-06	42.7
UniRef90_C7NBL7	T169314	37.5	48	30	0	43	90	43	90	2.05e-06	42.7
UniRef90_C7NBL7	T110864	38.8	49	29	1	43	90	43	91	2.14e-06	42.7
UniRef90_C7NBL7	T90247	40.0	45	27	0	46	90	46	90	2.89e-06	42.4
UniRef90_C7NBL7	T28217	27.6	87	58	2	4	89	2	84	3.85e-06	42.0
UniRef90_C7NBL7	T37754	31.3	67	45	1	25	90	24	90	4.08e-06	42.0
UniRef90_C7NBL7	T264935	37.5	48	30	0	43	90	43	90	4.08e-06	42.0
UniRef90_C7NBL7	T201546	27.6	87	58	2	4	89	2	84	1.40e-05	40.4
UniRef90_C7NBL7	T212265	27.6	87	58	2	4	89	2	84	1.40e-05	40.4
UniRef90_C7NBL7	T66476	35.4	48	31	0	43	90	43	90	2.30e-05	40.0
UniRef90_C7NBL7	T85911	35.4	48	31	0	43	90	43	90	2.30e-05	40.0
UniRef90_C7NBL7	T197544	35.4	48	31	0	43	90	43	90	2.30e-05	40.0
UniRef90_C7NBL7	T105228	38.6	44	25	1	46	89	42	83	3.00e-04	37.0
UniRef90_C7NBL7	T273314	28.7	87	57	2	4	89	2	84	3.06e-04	37.0
UniRef90_C7NBL7	T268638	30.3	89	55	5	4	90	2	85	4.30e-04	36.6
UniRef90_C7NBL7	T79715	28.9	90	57	3	3	90	2	86	6.49e-04	36.2
UniRef90_C7XRY4	T29938	100	85	0	0	1	85	1	85	4.25e-60	178
UniRef90_C7XRY4	T288690	100	85	0	0	1	85	1	85	4.25e-60	178
UniRef90_C7XRY4	T57050	98.8	85	1	0	1	85	1	85	4.98e-59	175
UniRef90_C7XRY4	T195278	98.8	85	1	0	1	85	1	85	4.98e-59	175
UniRef90_C7XRY4	T46024	97.6	85	2	0	1	85	1	85	1.67e-57	171
UniRef90_C7XRY4	T271311	95.3	85	4	0	1	85	1	85	3.95e-56	168
UniRef90_C7XRY4	T88493	95.3	85	4	0	1	85	1	85	4.89e-56	168
UniRef90_C7XRY4	T195281	92.9	85	6	0	1	85	1	85	5.62e-56	167
UniRef90_C7XRY4	T268482	92.9	85	6	0	1	85	1	85	5.62e-56	167
UniRef90_C7XRY4	T272325	92.9	85	6	0	1	85	1	85	5.62e-56	167
UniRef90_C7XRY4	T57958	92.9	85	6	0	1	85	1	85	1.13e-55	167
UniRef90_C7XRY4	T195283	92.9	85	6	0	1	85	1	85	1.13e-55	167
UniRef90_C7XRY4	T29507	95.2	84	4	0	1	84	1	84	3.16e-55	166
UniRef90_C7XRY4	T46021	95.2	84	4	0	1	84	1	84	3.16e-55	166
UniRef90_C7XRY4	T57048	95.2	84	4	0	1	84	1	84	3.16e-55	166
UniRef90_C7XRY4	T57053	95.2	84	4	0	1	84	1	84	3.16e-55	166
UniRef90_C7XRY4	T195285	95.2	84	4	0	1	84	1	84	3.16e-55	166
UniRef90_C7XRY4	T195287	95.2	84	4	0	1	84	1	84	3.16e-55	166
UniRef90_C7XRY4	T58455	91.8	85	7	0	1	85	1	85	4.62e-55	165
UniRef90_C7XRY4	T58458	91.8	85	7	0	1	85	1	85	4.62e-55	165
UniRef90_C7XRY4	T78499	91.8	85	7	0	1	85	1	85	4.62e-55	165
UniRef90_C7XRY4	T169975	91.8	85	7	0	1	85	1	85	4.62e-55	165
UniRef90_C7XRY4	T195288	94.0	84	5	0	1	84	1	84	3.70e-54	163
UniRef90_C7XRY4	T58459	90.6	85	8	0	1	85	1	85	6.33e-53	160
UniRef90_C7XRY4	T169976	90.6	85	8	0	1	85	1	85	6.33e-53	160
UniRef90_C9MVR6	T246276	45.5	55	30	0	8	62	4	58	3.61e-10	50.4
UniRef90_C9MVR6	T168245	45.8	48	24	1	10	55	6	53	5.82e-09	47.4
UniRef90_C9MVR6	T46107	39.7	58	32	1	8	62	4	61	5.19e-08	45.1
UniRef90_C9MVR6	T182335	39.0	59	32	2	8	63	4	61	3.52e-06	40.4
UniRef90_C9MVR6	T146017	38.2	55	32	1	10	62	6	60	9.83e-06	39.3
UniRef90_C9MVR6	T157218	38.2	55	32	1	10	62	6	60	9.83e-06	39.3
UniRef90_C9MVR6	T157439	38.2	55	32	1	10	62	6	60	9.83e-06	39.3
UniRef90_C9MVR6	T157443	38.2	55	32	1	10	62	6	60	9.83e-06	39.3
UniRef90_C9MVR6	T199618	38.2	55	32	1	10	62	6	60	9.83e-06	39.3
UniRef90_C9MVR6	T282805	38.2	55	32	1	10	62	6	60	9.83e-06	39.3
UniRef90_C9MVR6	T22796	36.4	55	33	1	10	62	6	60	1.39e-05	38.9
UniRef90_C9MVR6	T42762	36.4	55	33	1	10	62	6	60	1.39e-05	38.9
UniRef90_C9MVR6	T56932	36.4	55	33	1	10	62	6	60	1.39e-05	38.9
UniRef90_C9MVR6	T56939	36.4	55	33	1	10	62	6	60	1.39e-05	38.9
UniRef90_C9MVR6	T62898	36.4	55	33	1	10	62	6	60	1.39e-05	38.9
UniRef90_C9MVR6	T65879	36.4	55	33	1	10	62	6	60	1.39e-05	38.9
UniRef90_C9MVR6	T65885	36.4	55	33	1	10	62	6	60	1.39e-05	38.9
UniRef90_C9MVR6	T73862	36.4	55	33	1	10	62	6	60	1.39e-05	38.9
UniRef90_C9MVR6	T92965	36.4	55	33	1	10	62	6	60	1.39e-05	38.9
UniRef90_C9MVR6	T110326	36.4	55	33	1	10	62	6	60	1.39e-05	38.9
UniRef90_C9MVR6	T138366	36.4	55	33	1	10	62	6	60	1.39e-05	38.9
UniRef90_C9MVR6	T140159	36.4	55	33	1	10	62	6	60	1.39e-05	38.9
UniRef90_C9MVR6	T141556	36.4	55	33	1	10	62	6	60	1.39e-05	38.9
UniRef90_C9MVR6	T148535	36.4	55	33	1	10	62	6	60	1.39e-05	38.9
UniRef90_C9MVR6	T149991	36.4	55	33	1	10	62	6	60	1.39e-05	38.9
UniRef90_C9MVS1	T24238	100	85	0	0	1	85	1	85	5.16e-61	180
UniRef90_C9MVS1	T33178	100	85	0	0	1	85	1	85	5.16e-61	180
UniRef90_C9MVS1	T33148	98.8	85	1	0	1	85	1	85	1.22e-59	177
UniRef90_C9MVS1	T33159	83.5	85	14	0	1	85	1	85	1.89e-54	164
UniRef90_C9MVS1	T33167	82.4	85	15	0	1	85	1	85	2.21e-53	161
UniRef90_C9MVS1	T33173	82.4	85	15	0	1	85	1	85	4.46e-53	160
UniRef90_C9MVS1	T33154	78.8	85	18	0	1	85	1	85	4.29e-51	155
UniRef90_C9MVS1	T60431	77.6	85	19	0	1	85	1	85	6.10e-51	155
UniRef90_C9MVS1	T56448	76.5	85	20	0	1	85	1	85	3.53e-50	153
UniRef90_C9MVS1	T33144	78.6	84	18	0	1	84	1	84	9.84e-50	152
UniRef90_C9MVS1	T33171	75.3	85	21	0	1	85	1	85	3.40e-48	148
UniRef90_C9MVS1	T64987	72.9	85	23	0	1	85	1	85	1.14e-46	144
UniRef90_C9MVS1	T197660	72.9	85	23	0	1	85	1	85	2.30e-46	143
UniRef90_C9MVS1	T272566	71.8	85	24	0	1	85	1	85	9.39e-46	142
UniRef90_C9MVS1	T271313	69.4	85	26	0	1	85	1	85	7.73e-45	139
UniRef90_C9MVS1	T207014	64.3	84	30	0	1	84	1	84	3.00e-40	128
UniRef90_C9MVS1	T217022	64.3	84	30	0	1	84	1	84	3.00e-40	128
UniRef90_C9MVS1	T58455	64.7	85	30	0	1	85	1	85	8.34e-40	127
UniRef90_C9MVS1	T58458	64.7	85	30	0	1	85	1	85	8.34e-40	127
UniRef90_C9MVS1	T78499	64.7	85	30	0	1	85	1	85	8.34e-40	127
UniRef90_C9MVS1	T169975	64.7	85	30	0	1	85	1	85	8.34e-40	127
UniRef90_C9MVS1	T195281	64.7	85	30	0	1	85	1	85	8.34e-40	127
UniRef90_C9MVS1	T268482	64.7	85	30	0	1	85	1	85	8.34e-40	127
UniRef90_C9MVS1	T272325	64.7	85	30	0	1	85	1	85	8.34e-40	127
UniRef90_C9MVS1	T271311	62.4	85	32	0	1	85	1	85	1.68e-39	126
UniRef90_C9N051	T86720	42.9	198	110	2	23	218	10479	10675	9.32e-47	166
UniRef90_C9N051	T86721	42.9	198	110	2	23	218	10479	10675	9.32e-47	166
UniRef90_C9N051	T86722	42.9	198	110	2	23	218	10479	10675	9.32e-47	166
UniRef90_C9N051	T86723	42.9	198	110	2	23	218	10479	10675	9.32e-47	166
UniRef90_C9N120	T34708	36.1	108	60	4	2	104	1	104	1.23e-11	58.2
UniRef90_C9N1V2	T53755	48.3	87	45	0	2	88	112	198	3.50e-26	96.3
UniRef90_C9N1V2	T120744	48.3	87	45	0	2	88	112	198	3.50e-26	96.3
UniRef90_C9N1V2	T292682	42.4	85	44	3	2	86	103	182	2.55e-15	67.8
UniRef90_C9N1V2	T68245	34.2	73	46	2	1	72	144	215	8.00e-05	40.0
UniRef90_C9N1V2	T235495	34.2	73	46	2	1	72	144	215	8.00e-05	40.0
UniRef90_C9N1V2	T53174	34.2	73	46	2	1	72	151	222	8.14e-05	40.0
UniRef90_C9N1V2	T99794	34.2	73	46	2	1	72	151	222	8.14e-05	40.0
UniRef90_C9N1V2	T100783	34.2	73	46	2	1	72	151	222	8.14e-05	40.0
UniRef90_C9N1V2	T125167	34.2	73	46	2	1	72	151	222	8.14e-05	40.0
UniRef90_C9N1V2	T144003	34.2	73	46	2	1	72	151	222	8.14e-05	40.0
UniRef90_C9N1V2	T144004	34.2	73	46	2	1	72	151	222	8.14e-05	40.0
UniRef90_C9N1V2	T73159	37.7	61	36	2	1	60	146	205	1.12e-04	39.7
UniRef90_C9N1V2	T66257	34.2	73	46	2	1	72	151	222	1.53e-04	39.3
UniRef90_C9N1V2	T235500	34.2	73	46	2	1	72	151	222	1.53e-04	39.3
UniRef90_C9N1V2	T168848	39.3	61	35	2	1	60	141	200	2.06e-04	38.9
UniRef90_C9N1V2	T168851	39.3	61	35	2	1	60	141	200	2.06e-04	38.9
UniRef90_C9N1V2	T168853	39.3	61	35	2	1	60	141	200	2.06e-04	38.9
UniRef90_C9N1V2	T140426	34.2	73	46	2	1	72	151	222	2.10e-04	38.9
UniRef90_C9N1V2	T184849	34.2	73	46	2	1	72	151	222	2.10e-04	38.9
UniRef90_C9N1V2	T196573	34.2	73	46	2	1	72	151	222	2.10e-04	38.9
UniRef90_C9N1V2	T26348	36.6	82	49	3	1	80	135	215	2.88e-04	38.5
UniRef90_C9N1V2	T30278	34.2	73	46	2	1	72	151	222	3.95e-04	38.1
UniRef90_C9N1V2	T119116	36.1	61	37	2	1	60	135	194	5.23e-04	37.7
UniRef90_C9N1V2	T61503	36.1	61	37	2	1	60	139	198	5.26e-04	37.7
UniRef90_D3QZD1	T24592	100	95	0	0	1	95	1	95	1.24e-68	200
UniRef90_D3QZD1	T239880	81.1	90	17	0	6	95	4	93	1.80e-54	164
UniRef90_D3QZD1	T29417	81.3	91	17	0	5	95	3	93	2.03e-51	157
UniRef90_D3QZD1	T25126	73.6	91	24	0	5	95	3	93	2.77e-49	151
UniRef90_D3QZD1	T60444	71.7	92	26	0	3	94	2	93	4.05e-49	151
UniRef90_D3QZD1	T276341	75.8	91	22	0	5	95	6	96	4.30e-49	151
UniRef90_D3QZD1	T170233	74.7	91	23	0	5	95	3	93	3.23e-48	149
UniRef90_D3QZD1	T239875	73.6	91	24	0	5	95	6	96	5.87e-47	145
UniRef90_D3QZD1	T187152	71.3	87	25	0	7	93	5	91	1.85e-45	142
UniRef90_D3QZD1	T253417	73.0	89	24	0	7	95	8	96	1.96e-45	142
UniRef90_D3QZD1	T119115	75.6	86	21	0	10	95	9	94	1.07e-44	140
UniRef90_D3QZD1	T145360	69.7	89	27	0	7	95	5	93	1.52e-44	139
UniRef90_D3QZD1	T30548	67.4	89	29	0	7	95	8	96	2.68e-43	136
UniRef90_D3QZD1	T53815	68.6	86	27	0	10	95	11	96	3.64e-41	131
UniRef90_D3QZD1	T124740	62.2	90	34	0	5	94	3	92	3.89e-40	128
UniRef90_D3QZD1	T25228	67.8	87	28	0	7	93	5	91	7.39e-40	127
UniRef90_D3QZD1	T28681	67.8	87	28	0	7	93	5	91	7.39e-40	127
UniRef90_D3QZD1	T25007	74.7	75	19	0	21	95	1	75	2.21e-38	123
UniRef90_D3QZD1	T90029	74.7	75	19	0	21	95	1	75	2.21e-38	123
UniRef90_D3QZD1	T90030	74.7	75	19	0	21	95	1	75	2.21e-38	123
UniRef90_D3QZD1	T107448	74.7	75	19	0	21	95	1	75	2.21e-38	123
UniRef90_D3QZD1	T24256	62.5	88	33	0	6	93	4	91	2.03e-37	121
UniRef90_D3QZD1	T40437	61.5	91	35	0	5	95	6	96	3.33e-37	121
UniRef90_D3QZD1	T100449	59.6	89	36	0	5	93	2	90	3.26e-36	118
UniRef90_D3QZD1	T100448	58.4	89	37	0	5	93	2	90	4.63e-36	118
UniRef90_F0FB87	T88517	38.5	104	55	3	8	107	12	110	3.40e-11	56.6
UniRef90_F0FB87	T280844	34.6	104	59	3	8	107	12	110	1.92e-10	54.7
UniRef90_F0FB87	T123833	33.3	108	54	6	5	107	4	98	2.35e-05	40.8
UniRef90_F3B1X0	T152514	65.5	84	29	0	3	86	6	89	3.70e-42	133
UniRef90_F3B1X0	T57396	66.7	84	28	0	3	86	6	89	1.06e-41	132
UniRef90_F3B1X0	T61570	66.7	84	28	0	3	86	6	89	1.06e-41	132
UniRef90_F3B1X0	T139994	66.7	84	28	0	3	86	6	89	1.06e-41	132
UniRef90_F3B1X0	T268622	65.5	84	29	0	3	86	6	89	1.06e-41	132
UniRef90_F3B1X0	T245112	67.4	86	28	0	1	86	1	86	1.38e-41	131
UniRef90_F3B1X0	T22474	67.1	85	28	0	2	86	3	87	1.42e-41	131
UniRef90_F3B1X0	T115682	65.5	84	29	0	3	86	6	89	1.51e-41	131
UniRef90_F3B1X0	T115689	65.5	84	29	0	3	86	6	89	1.51e-41	131
UniRef90_F3B1X0	T115695	65.5	84	29	0	3	86	6	89	1.51e-41	131
UniRef90_F3B1X0	T266418	65.5	84	29	0	3	86	6	89	1.51e-41	131
UniRef90_F3B1X0	T282410	65.5	84	29	0	3	86	6	89	1.51e-41	131
UniRef90_F3B1X0	T199844	67.1	82	27	0	5	86	8	89	2.14e-41	131
UniRef90_F3B1X0	T91963	65.5	84	29	0	3	86	6	89	3.04e-41	130
UniRef90_F3B1X0	T79204	67.5	83	27	0	5	87	3	85	4.07e-41	130
UniRef90_F3B1X0	T20884	65.5	84	29	0	3	86	6	89	4.32e-41	130
UniRef90_F3B1X0	T21029	65.5	84	29	0	3	86	6	89	4.32e-41	130
UniRef90_F3B1X0	T31977	64.3	84	30	0	3	86	6	89	4.32e-41	130
UniRef90_F3B1X0	T33391	65.5	84	29	0	3	86	6	89	4.32e-41	130
UniRef90_F3B1X0	T39800	66.7	84	28	0	3	86	6	89	4.32e-41	130
UniRef90_F3B1X0	T49973	65.5	84	29	0	3	86	6	89	4.32e-41	130
UniRef90_F3B1X0	T60016	65.5	84	29	0	3	86	6	89	4.32e-41	130
UniRef90_F3B1X0	T67859	65.5	84	29	0	3	86	6	89	4.32e-41	130
UniRef90_F3B1X0	T71770	65.5	84	29	0	3	86	6	89	4.32e-41	130
UniRef90_F3B1X0	T72242	65.5	84	29	0	3	86	6	89	4.32e-41	130
UniRef90_F9EJM3	T224428	79.8	94	19	0	3	96	1	94	2.65e-50	154
UniRef90_F9EJM3	T20172	79.8	94	19	0	3	96	1	94	3.76e-50	154
UniRef90_F9EJM3	T26753	79.8	94	19	0	3	96	1	94	3.76e-50	154
UniRef90_F9EJM3	T26765	79.8	94	19	0	3	96	1	94	3.76e-50	154
UniRef90_F9EJM3	T28430	79.8	94	19	0	3	96	1	94	3.76e-50	154
UniRef90_F9EJM3	T28434	79.8	94	19	0	3	96	1	94	3.76e-50	154
UniRef90_F9EJM3	T28438	79.8	94	19	0	3	96	1	94	3.76e-50	154
UniRef90_F9EJM3	T30605	79.8	94	19	0	3	96	1	94	3.76e-50	154
UniRef90_F9EJM3	T30609	79.8	94	19	0	3	96	1	94	3.76e-50	154
UniRef90_F9EJM3	T30613	79.8	94	19	0	3	96	1	94	3.76e-50	154
UniRef90_F9EJM3	T39866	79.8	94	19	0	3	96	1	94	3.76e-50	154
UniRef90_F9EJM3	T52404	79.8	94	19	0	3	96	1	94	3.76e-50	154
UniRef90_F9EJM3	T52408	79.8	94	19	0	3	96	1	94	3.76e-50	154
UniRef90_F9EJM3	T89328	79.8	94	19	0	3	96	1	94	3.76e-50	154
UniRef90_F9EJM3	T93817	79.8	94	19	0	3	96	1	94	3.76e-50	154
UniRef90_F9EJM3	T93821	79.8	94	19	0	3	96	1	94	3.76e-50	154
UniRef90_F9EJM3	T93825	79.8	94	19	0	3	96	1	94	3.76e-50	154
UniRef90_F9EJM3	T95034	79.8	94	19	0	3	96	1	94	3.76e-50	154
UniRef90_F9EJM3	T111823	79.8	94	19	0	3	96	1	94	3.76e-50	154
UniRef90_F9EJM3	T112817	79.8	94	19	0	3	96	1	94	3.76e-50	154
UniRef90_F9EJM3	T149644	79.8	94	19	0	3	96	1	94	3.76e-50	154
UniRef90_F9EJM3	T239183	79.8	94	19	0	3	96	1	94	3.76e-50	154
UniRef90_F9EJM3	T239184	79.8	94	19	0	3	96	1	94	3.76e-50	154
UniRef90_F9EJM3	T239190	79.8	94	19	0	3	96	1	94	3.76e-50	154
UniRef90_F9EJM3	T239194	79.8	94	19	0	3	96	1	94	3.76e-50	154
UniRef90_G6AGG7	T30411	51.1	92	43	1	1	92	1	90	2.30e-27	96.3
UniRef90_G6AGG7	T153584	54.0	87	40	0	5	91	4	90	3.26e-27	95.9
UniRef90_G6AGG7	T25202	47.3	91	48	0	1	91	1	91	6.75e-27	95.1
UniRef90_G6AGG7	T263470	47.3	91	48	0	1	91	1	91	9.59e-27	94.7
UniRef90_G6AGG7	T55604	48.4	91	47	0	1	91	1	91	2.90e-26	93.6
UniRef90_G6AGG7	T88356	49.4	89	45	0	3	91	2	90	3.78e-26	93.2
UniRef90_G6AGG7	T266157	50.0	86	41	1	8	93	7	90	1.08e-25	92.0
UniRef90_G6AGG7	T266185	50.0	86	41	1	8	93	7	90	1.08e-25	92.0
UniRef90_G6AGG7	T247344	51.7	87	42	0	5	91	4	90	1.54e-25	91.7
UniRef90_G6AGG7	T25203	47.3	91	48	0	1	91	1	91	1.67e-25	91.7
UniRef90_G6AGG7	T33143	48.4	91	47	0	1	91	1	91	2.24e-25	91.3
UniRef90_G6AGG7	T263467	46.2	91	49	0	1	91	1	91	2.37e-25	91.3
UniRef90_G6AGG7	T75141	45.1	91	50	0	1	91	4	94	2.43e-25	91.3
UniRef90_G6AGG7	T23475	47.2	89	47	0	3	91	2	90	3.09e-25	90.9
UniRef90_G6AGG7	T79001	49.5	91	46	0	1	91	1	91	4.77e-25	90.5
UniRef90_G6AGG7	T152928	46.2	93	50	0	1	93	1	93	4.77e-25	90.5
UniRef90_G6AGG7	T253399	49.5	91	46	0	1	91	1	91	4.77e-25	90.5
UniRef90_G6AGG7	T253408	49.5	91	46	0	1	91	1	91	4.77e-25	90.5
UniRef90_G6AGG7	T24592	46.1	89	48	0	5	93	7	95	5.04e-25	90.5
UniRef90_G6AGG7	T284243	46.2	91	49	0	1	91	1	91	6.40e-25	90.1
UniRef90_G6AGG7	T60443	46.2	91	49	0	1	91	1	91	6.76e-25	90.1
UniRef90_G6AGG7	T100453	47.2	89	47	0	3	91	2	90	8.84e-25	89.7
UniRef90_G6AGG7	T20622	44.1	93	52	0	1	93	1	93	9.60e-25	89.7
UniRef90_G6AGG7	T153986	44.1	93	52	0	1	93	1	93	9.60e-25	89.7
UniRef90_G6AGG7	T154520	44.1	93	52	0	1	93	1	93	9.60e-25	89.7
UniRef90_I0R953	T23473	65.5	84	29	0	1	84	1	84	7.88e-43	134
UniRef90_I0R953	T24378	68.2	85	26	1	1	84	1	85	3.31e-42	133
UniRef90_I0R953	T26785	68.2	85	26	1	1	84	1	85	3.31e-42	133
UniRef90_I0R953	T184088	66.3	80	27	0	5	84	10	89	4.84e-42	132
UniRef90_I0R953	T91963	67.5	80	26	0	5	84	10	89	6.87e-42	132
UniRef90_I0R953	T202401	66.3	80	27	0	5	84	8	87	9.21e-42	132
UniRef90_I0R953	T57396	67.5	80	26	0	5	84	10	89	9.77e-42	132
UniRef90_I0R953	T139994	67.5	80	26	0	5	84	10	89	9.77e-42	132
UniRef90_I0R953	T148640	67.5	80	26	0	5	84	10	89	9.77e-42	132
UniRef90_I0R953	T148643	67.5	80	26	0	5	84	10	89	9.77e-42	132
UniRef90_I0R953	T169952	67.5	80	26	0	5	84	10	89	9.77e-42	132
UniRef90_I0R953	T187450	67.5	80	26	0	5	84	10	89	9.77e-42	132
UniRef90_I0R953	T187477	67.5	80	26	0	5	84	10	89	9.77e-42	132
UniRef90_I0R953	T187478	67.5	80	26	0	5	84	10	89	9.77e-42	132
UniRef90_I0R953	T118289	65.4	81	28	0	4	84	9	89	1.39e-41	131
UniRef90_I0R953	T144915	65.4	81	28	0	4	84	9	89	1.39e-41	131
UniRef90_I0R953	T144917	65.4	81	28	0	4	84	9	89	1.39e-41	131
UniRef90_I0R953	T144980	66.3	80	27	0	5	84	10	89	1.97e-41	131
UniRef90_I0R953	T73493	66.3	80	27	0	5	84	8	87	2.64e-41	130
UniRef90_I0R953	T74730	66.3	80	27	0	5	84	8	87	2.64e-41	130
UniRef90_I0R953	T199844	67.5	80	26	0	5	84	10	89	2.80e-41	130
UniRef90_I0R953	T39874	65.0	80	28	0	5	84	8	87	3.75e-41	130
UniRef90_I0R953	T39881	65.0	80	28	0	5	84	8	87	3.75e-41	130
UniRef90_I0R953	T118239	65.0	80	28	0	5	84	8	87	3.75e-41	130
UniRef90_I0R953	T118240	65.0	80	28	0	5	84	8	87	3.75e-41	130
UniRef90_J4X4D7	T21777	59.6	52	20	1	52	103	31	81	1.14e-16	69.3
UniRef90_J4X4D7	T25639	37.4	91	55	1	12	102	7	95	1.06e-14	64.7
UniRef90_J4X4D7	T23475	37.2	94	53	2	11	102	1	90	4.25e-13	60.5
UniRef90_J4X4D7	T268489	39.3	89	52	2	14	102	4	90	3.40e-12	58.2
UniRef90_J4X4D7	T282506	39.3	89	52	2	14	102	4	90	3.40e-12	58.2
UniRef90_J4X4D7	T27676	37.0	92	54	3	11	102	1	88	9.17e-12	57.0
UniRef90_J4X4D7	T239213	39.1	92	52	2	11	102	1	88	9.17e-12	57.0
UniRef90_J4X4D7	T111829	42.2	83	44	2	20	102	10	88	1.83e-11	56.2
UniRef90_J4X4D7	T112835	42.2	83	44	2	20	102	10	88	1.83e-11	56.2
UniRef90_J4X4D7	T29278	36.3	91	54	2	13	103	3	89	1.88e-11	56.2
UniRef90_J4X4D7	T29287	36.3	91	54	2	13	103	3	89	1.88e-11	56.2
UniRef90_J4X4D7	T29363	36.3	91	54	2	13	103	3	89	1.88e-11	56.2
UniRef90_J4X4D7	T29686	36.3	91	54	2	13	103	3	89	1.88e-11	56.2
UniRef90_J4X4D7	T29694	36.3	91	54	2	13	103	3	89	1.88e-11	56.2
UniRef90_J4X4D7	T29782	36.3	91	54	2	13	103	3	89	1.88e-11	56.2
UniRef90_J4X4D7	T29869	36.3	91	54	2	13	103	3	89	1.88e-11	56.2
UniRef90_J4X4D7	T53327	36.3	91	54	2	13	103	3	89	1.88e-11	56.2
UniRef90_J4X4D7	T53335	36.3	91	54	2	13	103	3	89	1.88e-11	56.2
UniRef90_J4X4D7	T66913	36.3	91	54	2	13	103	3	89	1.88e-11	56.2
UniRef90_J4X4D7	T66921	36.3	91	54	2	13	103	3	89	1.88e-11	56.2
UniRef90_J4X4D7	T66928	36.3	91	54	2	13	103	3	89	1.88e-11	56.2
UniRef90_J4X4D7	T66935	36.3	91	54	2	13	103	3	89	1.88e-11	56.2
UniRef90_J4X4D7	T66942	36.3	91	54	2	13	103	3	89	1.88e-11	56.2
UniRef90_J4X4D7	T66950	36.3	91	54	2	13	103	3	89	1.88e-11	56.2
UniRef90_J4X4D7	T66957	36.3	91	54	2	13	103	3	89	1.88e-11	56.2
UniRef90_J5XMR3	T196940	40.7	86	38	3	13	98	10	82	1.67e-13	61.6
UniRef90_J5XMR3	T33144	39.1	87	40	3	13	99	11	84	3.25e-13	60.8
UniRef90_J5XMR3	T27885	41.4	87	39	3	13	99	11	85	4.71e-13	60.5
UniRef90_J5XMR3	T29898	41.4	87	39	3	13	99	11	85	4.71e-13	60.5
UniRef90_J5XMR3	T42551	41.4	87	39	3	13	99	11	85	4.71e-13	60.5
UniRef90_J5XMR3	T42556	41.4	87	39	3	13	99	11	85	4.71e-13	60.5
UniRef90_J5XMR3	T42562	41.4	87	39	3	13	99	11	85	4.71e-13	60.5
UniRef90_J5XMR3	T42565	41.4	87	39	3	13	99	11	85	4.71e-13	60.5
UniRef90_J5XMR3	T42570	41.4	87	39	3	13	99	11	85	4.71e-13	60.5
UniRef90_J5XMR3	T42575	41.4	87	39	3	13	99	11	85	4.71e-13	60.5
UniRef90_J5XMR3	T42652	41.4	87	39	3	13	99	11	85	4.71e-13	60.5
UniRef90_J5XMR3	T42654	41.4	87	39	3	13	99	11	85	4.71e-13	60.5
UniRef90_J5XMR3	T57699	41.4	87	39	3	13	99	11	85	4.71e-13	60.5
UniRef90_J5XMR3	T59802	41.4	87	39	3	13	99	11	85	4.71e-13	60.5
UniRef90_J5XMR3	T61408	41.4	87	39	3	13	99	11	85	4.71e-13	60.5
UniRef90_J5XMR3	T64271	41.4	87	39	3	13	99	11	85	4.71e-13	60.5
UniRef90_J5XMR3	T68660	41.4	87	39	3	13	99	11	85	4.71e-13	60.5
UniRef90_J5XMR3	T68829	41.4	87	39	3	13	99	11	85	4.71e-13	60.5
UniRef90_J5XMR3	T70640	41.4	87	39	3	13	99	11	85	4.71e-13	60.5
UniRef90_J5XMR3	T70647	41.4	87	39	3	13	99	11	85	4.71e-13	60.5
UniRef90_J5XMR3	T71831	41.4	87	39	3	13	99	11	85	4.71e-13	60.5
UniRef90_J5XMR3	T73667	41.4	87	39	3	13	99	11	85	4.71e-13	60.5
UniRef90_J5XMR3	T73671	41.4	87	39	3	13	99	11	85	4.71e-13	60.5
UniRef90_J5XMR3	T81252	41.4	87	39	3	13	99	11	85	4.71e-13	60.5
UniRef90_J5XMR3	T99132	41.4	87	39	3	13	99	11	85	4.71e-13	60.5
UniRef90_L1PAN5	T199080	37.7	61	38	0	1	61	1	61	1.66e-07	43.9
UniRef90_L1PAN5	T257859	37.7	61	38	0	1	61	1	61	1.66e-07	43.9
UniRef90_L1PAN5	T259130	37.7	61	38	0	1	61	1	61	1.66e-07	43.9
UniRef90_L1PAN5	T259135	37.7	61	38	0	1	61	1	61	1.66e-07	43.9
UniRef90_L1PAN5	T145121	41.9	62	33	2	1	61	1	60	3.27e-07	43.1
UniRef90_L1PAN5	T253276	41.9	62	33	2	1	61	1	60	3.27e-07	43.1
UniRef90_L1PAN5	T117177	40.3	62	34	2	1	61	1	60	5.34e-06	40.0
UniRef90_L1PAN5	T225115	40.3	62	34	2	1	61	1	60	5.34e-06	40.0
UniRef90_L1PAN5	T279145	40.3	62	34	2	1	61	1	60	5.34e-06	40.0
UniRef90_L1PAN5	T22870	41.9	62	33	2	1	61	1	60	7.57e-06	39.7
UniRef90_L1PAN5	T151612	41.0	61	35	1	1	61	1	60	7.57e-06	39.7
UniRef90_L1PAN5	T21546	40.3	62	34	2	1	61	1	60	1.07e-05	39.3
UniRef90_L1PAN5	T30809	36.1	61	38	1	1	61	1	60	1.07e-05	39.3
UniRef90_L1PAN5	T47415	40.3	62	34	2	1	61	1	60	1.07e-05	39.3
UniRef90_L1PAN5	T238582	38.7	62	35	2	1	61	1	60	1.07e-05	39.3
UniRef90_L1PAN5	T282493	38.7	62	35	2	1	61	1	60	1.07e-05	39.3
UniRef90_L1PAN5	T288804	40.3	62	34	2	1	61	1	60	1.07e-05	39.3
UniRef90_L1PAN5	T54535	36.1	61	38	1	1	61	1	60	1.52e-05	38.9
UniRef90_L1PAN5	T63777	36.1	61	38	1	1	61	1	60	1.52e-05	38.9
UniRef90_L1PAN5	T68261	38.7	62	35	2	1	61	1	60	1.52e-05	38.9
UniRef90_L1PAN5	T86568	41.0	61	35	1	1	61	1	60	1.52e-05	38.9
UniRef90_L1PAN5	T129150	36.1	61	38	1	1	61	1	60	1.52e-05	38.9
UniRef90_L1PAN5	T225005	38.7	62	35	2	1	61	1	60	1.52e-05	38.9
UniRef90_L1PAN5	T225093	36.1	61	38	1	1	61	1	60	1.52e-05	38.9
UniRef90_L1PAN5	T225108	38.7	62	35	2	1	61	1	60	1.52e-05	38.9
UniRef90_Q7P7M0	T135640	55.6	36	16	0	4	39	2	37	2.22e-04	39.3
UniRef90_Q8REK0	T216952	52.9	85	40	0	3	87	2	86	1.62e-29	101
UniRef90_Q8REK0	T287930	52.9	85	40	0	3	87	2	86	1.62e-29	101
UniRef90_Q8REK0	T187670	50.6	87	43	0	1	87	1	87	2.39e-27	95.9
UniRef90_Q8REK0	T88354	52.3	88	42	0	1	88	1	88	4.55e-27	95.1
UniRef90_Q8REK0	T88490	52.3	88	42	0	1	88	1	88	4.55e-27	95.1
UniRef90_Q8REK0	T127106	52.9	85	40	0	3	87	4	88	9.98e-27	94.4
UniRef90_Q8REK0	T245588	52.9	85	40	0	3	87	4	88	9.98e-27	94.4
UniRef90_Q8REK0	T274887	52.9	85	40	0	3	87	4	88	9.98e-27	94.4
UniRef90_Q8REK0	T40670	52.9	85	40	0	3	87	4	88	1.42e-26	94.0
UniRef90_Q8REK0	T208734	50.6	87	43	0	1	87	1	87	1.42e-26	94.0
UniRef90_Q8REK0	T22063	50.6	85	42	0	3	87	2	86	1.75e-26	93.6
UniRef90_Q8REK0	T24000	50.6	85	42	0	3	87	2	86	1.75e-26	93.6
UniRef90_Q8REK0	T24008	50.6	85	42	0	3	87	2	86	1.75e-26	93.6
UniRef90_Q8REK0	T27111	50.6	85	42	0	3	87	2	86	1.75e-26	93.6
UniRef90_Q8REK0	T27116	50.6	85	42	0	3	87	2	86	1.75e-26	93.6
UniRef90_Q8REK0	T27122	50.6	85	42	0	3	87	2	86	1.75e-26	93.6
UniRef90_Q8REK0	T27139	50.6	85	42	0	3	87	2	86	1.75e-26	93.6
UniRef90_Q8REK0	T28233	50.6	85	42	0	3	87	2	86	1.75e-26	93.6
UniRef90_Q8REK0	T29030	50.6	85	42	0	3	87	2	86	1.75e-26	93.6
UniRef90_Q8REK0	T46537	50.6	85	42	0	3	87	2	86	1.75e-26	93.6
UniRef90_Q8REK0	T64291	50.6	85	42	0	3	87	2	86	1.75e-26	93.6
UniRef90_Q8REK0	T70796	50.6	85	42	0	3	87	2	86	1.75e-26	93.6
UniRef90_Q8REK0	T75585	50.6	85	42	0	3	87	2	86	1.75e-26	93.6
UniRef90_Q8REK0	T86626	50.6	85	42	0	3	87	2	86	1.75e-26	93.6
UniRef90_Q8REK0	T106861	50.6	85	42	0	3	87	2	86	1.75e-26	93.6
UniRef90_U2QGP4	T64985	93.6	94	6	0	1	94	1	94	2.63e-56	169
UniRef90_U2QGP4	T197661	92.6	94	7	0	1	94	1	94	1.07e-55	167
UniRef90_U2QGP4	T88356	55.1	89	40	0	6	94	2	90	1.74e-26	94.0
UniRef90_U2QGP4	T100453	56.2	89	39	0	6	94	2	90	3.50e-26	93.2
UniRef90_U2QGP4	T272565	52.2	90	43	0	5	94	2	91	7.26e-26	92.4
UniRef90_U2QGP4	T272271	53.9	89	41	0	6	94	2	90	1.42e-25	91.7
UniRef90_U2QGP4	T46022	54.0	87	40	0	8	94	4	90	4.07e-25	90.5
UniRef90_U2QGP4	T57051	54.0	87	40	0	8	94	4	90	4.07e-25	90.5
UniRef90_U2QGP4	T253418	51.7	87	42	0	8	94	4	90	1.65e-24	89.0
UniRef90_U2QGP4	T33151	51.7	89	43	0	6	94	3	91	1.74e-24	89.0
UniRef90_U2QGP4	T247344	54.0	87	40	0	8	94	4	90	6.69e-24	87.4
UniRef90_U2QGP4	T24256	53.3	90	42	0	5	94	2	91	9.75e-24	87.0
UniRef90_U2QGP4	T23474	48.3	89	46	0	6	94	2	90	9.89e-23	84.7
UniRef90_U2QGP4	T100448	53.6	84	39	0	11	94	7	90	1.56e-22	84.0
UniRef90_U2QGP4	T100449	53.6	84	39	0	11	94	7	90	2.21e-22	83.6
UniRef90_U2QGP4	T67855	47.2	89	47	0	6	94	2	90	3.23e-22	83.2
UniRef90_U2QGP4	T293299	50.0	92	46	0	3	94	1	92	3.31e-22	83.2
UniRef90_U2QGP4	T125873	49.4	87	44	0	8	94	4	90	8.97e-22	82.0
UniRef90_U2QGP4	T21695	49.4	87	44	0	8	94	4	90	1.80e-21	81.3
UniRef90_U2QGP4	T217927	44.9	89	49	0	6	94	2	90	2.56e-21	80.9
UniRef90_U2QGP4	T241306	44.9	89	49	0	6	94	2	90	2.56e-21	80.9
UniRef90_U2QGP4	T29418	50.6	87	43	0	8	94	4	90	3.63e-21	80.5
UniRef90_U2QGP4	T21502	48.3	87	45	0	8	94	4	90	7.31e-21	79.7
UniRef90_U2QGP4	T160086	48.3	87	45	0	8	94	4	90	2.09e-20	78.6
UniRef90_U2QGP4	T25780	48.8	84	43	0	11	94	7	90	3.12e-20	78.2
UniRef90_U2QT45	T246276	40.0	55	33	0	8	62	4	58	2.08e-09	48.5
UniRef90_U2QT45	T78873	35.7	56	36	0	5	60	3	58	2.06e-07	43.5
UniRef90_U2QT45	T46107	36.2	58	34	1	8	62	4	61	8.52e-07	42.0
UniRef90_U2QT45	T182335	37.3	59	33	2	8	63	4	61	8.71e-07	42.0
UniRef90_U2QT45	T71734	41.1	56	31	1	9	62	5	60	3.37e-06	40.4
UniRef90_U2QT45	T60220	35.7	56	34	1	9	62	5	60	1.36e-05	38.9
UniRef90_U2QT45	T115382	35.7	56	34	1	9	62	5	60	1.36e-05	38.9
UniRef90_U2QT45	T148700	33.3	60	37	1	6	62	2	61	2.02e-05	38.5
UniRef90_U2QT45	T153761	33.3	60	37	1	6	62	2	61	2.02e-05	38.5
UniRef90_U2QT45	T153766	33.3	60	37	1	6	62	2	61	2.02e-05	38.5
UniRef90_U2QT45	T276466	37.9	58	32	2	9	63	5	61	2.02e-05	38.5
UniRef90_U2QT45	T151076	37.9	58	32	2	9	63	5	61	8.13e-05	37.0
UniRef90_U2QT45	T73122	37.5	64	36	2	1	61	4	66	9.00e-05	37.0
UniRef90_U2QT45	T73127	37.5	64	36	2	1	61	4	66	9.00e-05	37.0
UniRef90_U2QT45	T74217	37.5	64	36	2	1	61	4	66	9.00e-05	37.0
UniRef90_U2QT45	T64738	38.6	57	31	2	10	63	6	61	1.15e-04	36.6
UniRef90_U2QT45	T226200	40.0	60	31	3	6	61	3	61	1.18e-04	36.6
UniRef90_U2QT45	T226228	40.0	60	31	3	6	61	3	61	1.18e-04	36.6
UniRef90_U2QT45	T226312	40.0	60	31	3	6	61	3	61	1.18e-04	36.6
UniRef90_U2QT45	T36584	37.0	54	32	1	9	60	7	60	1.20e-04	36.6
UniRef90_U2QT45	T135635	36.2	58	33	2	6	60	5	61	1.70e-04	36.2
UniRef90_U2QT45	T73117	35.9	64	37	2	1	61	4	66	2.56e-04	35.8
UniRef90_U2QT45	T73170	35.9	64	37	2	1	61	4	66	2.56e-04	35.8
UniRef90_U2QT45	T81632	35.1	57	34	2	8	62	6	61	3.28e-04	35.4
UniRef90_U2QT45	T81635	35.1	57	34	2	8	62	6	61	3.28e-04	35.4
UniRef90_U2R2D9	T24932	47.1	87	45	1	1	87	1	86	2.67e-21	80.5
UniRef90_U2R2D9	T100447	48.9	88	45	0	1	88	1	88	2.24e-20	78.2
UniRef90_U2R2D9	T233069	48.3	87	45	0	1	87	1	87	2.24e-20	78.2
UniRef90_U2R2D9	T117579	46.0	87	47	0	1	87	1	87	4.51e-20	77.4
UniRef90_U2R2D9	T144096	46.0	87	47	0	1	87	1	87	4.51e-20	77.4
UniRef90_U2R2D9	T146062	46.0	87	47	0	1	87	1	87	4.51e-20	77.4
UniRef90_U2R2D9	T75933	47.1	87	46	0	1	87	1	87	6.39e-20	77.0
UniRef90_U2R2D9	T187670	43.7	87	49	0	1	87	1	87	6.74e-20	77.0
UniRef90_U2R2D9	T36565	43.7	87	49	0	1	87	1	87	5.21e-19	74.7
UniRef90_U2R2D9	T88354	48.9	88	45	0	1	88	1	88	5.21e-19	74.7
UniRef90_U2R2D9	T88490	48.9	88	45	0	1	88	1	88	5.21e-19	74.7
UniRef90_U2R2D9	T222717	47.1	87	46	0	1	87	1	87	5.21e-19	74.7
UniRef90_U2R2D9	T216952	41.2	85	50	0	3	87	2	86	7.20e-19	74.3
UniRef90_U2R2D9	T287930	41.2	85	50	0	3	87	2	86	7.20e-19	74.3
UniRef90_U2R2D9	T293701	50.6	87	43	0	1	87	1	87	1.02e-18	73.9
UniRef90_U2R2D9	T200316	49.3	75	38	0	13	87	3	77	1.15e-18	73.6
UniRef90_U2R2D9	T253241	49.4	87	44	0	1	87	1	87	1.45e-18	73.6
UniRef90_U2R2D9	T253255	49.4	87	44	0	1	87	1	87	1.45e-18	73.6
UniRef90_U2R2D9	T144001	47.1	87	45	1	1	87	1	86	2.06e-18	73.2
UniRef90_U2R2D9	T100300	39.1	87	53	0	1	87	1	87	2.11e-18	73.2
UniRef90_U2R2D9	T51985	37.9	87	54	0	1	87	1	87	2.22e-18	73.2
UniRef90_U2R2D9	T200331	48.0	75	39	0	13	87	3	77	2.31e-18	72.8
UniRef90_U2R2D9	T259690	39.1	87	53	0	1	87	1	87	2.99e-18	72.8
UniRef90_U2R2D9	T213600	47.1	85	45	0	3	87	4	88	3.07e-18	72.8
UniRef90_U2R2D9	T287757	42.5	87	50	0	1	87	1	87	3.07e-18	72.8
UniRef90_U2RAS2	T76726	50.8	61	29	1	1	60	1	61	1.40e-16	66.6
UniRef90_U2RAS2	T109396	52.5	61	28	1	1	60	1	61	5.72e-16	65.1
UniRef90_U2RAS2	T33411	52.5	61	28	1	1	60	4	64	6.15e-16	65.1
UniRef90_U2RAS2	T182335	47.5	61	31	1	1	60	1	61	8.12e-16	64.7
UniRef90_U2RAS2	T246258	49.2	61	30	1	1	60	1	61	1.64e-15	63.9
UniRef90_U2RAS2	T62969	50.8	61	29	1	1	60	1	61	2.33e-15	63.5
UniRef90_U2RAS2	T73489	50.8	61	29	1	1	60	1	61	2.33e-15	63.5
UniRef90_U2RAS2	T70513	47.5	61	31	1	1	60	1	61	4.70e-15	62.8
UniRef90_U2RAS2	T109307	50.0	60	29	1	1	59	1	60	6.36e-15	62.4
UniRef90_U2RAS2	T110860	50.0	60	29	1	1	59	1	60	6.36e-15	62.4
UniRef90_U2RAS2	T173111	50.0	60	29	1	1	59	1	60	6.36e-15	62.4
UniRef90_U2RAS2	T184002	50.0	60	29	1	1	59	1	60	6.36e-15	62.4
UniRef90_U2RAS2	T33440	47.5	61	31	1	1	60	1	61	7.72e-15	62.4
UniRef90_U2RAS2	T77493	47.5	61	31	1	1	60	1	61	1.35e-14	61.6
UniRef90_U2RAS2	T288710	55.9	59	25	1	1	58	1	59	1.78e-14	61.2
UniRef90_U2RAS2	T292602	55.9	59	25	1	1	58	1	59	1.78e-14	61.2
UniRef90_U2RAS2	T20647	47.5	61	31	1	1	60	1	61	1.91e-14	61.2
UniRef90_U2RAS2	T25327	47.5	61	31	1	1	60	1	61	1.91e-14	61.2
UniRef90_U2RAS2	T26502	47.5	61	31	1	1	60	1	61	1.91e-14	61.2
UniRef90_U2RAS2	T26519	47.5	61	31	1	1	60	1	61	1.91e-14	61.2
UniRef90_U2RAS2	T28399	47.5	61	31	1	1	60	1	61	1.91e-14	61.2
UniRef90_U2RAS2	T28621	47.5	61	31	1	1	60	1	61	1.91e-14	61.2
UniRef90_U2RAS2	T29041	47.5	61	31	1	1	60	1	61	1.91e-14	61.2
UniRef90_U2RAS2	T38749	56.9	58	24	1	1	57	1	58	1.91e-14	61.2
UniRef90_U2RAS2	T48448	47.5	61	31	1	1	60	1	61	1.91e-14	61.2
UniRef90_U2RF13	T86720	46.6	148	78	1	29	176	10487	10633	1.49e-36	135
UniRef90_U2RF13	T86721	46.6	148	78	1	29	176	10487	10633	1.49e-36	135
UniRef90_U2RF13	T86722	46.6	148	78	1	29	176	10487	10633	1.49e-36	135
UniRef90_U2RF13	T86723	46.6	148	78	1	29	176	10487	10633	1.49e-36	135
UniRef90_U7T3V9	T25285	41.4	87	46	3	4	89	2	84	5.22e-11	54.3
UniRef90_U7T3V9	T285782	47.4	38	20	0	52	89	48	85	4.86e-06	41.6
UniRef90_U7T3V9	T211990	50.0	34	17	0	56	89	55	88	1.02e-05	40.8
UniRef90_U7T3V9	T240805	41.9	43	25	0	46	88	45	87	1.04e-05	40.8
UniRef90_U7T3V9	T21310	47.1	34	18	0	56	89	47	80	1.23e-05	40.4
UniRef90_U7T3V9	T153127	55.9	34	15	0	56	89	53	86	1.39e-05	40.4
UniRef90_U7T3V9	T25675	28.6	70	47	2	22	89	22	90	1.59e-05	40.4
UniRef90_U7T3V9	T28640	52.9	34	16	0	56	89	52	85	1.92e-05	40.0
UniRef90_U7T3V9	T204495	52.9	34	16	0	56	89	55	88	2.03e-05	40.0
UniRef90_U7T3V9	T63322	52.9	34	16	0	56	89	56	89	2.07e-05	40.0
UniRef90_U7T3V9	T68644	52.9	34	16	0	56	89	56	89	2.07e-05	40.0
UniRef90_U7T3V9	T68645	52.9	34	16	0	56	89	56	89	2.07e-05	40.0
UniRef90_U7T3V9	T204493	52.9	34	16	0	56	89	56	89	2.07e-05	40.0
UniRef90_U7T3V9	T213598	52.9	34	16	0	56	89	56	89	2.07e-05	40.0
UniRef90_U7T3V9	T213599	52.9	34	16	0	56	89	56	89	2.07e-05	40.0
UniRef90_U7T3V9	T213600	52.9	34	16	0	56	89	56	89	2.07e-05	40.0
UniRef90_U7T3V9	T214585	52.9	34	16	0	56	89	56	89	2.07e-05	40.0
UniRef90_U7T3V9	T63323	52.9	34	16	0	56	89	56	89	2.19e-05	40.0
UniRef90_U7T3V9	T204494	52.9	34	16	0	56	89	56	89	2.19e-05	40.0
UniRef90_U7T3V9	T214584	50.0	34	17	0	56	89	56	89	2.92e-05	39.7
UniRef90_U7T3V9	T296751	47.1	34	18	0	56	89	57	90	3.15e-05	39.7
UniRef90_U7T3V9	T68867	41.5	41	24	0	49	89	6	46	3.41e-05	38.5
UniRef90_U7T3V9	T199960	44.1	34	19	0	56	89	55	88	5.68e-05	38.9
UniRef90_U7T3V9	T45945	50.0	34	17	0	56	89	38	71	5.73e-05	38.5
UniRef90_U7T3V9	T178941	47.1	34	18	0	56	89	55	88	5.79e-05	38.9
UniRef90_UPI0009F8CB93	T197664	55.8	95	41	1	1	95	1	94	2.12e-35	116
UniRef90_UPI0009F8CB93	T198965	52.1	94	45	0	1	94	1	94	3.09e-35	116
UniRef90_UPI0009F8CB93	T65807	55.4	74	33	0	21	94	8	81	5.72e-26	92.4
UniRef90_UPI0009F8CB93	T21559	48.9	92	44	1	3	94	5	93	1.13e-25	92.0
UniRef90_UPI0009F8CB93	T25653	45.7	92	47	1	3	94	5	93	1.13e-25	92.0
UniRef90_UPI0009F8CB93	T136002	47.8	92	45	1	3	94	5	93	2.28e-25	91.3
UniRef90_UPI0009F8CB93	T293741	45.7	92	47	1	3	94	5	93	6.51e-25	90.1
UniRef90_UPI0009F8CB93	T143714	44.7	94	44	2	3	94	5	92	1.28e-24	89.4
UniRef90_UPI0009F8CB93	T46575	47.8	92	46	1	3	94	5	94	1.35e-24	89.4
UniRef90_UPI0009F8CB93	T32006	44.1	93	47	2	3	94	5	93	1.86e-24	89.0
UniRef90_UPI0009F8CB93	T23192	44.6	92	48	1	3	94	5	93	5.32e-24	87.8
UniRef90_UPI0009F8CB93	T25408	44.6	92	48	1	3	94	5	93	5.32e-24	87.8
UniRef90_UPI0009F8CB93	T26958	44.6	92	48	1	3	94	5	93	5.32e-24	87.8
UniRef90_UPI0009F8CB93	T284252	44.6	92	48	1	3	94	5	93	5.32e-24	87.8
UniRef90_UPI0009F8CB93	T36175	43.5	92	49	1	3	94	5	93	1.07e-23	87.0
UniRef90_UPI0009F8CB93	T53394	47.3	93	44	2	3	94	5	93	1.07e-23	87.0
UniRef90_UPI0009F8CB93	T153795	42.6	94	51	1	1	94	3	93	1.07e-23	87.0
UniRef90_UPI0009F8CB93	T23522	50.7	73	36	0	22	94	21	93	1.52e-23	86.7
UniRef90_UPI0009F8CB93	T72252	52.7	74	35	0	21	94	20	93	1.52e-23	86.7
UniRef90_UPI0009F8CB93	T293963	50.0	74	37	0	21	94	20	93	1.52e-23	86.7
UniRef90_UPI0009F8CB93	T194196	48.6	74	38	0	21	94	22	95	2.28e-23	86.3
UniRef90_UPI0009F8CB93	T74222	50.7	75	37	0	20	94	19	93	3.06e-23	85.9
UniRef90_UPI0009F8CB93	T21255	42.1	95	51	2	1	94	3	94	3.14e-23	85.9
UniRef90_UPI0009F8CB93	T115067	42.1	95	51	2	1	94	3	94	3.14e-23	85.9
UniRef90_UPI0009F8CB93	T145621	42.1	95	51	2	1	94	3	94	3.14e-23	85.9
UniRef90_W2C7B4	T46780	50.0	62	29	1	27	88	24	83	4.18e-13	59.7
UniRef90_W2C7B4	T266663	50.0	62	29	1	27	88	24	83	4.18e-13	59.7
UniRef90_W2C7B4	T266664	50.0	62	29	1	27	88	24	83	4.18e-13	59.7
UniRef90_W2C7B4	T266665	50.0	62	29	1	27	88	24	83	4.18e-13	59.7
UniRef90_W2C7B4	T266666	50.0	62	29	1	27	88	24	83	4.18e-13	59.7
UniRef90_W2C7B4	T266667	50.0	62	29	1	27	88	24	83	4.18e-13	59.7
UniRef90_W2C7B4	T266668	50.0	62	29	1	27	88	24	83	4.18e-13	59.7
UniRef90_W2C7B4	T266669	50.0	62	29	1	27	88	24	83	4.18e-13	59.7
UniRef90_W2C7B4	T266670	50.0	62	29	1	27	88	24	83	4.18e-13	59.7
UniRef90_W2C7B4	T266671	50.0	62	29	1	27	88	24	83	4.18e-13	59.7
UniRef90_W2C7B4	T266672	50.0	62	29	1	27	88	24	83	4.18e-13	59.7
UniRef90_W2C7B4	T266673	50.0	62	29	1	27	88	24	83	4.18e-13	59.7
UniRef90_W2C7B4	T266685	50.0	62	29	1	27	88	24	83	4.18e-13	59.7
UniRef90_W2C7B4	T266686	50.0	62	29	1	27	88	24	83	4.18e-13	59.7
UniRef90_W2C7B4	T25349	40.6	64	36	1	27	90	25	86	1.92e-09	50.4
UniRef90_W2C7B4	T247583	40.6	64	36	1	27	90	25	86	1.92e-09	50.4
UniRef90_W2C7B4	T279130	40.6	64	36	1	27	90	25	86	1.92e-09	50.4
UniRef90_W2C7B4	T64389	36.7	79	48	1	10	88	9	85	2.72e-09	50.1
UniRef90_W2C7B4	T266166	36.1	72	44	1	19	90	18	87	1.11e-08	48.5
UniRef90_W2C7B4	T266171	36.1	72	44	1	19	90	18	87	1.11e-08	48.5
UniRef90_W2C7B4	T105989	38.1	63	37	1	26	88	25	85	1.47e-08	48.1
UniRef90_W2C7B4	T288695	35.2	71	44	1	18	88	16	84	2.87e-08	47.4
UniRef90_W2C7B4	T177330	29.6	71	48	1	18	88	36	104	3.42e-07	45.1
UniRef90_W2C7B4	T134772	40.3	62	35	1	27	88	26	85	4.64e-07	44.3
UniRef90_W2C7B4	T134773	40.3	62	35	1	27	88	26	85	4.64e-07	44.3
UniRef90_W2CC27	T31792	55.3	103	45	1	4	105	3	105	1.86e-35	117
UniRef90_W2CC27	T267086	50.0	106	53	0	1	106	1	106	1.86e-35	117
UniRef90_W2CC27	T220822	53.4	103	47	1	4	105	3	105	2.15e-34	115
UniRef90_W2CC27	T24218	48.1	104	54	0	3	106	2	105	2.88e-34	114
UniRef90_W2CC27	T30209	51.0	104	51	0	3	106	3	106	7.14e-33	111
UniRef90_W2CC27	T64534	47.1	104	55	0	3	106	2	105	2.73e-32	109
UniRef90_W2CC27	T21302	45.2	104	57	0	3	106	4	107	2.98e-32	109
UniRef90_W2CC27	T31156	49.0	104	53	0	3	106	4	107	2.98e-32	109
UniRef90_W2CC27	T59807	48.1	104	54	0	3	106	4	107	4.23e-32	109
UniRef90_W2CC27	T88519	48.1	104	54	0	3	106	2	105	5.66e-32	108
UniRef90_W2CC27	T95446	48.1	104	54	0	3	106	4	107	6.00e-32	108
UniRef90_W2CC27	T125274	48.1	104	54	0	3	106	4	107	6.00e-32	108
UniRef90_W2CC27	T128206	51.9	104	50	0	3	106	4	107	6.00e-32	108
UniRef90_W2CC27	T181892	48.1	104	54	0	3	106	4	107	6.00e-32	108
UniRef90_W2CC27	T30891	45.7	105	57	0	4	108	1	105	7.59e-32	108
UniRef90_W2CC27	T22099	46.2	104	56	0	3	106	4	107	1.71e-31	107
UniRef90_W2CC27	T153691	47.1	104	55	0	3	106	4	107	1.71e-31	107
UniRef90_W2CC27	T247754	47.1	104	55	0	3	106	4	107	1.71e-31	107
UniRef90_W2CC27	T110848	47.1	104	55	0	3	106	4	107	2.43e-31	107
UniRef90_W2CC27	T141535	47.1	104	55	0	3	106	4	107	2.43e-31	107
UniRef90_W2CC27	T196790	48.1	104	54	0	3	106	4	107	3.45e-31	107
UniRef90_W2CC27	T127190	45.6	103	56	0	4	106	6	108	3.55e-31	107
UniRef90_W2CC27	T264639	48.1	104	54	0	3	106	4	107	4.90e-31	106
UniRef90_W2CC27	T25161	46.6	103	55	0	4	106	5	107	5.04e-31	106
UniRef90_W2CC27	T68683	46.6	103	55	0	4	106	7	109	5.34e-31	106
UniRef90_W2CGF0	T120681	57.4	61	26	0	4	64	1	61	1.75e-20	76.6
UniRef90_W2CGF0	T24659	55.7	61	27	0	4	64	1	61	3.53e-20	75.9
UniRef90_W2CGF0	T21685	55.7	61	27	0	4	64	1	61	2.04e-19	73.9
UniRef90_W2CGF0	T172501	57.6	59	25	0	4	62	1	59	2.09e-19	73.9
UniRef90_W2CGF0	T55056	52.5	61	29	0	4	64	7	67	2.63e-19	73.9
UniRef90_W2CGF0	T28162	57.6	59	25	0	4	62	1	59	3.13e-19	73.6
UniRef90_W2CGF0	T115182	57.6	59	25	0	4	62	1	59	3.13e-19	73.6
UniRef90_W2CGF0	T20696	58.6	58	24	0	4	61	1	58	8.75e-19	72.4
UniRef90_W2CGF0	T55387	52.5	61	29	0	4	64	1	61	1.18e-18	72.0
UniRef90_W2CGF0	T119472	57.6	59	25	0	4	62	1	59	2.45e-18	71.2
UniRef90_W2CGF0	T28611	59.3	59	24	0	4	62	1	59	4.94e-18	70.5
UniRef90_W2CGF0	T64689	57.6	59	25	0	4	62	1	59	6.84e-18	70.1
UniRef90_W2CGF0	T38760	55.2	58	26	0	4	61	1	58	1.52e-17	69.3
UniRef90_W2CGF0	T143482	55.2	58	26	0	4	61	1	58	1.52e-17	69.3
UniRef90_W2CGF0	T31064	56.9	58	25	0	4	61	1	58	1.73e-17	69.3
UniRef90_W2CGF0	T248924	58.6	58	24	0	4	61	1	58	2.06e-17	68.9
UniRef90_W2CGF0	T67800	55.2	58	26	0	4	61	1	58	2.17e-17	68.9
UniRef90_W2CGF0	T105463	52.5	59	28	0	4	62	1	59	2.86e-17	68.6
UniRef90_W2CGF0	T170758	52.5	61	28	1	4	64	1	60	3.86e-17	68.2
UniRef90_W2CGF0	T79007	50.8	61	29	1	4	64	1	60	7.99e-17	67.4
UniRef90_W2CGF0	T145250	54.4	57	26	0	5	61	4	60	9.26e-17	67.4
UniRef90_W2CGF0	T33053	50.8	59	29	0	4	62	1	59	1.16e-16	67.0
UniRef90_W2CGF0	T250573	51.7	60	29	0	3	62	4	63	1.28e-16	67.0
UniRef90_W2CGF0	T250581	51.7	60	29	0	3	62	4	63	1.28e-16	67.0
UniRef90_W2CGF0	T265863	50.8	61	29	1	4	64	1	60	1.57e-16	66.6
