UniRef90_A0A0H5PZF9	AT60741	58.8	80	33	0	5	84	8	87	1.78e-35	115
UniRef90_A0A0H5PZF9	AT109927	60.0	80	32	0	5	84	5	84	6.83e-35	114
UniRef90_A0A0H5PZF9	AT24802	57.5	80	34	0	5	84	5	84	1.28e-32	108
UniRef90_A0A0H5PZF9	AT111669	57.5	80	34	0	5	84	5	84	1.28e-32	108
UniRef90_A0A0H5PZF9	AT170341	57.5	80	34	0	5	84	5	84	1.28e-32	108
UniRef90_A0A0H5PZF9	AT285557	57.5	80	34	0	5	84	5	84	1.28e-32	108
UniRef90_A0A0H5PZF9	AT150136	56.3	80	35	0	5	84	5	84	5.22e-32	107
UniRef90_A0A0H5PZF9	AT155827	56.3	80	35	0	5	84	5	84	5.22e-32	107
UniRef90_A0A0H5PZF9	AT53356	55.0	80	36	0	5	84	5	84	3.01e-31	105
UniRef90_A0A0H5PZF9	AT74248	52.5	80	38	0	5	84	5	84	3.01e-31	105
UniRef90_A0A0H5PZF9	AT120845	56.3	80	35	0	5	84	5	84	3.01e-31	105
UniRef90_A0A0H5PZF9	AT150138	55.0	80	36	0	5	84	5	84	3.01e-31	105
UniRef90_A0A0H5PZF9	AT150142	55.0	80	36	0	5	84	5	84	3.01e-31	105
UniRef90_A0A0H5PZF9	AT27739	53.8	80	37	0	5	84	5	84	6.08e-31	104
UniRef90_A0A0H5PZF9	AT56303	55.0	80	36	0	5	84	5	84	6.08e-31	104
UniRef90_A0A0H5PZF9	AT57495	53.8	80	37	0	5	84	5	84	6.08e-31	104
UniRef90_A0A0H5PZF9	AT57504	53.8	80	37	0	5	84	5	84	6.08e-31	104
UniRef90_A0A0H5PZF9	AT64807	53.8	80	37	0	5	84	5	84	6.08e-31	104
UniRef90_A0A0H5PZF9	AT205688	53.8	80	37	0	5	84	5	84	6.08e-31	104
UniRef90_A0A0H5PZF9	AT220447	53.8	80	37	0	5	84	5	84	6.08e-31	104
UniRef90_A0A0H5PZF9	AT220455	53.8	80	37	0	5	84	5	84	6.08e-31	104
UniRef90_A0A0H5PZF9	AT220463	53.8	80	37	0	5	84	5	84	6.08e-31	104
UniRef90_A0A0H5PZF9	AT220471	53.8	80	37	0	5	84	5	84	6.08e-31	104
UniRef90_A0A0H5PZF9	AT220480	53.8	80	37	0	5	84	5	84	6.08e-31	104
UniRef90_A0A0H5PZF9	AT220489	53.8	80	37	0	5	84	5	84	6.08e-31	104
UniRef90_A0A133NIT7	AT23474	60.7	28	11	0	54	81	58	85	6.27e-06	41.2
UniRef90_A0A133NIT7	AT25643	64.3	28	10	0	54	81	58	85	8.50e-06	40.8
UniRef90_A0A133NIT7	AT53815	64.3	28	10	0	54	81	58	85	8.50e-06	40.8
UniRef90_A0A133NIT7	AT288776	64.3	28	10	0	54	81	58	85	8.50e-06	40.8
UniRef90_A0A133NIT7	AT25642	60.7	28	11	0	54	81	58	85	1.20e-05	40.4
UniRef90_A0A133NIT7	AT29331	60.7	28	11	0	54	81	58	85	1.20e-05	40.4
UniRef90_A0A133NIT7	AT37697	60.7	28	11	0	54	81	58	85	1.20e-05	40.4
UniRef90_A0A133NIT7	AT40428	60.7	28	11	0	54	81	58	85	1.20e-05	40.4
UniRef90_A0A133NIT7	AT40429	60.7	28	11	0	54	81	58	85	1.20e-05	40.4
UniRef90_A0A133NIT7	AT40431	60.7	28	11	0	54	81	58	85	1.20e-05	40.4
UniRef90_A0A133NIT7	AT40432	60.7	28	11	0	54	81	58	85	1.20e-05	40.4
UniRef90_A0A133NIT7	AT79096	60.7	28	11	0	54	81	58	85	1.20e-05	40.4
UniRef90_A0A133NIT7	AT79115	60.7	28	11	0	54	81	58	85	1.20e-05	40.4
UniRef90_A0A133NIT7	AT95092	60.7	28	11	0	54	81	58	85	1.20e-05	40.4
UniRef90_A0A133NIT7	AT95210	60.7	28	11	0	54	81	58	85	1.20e-05	40.4
UniRef90_A0A133NIT7	AT105647	60.7	28	11	0	54	81	58	85	1.20e-05	40.4
UniRef90_A0A133NIT7	AT107935	60.7	28	11	0	54	81	58	85	1.20e-05	40.4
UniRef90_A0A133NIT7	AT115974	60.7	28	11	0	54	81	58	85	1.20e-05	40.4
UniRef90_A0A133NIT7	AT119235	60.7	28	11	0	54	81	58	85	1.20e-05	40.4
UniRef90_A0A133NIT7	AT125892	60.7	28	11	0	54	81	58	85	1.20e-05	40.4
UniRef90_A0A133NIT7	AT140473	60.7	28	11	0	54	81	58	85	1.20e-05	40.4
UniRef90_A0A133NIT7	AT142306	60.7	28	11	0	54	81	58	85	1.20e-05	40.4
UniRef90_A0A133NIT7	AT149452	60.7	28	11	0	54	81	58	85	1.20e-05	40.4
UniRef90_A0A133NIT7	AT150112	60.7	28	11	0	54	81	58	85	1.20e-05	40.4
UniRef90_A0A133NIT7	AT170523	60.7	28	11	0	54	81	58	85	1.20e-05	40.4
UniRef90_A0A140PUJ5	AT111709	45.9	74	40	0	1	74	1	74	3.97e-15	63.5
UniRef90_A0A140PUJ5	AT288773	45.9	74	40	0	1	74	1	74	3.97e-15	63.5
UniRef90_A0A140PUJ5	AT100450	40.5	79	39	2	1	75	1	75	1.96e-13	59.3
UniRef90_A0A140PUJ5	AT68884	39.2	79	40	2	1	75	1	75	5.59e-13	58.2
UniRef90_A0A140PUJ5	AT72237	39.2	79	40	2	1	75	1	75	5.59e-13	58.2
UniRef90_A0A140PUJ5	AT100451	39.2	79	40	2	1	75	1	75	5.59e-13	58.2
UniRef90_A0A140PUJ5	AT114455	39.2	79	40	2	1	75	1	75	5.59e-13	58.2
UniRef90_A0A140PUJ5	AT116918	39.2	79	40	2	1	75	1	75	5.59e-13	58.2
UniRef90_A0A140PUJ5	AT293701	36.5	74	44	1	1	74	1	71	4.03e-12	55.8
UniRef90_A0A140PUJ5	AT253241	33.8	74	46	2	1	74	1	71	4.66e-11	53.1
UniRef90_A0A140PUJ5	AT253255	33.8	74	46	2	1	74	1	71	4.66e-11	53.1
UniRef90_A0A140PUJ5	AT152450	32.4	74	47	1	1	74	1	71	1.33e-10	52.0
UniRef90_A0A140PUJ5	AT152454	32.4	74	47	1	1	74	1	71	1.33e-10	52.0
UniRef90_A0A140PUJ5	AT152458	32.4	74	47	1	1	74	1	71	1.33e-10	52.0
UniRef90_A0A140PUJ5	AT152462	32.4	74	47	1	1	74	1	71	1.33e-10	52.0
UniRef90_A0A140PUJ5	AT78500	41.3	63	37	0	1	63	1	63	2.02e-10	51.6
UniRef90_A0A140PUJ5	AT268483	41.3	63	37	0	1	63	1	63	2.02e-10	51.6
UniRef90_A0A140PUJ5	AT272322	41.3	63	37	0	1	63	1	63	2.02e-10	51.6
UniRef90_A0A140PUJ5	AT177696	37.0	73	43	1	1	73	1	70	2.86e-10	51.2
UniRef90_A0A140PUJ5	AT204495	34.6	78	44	2	1	75	1	74	2.86e-10	51.2
UniRef90_A0A140PUJ5	AT214585	34.6	78	44	2	1	75	1	74	4.06e-10	50.8
UniRef90_A0A140PUJ5	AT68121	33.8	71	46	1	1	71	1	70	5.62e-10	50.4
UniRef90_A0A140PUJ5	AT151746	33.8	71	46	1	1	71	1	70	5.62e-10	50.4
UniRef90_A0A140PUJ5	AT272940	40.7	54	32	0	4	57	3	56	5.62e-10	50.4
UniRef90_A0A140PUJ5	AT272941	40.7	54	32	0	4	57	3	56	5.62e-10	50.4
UniRef90_A0A1B3X1R3	AT60741	53.8	80	37	0	5	84	8	87	3.28e-31	105
UniRef90_A0A1B3X1R3	AT27739	53.8	80	37	0	5	84	5	84	1.43e-29	100
UniRef90_A0A1B3X1R3	AT57495	53.8	80	37	0	5	84	5	84	1.43e-29	100
UniRef90_A0A1B3X1R3	AT57504	53.8	80	37	0	5	84	5	84	1.43e-29	100
UniRef90_A0A1B3X1R3	AT64807	53.8	80	37	0	5	84	5	84	1.43e-29	100
UniRef90_A0A1B3X1R3	AT205688	53.8	80	37	0	5	84	5	84	1.43e-29	100
UniRef90_A0A1B3X1R3	AT220447	53.8	80	37	0	5	84	5	84	1.43e-29	100
UniRef90_A0A1B3X1R3	AT220455	53.8	80	37	0	5	84	5	84	1.43e-29	100
UniRef90_A0A1B3X1R3	AT220463	53.8	80	37	0	5	84	5	84	1.43e-29	100
UniRef90_A0A1B3X1R3	AT220471	53.8	80	37	0	5	84	5	84	1.43e-29	100
UniRef90_A0A1B3X1R3	AT220480	53.8	80	37	0	5	84	5	84	1.43e-29	100
UniRef90_A0A1B3X1R3	AT220489	53.8	80	37	0	5	84	5	84	1.43e-29	100
UniRef90_A0A1B3X1R3	AT220498	53.8	80	37	0	5	84	5	84	1.43e-29	100
UniRef90_A0A1B3X1R3	AT220507	53.8	80	37	0	5	84	5	84	1.43e-29	100
UniRef90_A0A1B3X1R3	AT238990	53.8	80	37	0	5	84	5	84	1.43e-29	100
UniRef90_A0A1B3X1R3	AT259457	53.8	80	37	0	5	84	5	84	1.43e-29	100
UniRef90_A0A1B3X1R3	AT109927	52.5	80	38	0	5	84	5	84	2.96e-29	100
UniRef90_A0A1B3X1R3	AT136906	53.8	80	37	0	5	84	5	84	4.09e-29	99.8
UniRef90_A0A1B3X1R3	AT136913	53.8	80	37	0	5	84	5	84	4.09e-29	99.8
UniRef90_A0A1B3X1R3	AT136925	53.8	80	37	0	5	84	5	84	4.09e-29	99.8
UniRef90_A0A1B3X1R3	AT238977	53.8	80	37	0	5	84	5	84	4.09e-29	99.8
UniRef90_A0A1B3X1R3	AT238986	53.8	80	37	0	5	84	5	84	4.09e-29	99.8
UniRef90_A0A1B3X1R3	AT239001	53.8	80	37	0	5	84	5	84	4.09e-29	99.8
UniRef90_A0A1B3X1R3	AT46565	52.5	80	38	0	5	84	5	84	5.81e-29	99.4
UniRef90_A0A1B3X1R3	AT182942	52.5	80	38	0	5	84	5	84	5.81e-29	99.4
UniRef90_A0A1B6W1R6	AT288483	86.3	139	19	0	1	139	1	139	4.32e-83	240
UniRef90_A0A1B6W1R6	AT233452	84.9	139	21	0	1	139	1	139	2.92e-81	235
UniRef90_A0A1B6W1R6	AT199587	82.0	139	24	1	1	139	1	138	2.71e-79	230
UniRef90_A0A1B6W1R6	AT170350	84.2	139	21	1	1	139	1	138	3.84e-79	230
UniRef90_A0A1B6W1R6	AT170347	82.0	139	24	1	1	139	1	138	7.44e-77	224
UniRef90_A0A1B6W1R6	AT170348	82.0	139	24	1	1	139	1	138	4.30e-76	222
UniRef90_A0A1B6W1R6	AT136902	65.0	137	48	0	1	137	1	137	2.18e-60	182
UniRef90_A0A1B6W1R6	AT136929	65.0	137	48	0	1	137	1	137	2.18e-60	182
UniRef90_A0A1B6W1R6	AT57492	65.0	137	48	0	1	137	1	137	3.09e-60	182
UniRef90_A0A1B6W1R6	AT220503	65.0	137	48	0	1	137	1	137	3.09e-60	182
UniRef90_A0A1B6W1R6	AT259460	65.0	137	48	0	1	137	1	137	3.09e-60	182
UniRef90_A0A1B6W1R6	AT24383	65.0	137	48	0	1	137	1	137	4.39e-60	182
UniRef90_A0A1B6W1R6	AT213806	66.2	139	47	0	1	139	1	139	4.39e-60	182
UniRef90_A0A1B6W1R6	AT238974	65.0	137	48	0	1	137	1	137	4.39e-60	182
UniRef90_A0A1B6W1R6	AT238982	65.0	137	48	0	1	137	1	137	4.39e-60	182
UniRef90_A0A1B6W1R6	AT239004	65.0	137	48	0	1	137	1	137	4.39e-60	182
UniRef90_A0A1B6W1R6	AT241601	66.2	139	47	0	1	139	1	139	4.39e-60	182
UniRef90_A0A1B6W1R6	AT259483	66.2	139	47	0	1	139	1	139	4.39e-60	182
UniRef90_A0A1B6W1R6	AT152519	66.2	139	47	0	1	139	1	139	6.23e-60	181
UniRef90_A0A1B6W1R6	AT154540	66.2	139	47	0	1	139	1	139	6.23e-60	181
UniRef90_A0A1B6W1R6	AT154548	66.2	139	47	0	1	139	1	139	6.23e-60	181
UniRef90_A0A1B6W1R6	AT154556	66.2	139	47	0	1	139	1	139	6.23e-60	181
UniRef90_A0A1B6W1R6	AT154564	66.2	139	47	0	1	139	1	139	6.23e-60	181
UniRef90_A0A1B6W1R6	AT154572	66.2	139	47	0	1	139	1	139	6.23e-60	181
UniRef90_A0A1B6W1R6	AT154580	66.2	139	47	0	1	139	1	139	6.23e-60	181
UniRef90_A0A1B8T2K0	AT38384	56.4	78	34	0	1	78	1	78	9.45e-26	91.3
UniRef90_A0A1B8T2K0	AT38395	56.4	78	34	0	1	78	1	78	9.45e-26	91.3
UniRef90_A0A1B8T2K0	AT220976	56.4	78	34	0	1	78	1	78	9.45e-26	91.3
UniRef90_A0A1B8T2K0	AT144351	54.3	81	37	0	1	81	1	81	2.70e-25	90.1
UniRef90_A0A1B8T2K0	AT94734	54.5	77	35	0	1	77	1	77	1.74e-24	88.2
UniRef90_A0A1B8T2K0	AT94738	54.5	77	35	0	1	77	1	77	2.47e-24	87.8
UniRef90_A0A1B8T2K0	AT24826	51.9	77	37	0	1	77	1	77	4.46e-24	87.0
UniRef90_A0A1B8T2K0	AT62370	51.9	77	37	0	1	77	1	77	4.46e-24	87.0
UniRef90_A0A1B8T2K0	AT68529	51.9	77	37	0	1	77	1	77	4.46e-24	87.0
UniRef90_A0A1B8T2K0	AT109871	51.9	77	37	0	1	77	1	77	4.46e-24	87.0
UniRef90_A0A1B8T2K0	AT120539	51.9	77	37	0	1	77	1	77	4.46e-24	87.0
UniRef90_A0A1B8T2K0	AT125710	51.9	77	37	0	1	77	1	77	4.46e-24	87.0
UniRef90_A0A1B8T2K0	AT182564	51.9	77	37	0	1	77	1	77	4.46e-24	87.0
UniRef90_A0A1B8T2K0	AT143650	53.2	77	36	0	1	77	1	77	6.33e-24	86.7
UniRef90_A0A1B8T2K0	AT259696	51.9	77	37	0	1	77	1	77	1.28e-23	85.9
UniRef90_A0A1B8T2K0	AT59829	51.9	77	37	0	1	77	1	77	1.81e-23	85.5
UniRef90_A0A1B8T2K0	AT182475	51.9	77	37	0	1	77	1	77	1.81e-23	85.5
UniRef90_A0A1B8T2K0	AT237970	51.9	77	37	0	1	77	1	77	1.81e-23	85.5
UniRef90_A0A1B8T2K0	AT21945	50.6	77	38	0	1	77	1	77	2.57e-23	85.1
UniRef90_A0A1B8T2K0	AT25142	50.6	77	38	0	1	77	1	77	2.57e-23	85.1
UniRef90_A0A1B8T2K0	AT27023	50.6	77	38	0	1	77	1	77	2.57e-23	85.1
UniRef90_A0A1B8T2K0	AT29362	51.9	77	37	0	1	77	1	77	2.57e-23	85.1
UniRef90_A0A1B8T2K0	AT32842	51.9	77	37	0	1	77	1	77	2.57e-23	85.1
UniRef90_A0A1B8T2K0	AT34005	51.9	77	37	0	1	77	1	77	2.57e-23	85.1
UniRef90_A0A1B8T2K0	AT35144	51.9	77	37	0	1	77	1	77	2.57e-23	85.1
UniRef90_A0A1F1SQC2	AT103064	32.5	80	54	0	1	80	1	80	5.19e-05	40.4
UniRef90_A0A1F1SQC2	AT106015	34.3	67	44	0	1	67	1	67	3.67e-04	38.1
UniRef90_A0A1F1SQC2	AT227064	33.3	57	38	0	6	62	76	132	5.62e-04	37.7
UniRef90_A0A1Z4BN40	AT280831	34.1	91	48	4	9	95	2	84	9.96e-08	45.8
UniRef90_A0A1Z4BN40	AT170262	33.0	91	49	4	9	95	2	84	2.80e-07	44.7
UniRef90_A0A250FBW1	AT139473	48.0	50	25	1	27	76	21	69	3.48e-10	52.0
UniRef90_A0A250FBW1	AT27739	37.3	67	39	2	27	93	21	84	2.21e-08	47.4
UniRef90_A0A250FBW1	AT57504	37.3	67	39	2	27	93	21	84	2.21e-08	47.4
UniRef90_A0A250FBW1	AT64807	37.3	67	39	2	27	93	21	84	2.21e-08	47.4
UniRef90_A0A250FBW1	AT238990	37.3	67	39	2	27	93	21	84	2.21e-08	47.4
UniRef90_A0A250FBW1	AT57495	37.3	67	39	2	27	93	21	84	3.13e-08	47.0
UniRef90_A0A250FBW1	AT136906	37.3	67	39	2	27	93	21	84	3.13e-08	47.0
UniRef90_A0A250FBW1	AT136913	37.3	67	39	2	27	93	21	84	3.13e-08	47.0
UniRef90_A0A250FBW1	AT136925	37.3	67	39	2	27	93	21	84	3.13e-08	47.0
UniRef90_A0A250FBW1	AT205688	37.3	67	39	2	27	93	21	84	3.13e-08	47.0
UniRef90_A0A250FBW1	AT220447	37.3	67	39	2	27	93	21	84	3.13e-08	47.0
UniRef90_A0A250FBW1	AT220455	37.3	67	39	2	27	93	21	84	3.13e-08	47.0
UniRef90_A0A250FBW1	AT220463	37.3	67	39	2	27	93	21	84	3.13e-08	47.0
UniRef90_A0A250FBW1	AT220471	37.3	67	39	2	27	93	21	84	3.13e-08	47.0
UniRef90_A0A250FBW1	AT220480	37.3	67	39	2	27	93	21	84	3.13e-08	47.0
UniRef90_A0A250FBW1	AT220489	37.3	67	39	2	27	93	21	84	3.13e-08	47.0
UniRef90_A0A250FBW1	AT220498	37.3	67	39	2	27	93	21	84	3.13e-08	47.0
UniRef90_A0A250FBW1	AT220507	37.3	67	39	2	27	93	21	84	3.13e-08	47.0
UniRef90_A0A250FBW1	AT259457	37.3	67	39	2	27	93	21	84	3.13e-08	47.0
UniRef90_A0A250FBW1	AT30625	37.3	67	39	2	27	93	21	84	4.42e-08	46.6
UniRef90_A0A250FBW1	AT238977	37.3	67	39	2	27	93	21	84	4.42e-08	46.6
UniRef90_A0A250FBW1	AT238986	37.3	67	39	2	27	93	21	84	4.42e-08	46.6
UniRef90_A0A250FBW1	AT239001	37.3	67	39	2	27	93	21	84	4.42e-08	46.6
UniRef90_A0A250FBW1	AT46565	35.8	67	40	2	27	93	21	84	1.24e-07	45.4
UniRef90_A0A250FBW1	AT182942	35.8	67	40	2	27	93	21	84	1.24e-07	45.4
UniRef90_A0A2N6TP13	AT272323	43.2	74	41	1	10	83	12	84	1.48e-16	67.8
UniRef90_A0A2N6TP13	AT29939	41.9	74	42	1	10	83	12	84	5.98e-16	66.2
UniRef90_A0A2N6TP13	AT46023	41.9	74	42	1	10	83	12	84	5.98e-16	66.2
UniRef90_A0A2N6TP13	AT57052	41.9	74	42	1	10	83	12	84	5.98e-16	66.2
UniRef90_A0A2N6TP13	AT88349	41.9	74	42	1	10	83	12	84	5.98e-16	66.2
UniRef90_A0A2N6TP13	AT88352	41.9	74	42	1	10	83	12	84	5.98e-16	66.2
UniRef90_A0A2N6TP13	AT88353	41.9	74	42	1	10	83	12	84	5.98e-16	66.2
UniRef90_A0A2N6TP13	AT88360	41.9	74	42	1	10	83	12	84	5.98e-16	66.2
UniRef90_A0A2N6TP13	AT88361	41.9	74	42	1	10	83	12	84	5.98e-16	66.2
UniRef90_A0A2N6TP13	AT88491	41.9	74	42	1	10	83	12	84	5.98e-16	66.2
UniRef90_A0A2N6TP13	AT100452	41.9	74	42	1	10	83	12	84	5.98e-16	66.2
UniRef90_A0A2N6TP13	AT183784	41.9	74	42	1	10	83	12	84	5.98e-16	66.2
UniRef90_A0A2N6TP13	AT186644	41.9	74	42	1	10	83	12	84	5.98e-16	66.2
UniRef90_A0A2N6TP13	AT250545	41.9	74	42	1	10	83	12	84	5.98e-16	66.2
UniRef90_A0A2N6TP13	AT268484	41.9	74	42	1	10	83	12	84	5.98e-16	66.2
UniRef90_A0A2N6TP13	AT285605	41.9	74	42	1	10	83	12	84	5.98e-16	66.2
UniRef90_A0A2N6TP13	AT288691	41.9	74	42	1	10	83	12	84	5.98e-16	66.2
UniRef90_A0A2N6TP13	AT88492	40.5	74	43	1	10	83	12	84	2.42e-15	64.7
UniRef90_A0A2N6TP13	AT272269	40.5	74	43	1	10	83	12	84	2.42e-15	64.7
UniRef90_A0A2N6TP13	AT60430	39.2	74	44	1	10	83	12	84	3.95e-14	61.6
UniRef90_A0A2N6TP13	AT33153	36.5	74	46	1	10	83	12	84	1.29e-12	57.8
UniRef90_A0A2N6TP13	AT293692	34.9	83	46	2	6	81	1	82	6.94e-10	50.8
UniRef90_A0A2N6TP13	AT33159	36.0	86	44	3	6	81	1	85	3.15e-08	46.6
UniRef90_A0A2N6TP13	AT33167	34.7	75	45	2	10	81	12	85	1.26e-07	45.1
UniRef90_A0A2N6TP13	AT33173	34.7	75	45	2	10	81	12	85	1.26e-07	45.1
UniRef90_A0A2X2SYC1	AT68648	34.3	248	147	7	7	244	41	282	4.95e-24	97.8
UniRef90_A0A2X2SYC1	AT284650	33.5	248	149	7	7	244	41	282	2.58e-23	95.9
UniRef90_A0A2X2SYC1	AT284570	33.1	248	150	7	7	244	41	282	1.34e-22	94.0
UniRef90_A0A2X2SYC1	AT284575	33.1	248	150	7	7	244	41	282	1.34e-22	94.0
UniRef90_A0A2X2SYC1	AT284577	31.5	248	154	7	7	244	41	282	4.91e-21	89.7
UniRef90_A0A2X2SYC1	AT136033	32.0	250	158	7	7	248	39	284	9.02e-21	89.0
UniRef90_A0A2X2SYC1	AT55784	32.0	250	158	7	7	248	39	284	1.25e-20	88.6
UniRef90_A0A2X2SYC1	AT107825	33.6	247	151	7	7	244	36	278	4.54e-20	87.0
UniRef90_A0A2X2SYC1	AT76725	32.0	250	158	6	7	248	39	284	1.69e-19	85.5
UniRef90_A0A351QAJ1	AT280877	36.0	50	32	0	18	67	16	65	5.65e-04	35.8
UniRef90_A0A377R0G7	AT282226	41.4	58	33	1	9	65	62	119	4.47e-05	39.7
UniRef90_A0A377R0G7	AT140999	35.3	51	32	1	6	55	33	83	7.33e-05	38.5
UniRef90_A0A377R0G7	AT143441	35.3	51	32	1	6	55	33	83	7.33e-05	38.5
UniRef90_A0A377R0G7	AT149874	35.3	51	32	1	6	55	33	83	7.33e-05	38.5
UniRef90_A0A377R0G7	AT230000	35.3	51	32	1	6	55	33	83	7.33e-05	38.5
UniRef90_A0A377R0G7	AT239956	35.3	51	32	1	6	55	33	83	7.33e-05	38.5
UniRef90_A0A377R0G7	AT75760	41.4	58	33	1	9	65	75	132	1.03e-04	38.9
UniRef90_A0A377R0G7	AT76534	35.3	51	32	1	6	55	33	83	1.03e-04	38.1
UniRef90_A0A377R0G7	AT88097	35.3	51	32	1	6	55	33	83	1.03e-04	38.1
UniRef90_A0A377R0G7	AT254966	35.3	51	32	1	6	55	33	83	1.03e-04	38.1
UniRef90_A0A377R0G7	AT69300	34.0	50	32	1	7	55	34	83	5.61e-04	36.2
UniRef90_A0A377R0G7	AT108137	34.0	50	32	1	7	55	34	83	5.61e-04	36.2
UniRef90_A0A377R0G7	AT110873	34.0	50	32	1	7	55	34	83	5.61e-04	36.2
UniRef90_A0A377R0G7	AT110878	34.0	50	32	1	7	55	34	83	5.61e-04	36.2
UniRef90_A0A377R0G7	AT110884	34.0	50	32	1	7	55	34	83	5.61e-04	36.2
UniRef90_A0A377R0G7	AT110891	34.0	50	32	1	7	55	34	83	5.61e-04	36.2
UniRef90_A0A377R0G7	AT110897	34.0	50	32	1	7	55	34	83	5.61e-04	36.2
UniRef90_A0A377R0G7	AT110909	34.0	50	32	1	7	55	34	83	5.61e-04	36.2
UniRef90_A0A377R0G7	AT110916	34.0	50	32	1	7	55	34	83	5.61e-04	36.2
UniRef90_A0A377R0G7	AT127852	34.0	50	32	1	7	55	34	83	5.61e-04	36.2
UniRef90_A0A377R0G7	AT267675	34.0	50	32	1	7	55	34	83	5.61e-04	36.2
UniRef90_A0A377R0G7	AT273527	34.0	50	32	1	7	55	34	83	5.61e-04	36.2
UniRef90_A0A377R0G7	AT279142	34.0	50	32	1	7	55	34	83	5.61e-04	36.2
UniRef90_A7GY93	AT118011	29.6	125	64	1	15	115	4	128	4.78e-10	53.5
UniRef90_A7GY93	AT21378	29.8	131	65	2	9	115	1	128	1.20e-09	52.4
UniRef90_A7GY93	AT27083	29.8	131	65	2	9	115	1	128	1.20e-09	52.4
UniRef90_A7GY93	AT207829	29.8	131	65	2	9	115	1	128	1.20e-09	52.4
UniRef90_A7GY93	AT45370	32.1	109	50	1	27	111	16	124	1.95e-07	46.6
UniRef90_A7GY93	AT71589	31.1	122	54	4	22	113	10	131	4.09e-06	43.1
UniRef90_A7GY93	AT232217	30.9	110	52	1	27	112	16	125	5.63e-06	42.7
UniRef90_A7GY93	AT284981	42.4	66	28	2	51	112	67	126	2.04e-05	41.2
UniRef90_A7GY93	AT31036	27.3	121	59	2	20	111	8	128	7.99e-05	39.7
UniRef90_A7GY93	AT79698	31.6	117	53	3	22	111	9	125	1.07e-04	39.3
UniRef90_A7GY93	AT95296	53.7	41	15	1	75	111	86	126	1.49e-04	38.9
UniRef90_A7GY93	AT143451	53.7	41	15	1	75	111	86	126	1.49e-04	38.9
UniRef90_A7GY93	AT148690	53.7	41	15	1	75	111	86	126	1.49e-04	38.9
UniRef90_A7GY93	AT196880	53.7	41	15	1	75	111	86	126	1.49e-04	38.9
UniRef90_A7GY93	AT196896	53.7	41	15	1	75	111	86	126	1.49e-04	38.9
UniRef90_A7GY93	AT196902	53.7	41	15	1	75	111	86	126	1.49e-04	38.9
UniRef90_A7GY93	AT230534	53.7	41	15	1	75	111	86	126	1.49e-04	38.9
UniRef90_A7GY93	AT127855	48.8	43	18	1	75	113	86	128	2.09e-04	38.5
UniRef90_A7GY93	AT217053	48.8	41	17	1	75	111	86	126	5.61e-04	37.4
UniRef90_A7GY93	AT73299	29.2	120	55	4	22	111	10	129	5.81e-04	37.4
UniRef90_A7GY93	AT226456	50.0	46	17	1	74	113	90	135	6.07e-04	37.4
UniRef90_A7GY93	AT227556	48.8	41	17	1	75	111	86	126	7.69e-04	37.0
UniRef90_A7ZF38	AT284577	33.3	246	158	4	2	244	40	282	1.83e-32	120
UniRef90_A7ZF38	AT284650	32.7	248	163	3	2	247	40	285	2.56e-32	119
UniRef90_A7ZF38	AT29913	31.9	248	165	3	2	247	40	285	7.45e-31	115
UniRef90_A7ZF38	AT68648	31.9	248	165	3	2	247	40	285	7.45e-31	115
UniRef90_A7ZF38	AT284570	31.0	248	167	3	2	247	40	285	2.86e-30	114
UniRef90_A7ZF38	AT284575	31.0	248	167	3	2	247	40	285	2.86e-30	114
UniRef90_A7ZF38	AT151092	31.0	248	162	5	2	244	84	327	2.43e-23	96.7
UniRef90_A7ZF38	AT287845	29.0	248	169	5	2	245	39	283	2.52e-23	95.9
UniRef90_A7ZF38	AT212220	28.9	246	169	4	2	244	40	282	6.74e-22	92.0
UniRef90_A7ZF38	AT142416	34.8	115	74	1	132	245	10	124	2.85e-18	78.6
UniRef90_C4GHH0	AT77747	41.7	72	37	2	13	80	12	82	3.68e-07	47.8
UniRef90_C4GHH0	AT266755	32.3	62	41	1	2	63	27	87	6.90e-07	46.2
UniRef90_C4GHH0	AT124061	32.3	62	41	1	2	63	27	87	4.83e-06	43.9
UniRef90_C4GHH0	AT152446	32.3	62	41	1	2	63	27	87	4.83e-06	43.9
UniRef90_C4GHH0	AT56123	30.0	60	41	1	2	61	26	84	1.76e-04	39.7
UniRef90_C4GHH0	AT105706	36.7	60	33	2	2	57	36	94	9.60e-04	37.7
UniRef90_C7ND10	AT88355	52.0	75	36	0	1	75	1	75	4.20e-27	94.7
UniRef90_C7ND10	AT88359	52.0	75	36	0	1	75	1	75	4.20e-27	94.7
UniRef90_C7ND10	AT88362	52.0	75	36	0	1	75	1	75	4.20e-27	94.7
UniRef90_C7ND10	AT88350	52.0	75	36	0	1	75	1	75	8.46e-27	94.0
UniRef90_C7ND10	AT88357	52.0	75	36	0	1	75	1	75	8.46e-27	94.0
UniRef90_C7ND10	AT21693	47.1	70	37	0	6	75	7	76	7.19e-19	73.9
UniRef90_C7ND10	AT217927	56.6	53	23	0	1	53	1	53	8.38e-16	66.2
UniRef90_C7ND10	AT241306	56.6	53	23	0	1	53	1	53	8.38e-16	66.2
UniRef90_C7ND10	AT253418	44.6	74	36	1	1	74	1	69	2.21e-15	65.1
UniRef90_C7ND10	AT37698	44.6	74	36	1	1	74	1	69	3.14e-15	64.7
UniRef90_C7ND10	AT23475	49.1	53	27	0	1	53	1	53	6.63e-15	63.9
UniRef90_C7ND10	AT40427	40.3	72	40	1	4	75	2	70	8.29e-15	63.5
UniRef90_C7ND10	AT78498	49.0	51	26	0	1	51	1	51	1.30e-14	63.2
UniRef90_C7ND10	AT241309	54.0	50	23	0	1	50	1	50	1.79e-14	62.8
UniRef90_C7ND10	AT241310	54.0	50	23	0	1	50	1	50	1.79e-14	62.8
UniRef90_C7ND10	AT60445	48.1	52	27	0	1	52	1	52	8.48e-13	58.5
UniRef90_C7ND10	AT46022	40.0	75	38	2	1	75	1	68	3.03e-12	57.0
UniRef90_C7ND10	AT57051	40.0	75	38	2	1	75	1	68	3.03e-12	57.0
UniRef90_C7ND10	AT29332	42.9	56	32	0	4	59	2	57	4.60e-12	56.6
UniRef90_C7ND10	AT253402	44.6	56	31	0	4	59	2	57	6.52e-12	56.2
UniRef90_C7ND10	AT284243	37.0	81	41	2	1	80	1	72	1.52e-10	52.8
UniRef90_C7ND10	AT23474	45.8	48	26	0	6	53	8	55	2.36e-10	52.4
UniRef90_C7ND10	AT293299	46.8	47	25	0	4	50	2	48	5.96e-10	51.2
UniRef90_C7ND10	AT197659	41.4	58	34	0	1	58	1	58	9.84e-10	50.8
UniRef90_C7ND10	AT33157	41.4	58	34	0	1	58	1	58	1.97e-09	50.1
UniRef90_C7XQX7	AT234735	32.0	128	74	3	1	119	1	124	2.13e-14	66.6
UniRef90_C7XQX7	AT239192	32.0	128	74	3	1	119	1	124	2.13e-14	66.6
UniRef90_C7XQX7	AT239289	32.0	128	74	3	1	119	1	124	2.13e-14	66.6
UniRef90_C7XQX7	AT26772	31.3	128	75	3	1	119	1	124	8.27e-14	65.1
UniRef90_C7XQX7	AT28987	31.3	128	75	3	1	119	1	124	1.16e-13	64.7
UniRef90_D4DM78	AT209893	35.3	51	32	1	29	78	33	83	3.37e-05	40.0
UniRef90_D4DM78	AT227561	33.3	51	33	1	29	78	33	83	4.72e-05	39.7
UniRef90_D4DM78	AT36719	33.3	51	33	1	29	78	33	83	9.24e-05	38.9
UniRef90_D4DM78	AT39240	34.0	50	32	1	30	78	34	83	9.24e-05	38.9
UniRef90_D4DM78	AT52214	33.3	51	33	1	29	78	33	83	9.24e-05	38.9
UniRef90_D4DM78	AT52216	33.3	51	33	1	29	78	33	83	9.24e-05	38.9
UniRef90_D4DM78	AT53072	33.3	51	33	1	29	78	33	83	9.24e-05	38.9
UniRef90_D4DM78	AT61258	33.3	51	33	1	29	78	33	83	9.24e-05	38.9
UniRef90_D4DM78	AT93275	33.3	51	33	1	29	78	33	83	9.24e-05	38.9
UniRef90_D4DM78	AT94841	33.3	51	33	1	29	78	33	83	9.24e-05	38.9
UniRef90_D4DM78	AT94843	33.3	51	33	1	29	78	33	83	9.24e-05	38.9
UniRef90_D4DM78	AT94846	33.3	51	33	1	29	78	33	83	9.24e-05	38.9
UniRef90_D4DM78	AT95304	33.3	51	33	1	29	78	33	83	9.24e-05	38.9
UniRef90_D4DM78	AT97727	33.3	51	33	1	29	78	33	83	9.24e-05	38.9
UniRef90_D4DM78	AT97734	33.3	51	33	1	29	78	33	83	9.24e-05	38.9
UniRef90_D4DM78	AT101455	33.3	51	33	1	29	78	33	83	9.24e-05	38.9
UniRef90_D4DM78	AT104198	33.3	51	33	1	29	78	33	83	9.24e-05	38.9
UniRef90_D4DM78	AT105595	33.3	51	33	1	29	78	33	83	9.24e-05	38.9
UniRef90_D4DM78	AT109920	33.3	51	33	1	29	78	33	83	9.24e-05	38.9
UniRef90_D4DM78	AT109921	33.3	51	33	1	29	78	33	83	9.24e-05	38.9
UniRef90_D4DM78	AT111581	33.3	51	33	1	29	78	33	83	9.24e-05	38.9
UniRef90_D4DM78	AT111586	33.3	51	33	1	29	78	33	83	9.24e-05	38.9
UniRef90_D4DM78	AT113224	33.3	51	33	1	29	78	33	83	9.24e-05	38.9
UniRef90_D4DM78	AT119094	33.3	51	33	1	29	78	33	83	9.24e-05	38.9
UniRef90_D4DM78	AT123019	33.3	51	33	1	29	78	33	83	9.24e-05	38.9
UniRef90_E6L0D5	AT144527	56.9	72	31	0	8	79	8	79	1.83e-25	90.5
UniRef90_E6L0D5	AT158546	58.3	72	30	0	8	79	8	79	1.83e-25	90.5
UniRef90_E6L0D5	AT49731	58.3	72	30	0	8	79	8	79	1.50e-24	88.2
UniRef90_E6L0D5	AT94738	56.0	75	33	0	5	79	5	79	4.79e-24	87.0
UniRef90_E6L0D5	AT94734	56.0	75	33	0	5	79	5	79	6.79e-24	86.7
UniRef90_E6L0D5	AT46168	54.2	72	33	0	8	79	8	79	1.74e-23	85.5
UniRef90_E6L0D5	AT64463	54.2	72	33	0	8	79	8	79	1.74e-23	85.5
UniRef90_E6L0D5	AT178213	54.2	72	33	0	8	79	8	79	1.74e-23	85.5
UniRef90_E6L0D5	AT267323	54.2	72	33	0	8	79	8	79	1.74e-23	85.5
UniRef90_E6L0D5	AT24826	52.8	72	34	0	8	79	8	79	7.07e-23	84.0
UniRef90_E6L0D5	AT109871	52.8	72	34	0	8	79	8	79	7.07e-23	84.0
UniRef90_E6L0D5	AT120539	52.8	72	34	0	8	79	8	79	7.07e-23	84.0
UniRef90_F9EDQ1	AT265678	57.5	87	35	1	4	88	1	87	1.11e-25	91.3
UniRef90_F9EDQ1	AT218868	56.3	87	36	1	4	88	1	87	1.82e-24	88.2
UniRef90_F9EDQ1	AT215582	33.0	88	56	1	4	88	1	88	5.51e-09	48.9
UniRef90_F9EDQ1	AT27921	34.1	88	55	1	4	88	1	88	1.05e-08	48.1
UniRef90_F9EDQ1	AT127765	33.0	88	56	1	4	88	1	88	1.55e-08	47.8
UniRef90_F9EDQ1	AT148495	33.0	88	56	1	4	88	1	88	3.10e-08	47.0
UniRef90_F9EDQ1	AT197860	39.6	53	32	0	4	56	1	53	3.16e-08	47.0
UniRef90_F9EDQ1	AT35302	33.0	88	56	1	4	88	1	88	5.92e-08	46.2
UniRef90_F9EDQ1	AT182019	36.0	86	52	2	4	86	1	86	8.36e-08	45.8
UniRef90_F9EDQ1	AT61504	31.9	94	49	2	4	88	1	88	8.72e-08	45.8
UniRef90_F9EDQ1	AT136949	31.9	94	49	2	4	88	1	88	8.72e-08	45.8
UniRef90_F9EDQ1	AT156826	31.9	94	49	2	4	88	1	88	8.72e-08	45.8
UniRef90_F9EDQ1	AT251468	31.9	94	49	2	4	88	1	88	8.72e-08	45.8
UniRef90_F9EDQ1	AT251469	31.9	94	49	2	4	88	1	88	8.72e-08	45.8
UniRef90_F9EDQ1	AT283569	31.9	94	49	2	4	88	1	88	8.72e-08	45.8
UniRef90_F9EDQ1	AT44145	31.5	89	58	1	4	89	1	89	1.18e-07	45.4
UniRef90_F9EDQ1	AT62801	30.9	94	50	2	4	88	1	88	1.18e-07	45.4
UniRef90_F9EDQ1	AT62829	30.9	94	50	2	4	88	1	88	1.18e-07	45.4
UniRef90_F9EDQ1	AT30113	34.9	86	53	2	4	86	1	86	1.67e-07	45.1
UniRef90_F9EDQ1	AT36237	40.0	50	30	0	4	53	1	50	1.67e-07	45.1
UniRef90_F9EDQ1	AT44130	30.3	89	59	1	4	89	1	89	1.67e-07	45.1
UniRef90_F9EDQ1	AT194195	37.1	70	44	0	4	73	1	70	1.85e-07	45.1
UniRef90_F9EDQ1	AT236077	30.7	88	58	1	4	88	1	88	2.35e-07	44.7
UniRef90_F9EDQ1	AT76617	31.9	94	49	2	4	88	1	88	3.46e-07	44.3
UniRef90_F9EDQ1	AT218869	31.8	88	57	1	4	88	1	88	6.89e-07	43.5
UniRef90_J1H208	AT24862	32.1	56	38	0	33	88	68	123	3.06e-04	38.1
UniRef90_J4J2T1	AT293173	51.9	54	21	2	54	107	52	100	7.91e-09	50.1
UniRef90_J4J2T1	AT170284	48.1	52	22	2	56	107	54	100	1.19e-07	47.0
UniRef90_J4J2T1	AT148571	48.1	54	23	2	54	107	52	100	3.29e-07	45.8
UniRef90_J4J2T1	AT68679	59.4	32	13	0	76	107	69	100	1.27e-06	44.3
UniRef90_J4J2T1	AT64681	32.6	95	57	4	13	105	9	98	1.03e-05	42.0
UniRef90_J6HZZ7	AT79392	31.3	67	46	0	9	75	1	67	1.49e-05	42.4
UniRef90_J6HZZ7	AT105222	29.9	67	47	0	9	75	1	67	3.94e-05	41.2
UniRef90_J6HZZ7	AT29991	29.9	67	47	0	9	75	1	67	5.44e-05	40.8
UniRef90_J6HZZ7	AT186578	29.9	67	47	0	9	75	1	67	5.44e-05	40.8
UniRef90_J6HZZ7	AT197657	38.2	55	34	0	9	63	1	55	5.44e-05	40.8
UniRef90_J6HZZ7	AT272729	29.9	67	47	0	9	75	1	67	5.44e-05	40.8
UniRef90_J6HZZ7	AT287573	29.9	67	47	0	9	75	1	67	5.44e-05	40.8
UniRef90_J6HZZ7	AT186574	29.9	67	47	0	9	75	1	67	7.51e-05	40.4
UniRef90_J6HZZ7	AT206446	31.3	67	46	0	9	75	1	67	7.51e-05	40.4
UniRef90_J6HZZ7	AT272715	36.4	55	35	0	9	63	1	55	7.51e-05	40.4
UniRef90_J6HZZ7	AT282117	36.4	55	35	0	9	63	1	55	7.51e-05	40.4
UniRef90_J6HZZ7	AT287401	29.9	67	47	0	9	75	1	67	7.51e-05	40.4
UniRef90_J6HZZ7	AT287680	29.9	67	47	0	9	75	1	67	7.51e-05	40.4
UniRef90_J6HZZ7	AT297050	29.9	67	47	0	9	75	1	67	7.51e-05	40.4
UniRef90_J6HZZ7	AT20813	28.4	67	48	0	9	75	1	67	1.04e-04	40.0
UniRef90_J6HZZ7	AT77735	28.4	67	48	0	9	75	1	67	1.04e-04	40.0
UniRef90_J6HZZ7	AT241203	29.9	67	47	0	9	75	1	67	1.04e-04	40.0
UniRef90_J6HZZ7	AT253245	29.9	67	47	0	9	75	1	67	1.04e-04	40.0
UniRef90_J6HZZ7	AT253252	29.9	67	47	0	9	75	1	67	1.04e-04	40.0
UniRef90_J6HZZ7	AT297045	28.4	67	48	0	9	75	1	67	1.04e-04	40.0
UniRef90_J6HZZ7	AT27077	28.4	67	48	0	9	75	1	67	1.43e-04	39.7
UniRef90_J6HZZ7	AT45574	28.4	67	48	0	9	75	1	67	1.43e-04	39.7
UniRef90_J6HZZ7	AT143438	28.4	67	48	0	9	75	1	67	1.43e-04	39.7
UniRef90_J6HZZ7	AT143440	28.4	67	48	0	9	75	1	67	1.43e-04	39.7
UniRef90_J6HZZ7	AT288563	28.4	67	48	0	9	75	1	67	1.43e-04	39.7
UniRef90_J6IHG8	AT117250	44.0	116	58	3	2	112	3	116	1.95e-27	97.8
UniRef90_J6IHG8	AT38905	47.7	111	54	3	3	112	2	109	4.30e-24	89.4
UniRef90_J6IHG8	AT21215	43.2	111	59	3	3	112	2	109	1.13e-23	88.2
UniRef90_J6IHG8	AT28926	43.2	111	59	3	3	112	2	109	1.13e-23	88.2
UniRef90_J6IHG8	AT28931	43.2	111	59	3	3	112	2	109	1.13e-23	88.2
UniRef90_J6IHG8	AT74389	43.2	111	59	3	3	112	2	109	1.13e-23	88.2
UniRef90_J6IHG8	AT74394	43.2	111	59	3	3	112	2	109	1.13e-23	88.2
UniRef90_J6IHG8	AT74399	43.2	111	59	3	3	112	2	109	1.13e-23	88.2
UniRef90_J6IHG8	AT74404	43.2	111	59	3	3	112	2	109	1.13e-23	88.2
UniRef90_J6IHG8	AT74409	43.2	111	59	3	3	112	2	109	1.13e-23	88.2
UniRef90_J6IHG8	AT144606	43.2	111	59	3	3	112	2	109	1.13e-23	88.2
UniRef90_J6IHG8	AT23755	45.9	111	56	3	3	112	2	109	1.60e-23	87.8
UniRef90_J6IHG8	AT74734	45.9	111	56	3	3	112	2	109	1.93e-23	87.8
UniRef90_J6IHG8	AT40171	45.0	111	57	3	3	112	2	109	2.26e-23	87.4
UniRef90_J6IHG8	AT141925	45.9	111	56	3	3	112	2	109	2.32e-23	87.4
UniRef90_J6IHG8	AT65787	44.6	112	58	3	3	113	2	110	2.45e-23	87.4
UniRef90_J6IHG8	AT23763	45.9	111	56	3	3	112	2	109	4.53e-23	86.7
UniRef90_J6IHG8	AT25225	44.1	111	58	3	3	112	2	109	4.53e-23	86.7
UniRef90_J6IHG8	AT20664	45.0	111	57	3	3	112	2	109	4.66e-23	86.7
UniRef90_J6IHG8	AT53240	46.8	111	55	3	3	112	2	109	4.66e-23	86.7
UniRef90_J6IHG8	AT53247	46.8	111	55	3	3	112	2	109	4.66e-23	86.7
UniRef90_J6IHG8	AT53254	46.8	111	55	3	3	112	2	109	4.66e-23	86.7
UniRef90_J6IHG8	AT113431	46.8	111	55	3	3	112	2	109	4.66e-23	86.7
UniRef90_J6IHG8	AT113438	46.8	111	55	3	3	112	2	109	4.66e-23	86.7
UniRef90_J6IHG8	AT113445	46.8	111	55	3	3	112	2	109	4.66e-23	86.7
UniRef90_L1NPA4	AT280831	41.2	68	37	2	29	96	20	84	1.63e-09	50.4
UniRef90_L1NPA4	AT109927	39.1	69	39	2	29	97	20	85	1.67e-09	50.4
UniRef90_L1NPA4	AT116290	42.6	54	30	1	29	82	20	72	4.71e-09	49.3
UniRef90_L1NPA4	AT170262	38.2	68	39	2	29	96	20	84	6.51e-09	48.9
UniRef90_L1NPA4	AT27739	33.8	68	42	2	29	96	20	84	5.73e-07	43.9
UniRef90_L1NPA4	AT57495	33.8	68	42	2	29	96	20	84	5.73e-07	43.9
UniRef90_L1NPA4	AT57504	33.8	68	42	2	29	96	20	84	5.73e-07	43.9
UniRef90_L1NPA4	AT64807	33.8	68	42	2	29	96	20	84	5.73e-07	43.9
UniRef90_L1NPA4	AT136906	33.8	68	42	2	29	96	20	84	5.73e-07	43.9
UniRef90_L1NPA4	AT136913	33.8	68	42	2	29	96	20	84	5.73e-07	43.9
UniRef90_L1NPA4	AT136925	33.8	68	42	2	29	96	20	84	5.73e-07	43.9
UniRef90_L1NPA4	AT205688	33.8	68	42	2	29	96	20	84	5.73e-07	43.9
UniRef90_L1NPA4	AT220447	33.8	68	42	2	29	96	20	84	5.73e-07	43.9
UniRef90_L1NPA4	AT220455	33.8	68	42	2	29	96	20	84	5.73e-07	43.9
UniRef90_L1NPA4	AT220463	33.8	68	42	2	29	96	20	84	5.73e-07	43.9
UniRef90_L1NPA4	AT220471	33.8	68	42	2	29	96	20	84	5.73e-07	43.9
UniRef90_L1NPA4	AT220480	33.8	68	42	2	29	96	20	84	5.73e-07	43.9
UniRef90_L1NPA4	AT220489	33.8	68	42	2	29	96	20	84	5.73e-07	43.9
UniRef90_L1NPA4	AT220498	33.8	68	42	2	29	96	20	84	5.73e-07	43.9
UniRef90_L1NPA4	AT220507	33.8	68	42	2	29	96	20	84	5.73e-07	43.9
UniRef90_L1NPA4	AT238990	33.8	68	42	2	29	96	20	84	5.73e-07	43.9
UniRef90_L1NPA4	AT259457	33.8	68	42	2	29	96	20	84	5.73e-07	43.9
UniRef90_L1NPA4	AT293674	41.8	55	31	1	29	83	20	73	5.86e-07	43.9
UniRef90_L1NPA4	AT30625	33.8	68	42	2	29	96	20	84	8.09e-07	43.5
UniRef90_L1NPA4	AT238977	33.8	68	42	2	29	96	20	84	8.09e-07	43.5
UniRef90_L1NRZ0	AT148548	52.4	143	65	1	72	214	149	288	1.03e-36	130
UniRef90_L1NRZ0	AT148545	52.4	143	65	1	72	214	149	288	2.04e-36	130
UniRef90_L1NRZ0	AT45239	52.4	143	65	2	72	214	149	288	1.56e-35	127
UniRef90_L1NRZ0	AT21300	51.0	143	67	1	72	214	144	283	2.19e-35	127
UniRef90_L1NRZ0	AT148581	52.2	138	63	1	72	209	144	278	2.76e-35	127
UniRef90_L1NRZ0	AT148578	53.3	135	60	1	72	206	149	280	3.08e-35	127
UniRef90_L1NRZ0	AT148575	52.9	140	59	2	72	209	144	278	3.88e-35	126
UniRef90_L1NRZ0	AT148540	50.7	144	68	1	72	215	149	289	4.23e-35	126
UniRef90_L1NRZ0	AT45727	51.4	138	64	1	72	209	144	278	5.44e-35	126
UniRef90_L1NRZ0	AT45238	52.1	140	60	2	72	209	144	278	1.07e-34	125
UniRef90_L1NRZ0	AT148577	50.7	138	65	1	72	209	149	283	6.51e-34	123
UniRef90_L1NRZ0	AT148579	49.7	143	69	1	72	214	153	292	7.23e-34	123
UniRef90_L1NRZ0	AT148585	49.6	135	65	1	72	206	151	282	1.80e-32	119
UniRef90_L1NRZ0	AT148583	46.5	144	74	1	72	215	146	286	2.37e-32	119
UniRef90_L1NRZ0	AT21311	47.3	146	74	1	72	217	152	294	4.85e-32	118
UniRef90_L1NRZ0	AT22490	47.2	144	73	1	72	215	148	288	6.66e-32	118
UniRef90_L1NRZ0	AT148562	45.8	144	75	1	72	215	151	291	1.01e-31	117
UniRef90_L1NRZ0	AT148574	45.5	145	76	1	72	216	151	292	1.39e-31	117
UniRef90_L1NRZ0	AT21949	46.6	148	76	1	72	219	148	292	5.04e-31	115
UniRef90_L1NWT0	AT119860	40.4	89	51	2	5	91	2	90	1.69e-15	66.2
UniRef90_L1NWT0	AT254853	40.4	89	51	2	5	91	2	90	1.69e-15	66.2
UniRef90_L1NWT0	AT288327	39.3	89	52	2	5	91	2	90	2.39e-15	65.9
UniRef90_L1P202	AT40171	47.9	96	47	2	3	97	2	95	1.82e-22	85.1
UniRef90_L1P202	AT23755	46.9	96	48	2	3	97	2	95	2.58e-22	84.7
UniRef90_L1P202	AT23763	46.9	96	48	2	3	97	2	95	7.34e-22	83.6
UniRef90_L1P202	AT141925	44.8	96	50	2	3	97	2	95	1.51e-21	82.8
UniRef90_L1P202	AT25225	44.8	96	50	2	3	97	2	95	2.08e-21	82.4
UniRef90_L1P202	AT20664	42.7	96	52	2	3	97	2	95	1.22e-20	80.5
UniRef90_L1P202	AT38905	46.9	96	48	2	3	97	2	95	1.28e-20	80.5
UniRef90_L1P202	AT21215	42.7	96	52	2	3	97	2	95	2.37e-20	79.7
UniRef90_L1P202	AT28926	42.7	96	52	2	3	97	2	95	2.37e-20	79.7
UniRef90_L1P202	AT28931	42.7	96	52	2	3	97	2	95	2.37e-20	79.7
UniRef90_L1P202	AT74389	42.7	96	52	2	3	97	2	95	2.37e-20	79.7
UniRef90_L1P202	AT74394	42.7	96	52	2	3	97	2	95	2.37e-20	79.7
UniRef90_L1P202	AT74399	42.7	96	52	2	3	97	2	95	2.37e-20	79.7
UniRef90_L1P202	AT74404	42.7	96	52	2	3	97	2	95	2.37e-20	79.7
UniRef90_L1P202	AT74409	42.7	96	52	2	3	97	2	95	2.37e-20	79.7
UniRef90_L1P202	AT144606	42.7	96	52	2	3	97	2	95	2.37e-20	79.7
UniRef90_L1P202	AT65787	41.6	113	58	3	3	114	2	107	2.57e-20	79.7
UniRef90_L1P202	AT56222	46.5	86	45	1	1	85	1	86	1.14e-19	78.2
UniRef90_L1P202	AT56227	46.5	86	45	1	1	85	1	86	1.14e-19	78.2
UniRef90_L1P202	AT56231	46.5	86	45	1	1	85	1	86	1.14e-19	78.2
UniRef90_L1P202	AT56237	46.5	86	45	1	1	85	1	86	1.14e-19	78.2
UniRef90_L1P202	AT56240	46.5	86	45	1	1	85	1	86	1.14e-19	78.2
UniRef90_L1P202	AT74734	43.2	95	51	2	3	96	2	94	1.14e-19	78.2
UniRef90_L1P202	AT40176	42.7	96	52	2	3	97	2	95	2.65e-18	74.7
UniRef90_L1P202	AT73648	40.0	90	53	1	1	89	1	90	6.53e-16	68.6
UniRef90_L1P394	AT30543	40.2	122	68	3	4	120	3	124	3.07e-20	82.4
UniRef90_L1P394	AT95606	40.2	122	68	3	4	120	3	124	3.07e-20	82.4
UniRef90_L1P394	AT177328	41.3	121	66	3	5	120	3	123	4.41e-20	82.0
UniRef90_L1P394	AT27892	32.2	152	91	5	1	142	1	150	1.75e-19	79.7
UniRef90_L1P394	AT239262	33.1	136	82	5	4	135	3	133	3.86e-19	78.6
UniRef90_L1P394	AT239304	33.1	136	82	5	4	135	3	133	3.86e-19	78.6
UniRef90_L1P394	AT26756	32.4	136	83	5	4	135	3	133	1.08e-18	77.4
UniRef90_L1P394	AT39860	32.4	136	83	5	4	135	3	133	1.08e-18	77.4
UniRef90_L1P394	AT45640	32.4	136	83	5	4	135	3	133	1.08e-18	77.4
UniRef90_L1P394	AT45642	32.4	136	83	5	4	135	3	133	1.08e-18	77.4
UniRef90_L1P394	AT119699	33.1	136	82	5	4	135	3	133	1.08e-18	77.4
UniRef90_L1P394	AT119701	33.1	136	82	5	4	135	3	133	1.08e-18	77.4
UniRef90_L1P394	AT119703	33.1	136	82	5	4	135	3	133	1.08e-18	77.4
UniRef90_L1P394	AT119705	33.1	136	82	5	4	135	3	133	1.08e-18	77.4
UniRef90_L1P394	AT119707	33.1	136	82	5	4	135	3	133	1.08e-18	77.4
UniRef90_L1P394	AT119709	33.1	136	82	5	4	135	3	133	1.08e-18	77.4
UniRef90_L1P394	AT119711	33.1	136	82	5	4	135	3	133	1.08e-18	77.4
UniRef90_L1P394	AT119713	33.1	136	82	5	4	135	3	133	1.08e-18	77.4
UniRef90_L1P394	AT119715	33.1	136	82	5	4	135	3	133	1.08e-18	77.4
UniRef90_L1P394	AT119717	33.1	136	82	5	4	135	3	133	1.08e-18	77.4
UniRef90_L1P394	AT119719	33.1	136	82	5	4	135	3	133	1.08e-18	77.4
UniRef90_L1P394	AT119721	33.1	136	82	5	4	135	3	133	1.08e-18	77.4
UniRef90_L1P394	AT119723	33.1	136	82	5	4	135	3	133	1.08e-18	77.4
UniRef90_L1P394	AT119725	33.1	136	82	5	4	135	3	133	1.08e-18	77.4
UniRef90_L1P394	AT119727	33.1	136	82	5	4	135	3	133	1.08e-18	77.4
UniRef90_L1P4D3	AT60436	45.9	74	39	1	13	85	14	87	4.13e-14	63.2
UniRef90_L1P4D3	AT120731	40.0	85	48	2	2	85	1	83	6.26e-13	60.1
UniRef90_L1P4D3	AT119894	43.8	73	40	1	10	81	13	85	1.11e-12	59.3
UniRef90_L1P4D3	AT25738	41.3	75	41	1	3	77	6	77	1.94e-12	58.9
UniRef90_L1P4D3	AT273748	41.5	82	45	2	2	82	1	80	4.74e-12	57.8
UniRef90_L1P4D3	AT151741	42.0	81	43	2	3	82	4	81	9.68e-12	57.0
UniRef90_L1P4D3	AT140141	40.0	75	45	0	13	87	5	79	1.22e-11	56.6
UniRef90_L1P4D3	AT111649	40.3	67	40	0	13	79	13	79	2.16e-11	56.2
UniRef90_L1P4D3	AT63327	39.1	69	42	0	13	81	5	73	4.84e-11	55.1
UniRef90_L1P4D3	AT224015	37.7	69	43	0	13	81	5	73	6.83e-11	54.7
UniRef90_L1P4D3	AT153697	36.2	69	44	0	13	81	17	85	3.24e-10	53.1
UniRef90_L1P4D3	AT169320	37.1	70	43	1	14	82	13	82	8.68e-10	52.0
UniRef90_L1P4D3	AT56032	38.0	71	43	1	13	82	8	78	1.10e-09	51.6
UniRef90_L1P4D3	AT126228	37.1	70	43	1	14	82	13	82	1.22e-09	51.6
UniRef90_L1P4D3	AT89691	33.8	74	48	1	10	82	6	79	1.80e-09	51.2
UniRef90_L1P4D3	AT145141	33.3	72	47	1	13	83	6	77	3.01e-09	50.4
UniRef90_L1P4D3	AT63219	33.8	74	48	1	10	82	6	79	3.57e-09	50.4
UniRef90_L1P4D3	AT28465	35.7	70	44	1	14	82	13	82	1.35e-08	48.9
UniRef90_L1P4D3	AT57968	35.7	70	44	1	14	82	13	82	1.35e-08	48.9
UniRef90_L1P4D3	AT60786	35.7	70	44	1	14	82	13	82	1.35e-08	48.9
UniRef90_L1P4D3	AT64006	35.7	70	44	1	14	82	13	82	1.35e-08	48.9
UniRef90_L1P4D3	AT72416	35.7	70	44	1	14	82	13	82	1.35e-08	48.9
UniRef90_L1P4D3	AT108356	35.7	70	44	1	14	82	13	82	1.35e-08	48.9
UniRef90_L1P4D3	AT110309	32.1	81	54	1	9	88	6	86	3.60e-08	47.8
UniRef90_L1P4D3	AT25074	33.3	75	49	1	8	81	10	84	5.61e-08	47.4
UniRef90_L1PBS3	AT284570	34.8	253	145	7	7	247	41	285	1.81e-26	104
UniRef90_L1PBS3	AT284575	34.8	253	145	7	7	247	41	285	1.81e-26	104
UniRef90_L1PBS3	AT68648	34.4	253	146	8	7	247	41	285	2.52e-26	103
UniRef90_L1PBS3	AT284650	34.0	253	147	8	7	247	41	285	9.52e-26	102
UniRef90_L1PBS3	AT284577	32.4	253	151	8	7	247	41	285	5.07e-24	97.8
UniRef90_L1PBS3	AT55784	30.8	250	159	8	7	247	39	283	6.74e-23	94.7
UniRef90_L1PBS3	AT136033	30.8	250	159	8	7	247	39	283	9.37e-23	94.4
UniRef90_L1PBS3	AT76725	30.4	250	160	8	7	247	39	283	9.34e-22	91.7
UniRef90_L1PBS3	AT107825	30.6	252	158	7	7	247	36	281	3.35e-20	87.4
UniRef90_L1PBS3	AT142416	37.9	95	58	1	153	247	33	126	1.20e-12	63.5
UniRef90_L1PKY8	AT28611	45.7	46	24	1	2	46	3	48	1.70e-06	43.1
UniRef90_L1PKY8	AT64689	47.9	48	22	2	1	46	1	47	6.47e-06	41.6
UniRef90_P43713	AT284577	32.8	244	156	5	1	238	41	282	1.46e-27	107
UniRef90_P43713	AT127936	29.3	246	164	6	1	238	41	284	1.61e-25	101
UniRef90_P43713	AT123445	29.3	246	164	6	1	238	41	284	6.07e-25	100
UniRef90_P43713	AT127934	29.3	246	164	6	1	238	41	284	6.07e-25	100
UniRef90_P43713	AT140987	29.3	246	164	6	1	238	41	284	6.07e-25	100
UniRef90_P43713	AT140990	29.3	246	164	6	1	238	41	284	6.07e-25	100
UniRef90_P43713	AT140995	29.3	246	164	6	1	238	41	284	6.07e-25	100
UniRef90_P43713	AT141260	29.3	246	164	6	1	238	41	284	6.07e-25	100
UniRef90_P43713	AT141413	29.3	246	164	6	1	238	41	284	6.07e-25	100
UniRef90_P43713	AT149857	29.3	246	164	6	1	238	41	284	6.07e-25	100
UniRef90_P43713	AT149880	29.7	246	163	6	1	238	41	284	6.07e-25	100
UniRef90_P43713	AT196170	29.3	246	164	6	1	238	41	284	6.07e-25	100
UniRef90_P43713	AT196173	29.3	246	164	6	1	238	41	284	6.07e-25	100
UniRef90_P43713	AT239389	29.3	246	164	6	1	238	45	288	6.50e-25	100
UniRef90_P43713	AT141264	29.3	246	164	6	1	238	41	284	8.45e-25	99.8
UniRef90_P43713	AT88096	29.3	246	164	6	1	238	41	284	3.18e-24	98.2
UniRef90_P43713	AT141256	29.3	246	164	6	1	238	41	284	3.18e-24	98.2
UniRef90_P43713	AT141271	29.3	246	164	6	1	238	41	284	3.18e-24	98.2
UniRef90_P43713	AT144148	29.3	246	164	6	1	238	41	284	3.18e-24	98.2
UniRef90_P43713	AT194962	29.3	246	164	6	1	238	41	284	3.18e-24	98.2
UniRef90_S3BPG0	AT68648	33.3	246	152	5	7	244	41	282	9.47e-25	99.8
UniRef90_S3BPG0	AT284650	32.9	246	153	5	7	244	41	282	1.84e-24	99.0
UniRef90_S3BPG0	AT284570	32.5	246	154	5	7	244	41	282	3.56e-24	98.2
UniRef90_S3BPG0	AT284575	32.5	246	154	5	7	244	41	282	3.56e-24	98.2
UniRef90_S3BPG0	AT284577	31.3	246	157	5	7	244	41	282	6.92e-23	94.7
UniRef90_S3BPG0	AT136033	31.6	250	159	7	7	248	39	284	1.27e-22	94.0
UniRef90_S3BPG0	AT55784	31.6	250	159	7	7	248	39	284	1.77e-22	93.6
UniRef90_S3BPG0	AT107825	33.6	250	147	7	7	244	36	278	3.36e-22	92.8
UniRef90_S3BPG0	AT76725	30.8	250	161	7	7	248	39	284	3.32e-20	87.4
UniRef90_U1QFF9	AT232906	27.4	117	85	0	1	117	1	117	7.86e-04	37.4
UniRef90_U1QFF9	AT20897	27.4	117	85	0	1	117	1	117	8.06e-04	37.4
UniRef90_U1QFF9	AT43716	27.4	117	85	0	1	117	1	117	8.06e-04	37.4
UniRef90_U1QFF9	AT123748	27.4	117	85	0	1	117	1	117	8.06e-04	37.4
UniRef90_U1QFF9	AT124105	27.4	117	85	0	1	117	1	117	8.06e-04	37.4
UniRef90_U1QFF9	AT124130	27.4	117	85	0	1	117	1	117	8.06e-04	37.4
UniRef90_U1QFF9	AT224400	27.4	117	85	0	1	117	1	117	8.06e-04	37.4
UniRef90_U1QFF9	AT231190	27.4	117	85	0	1	117	1	117	8.06e-04	37.4
UniRef90_U1QFF9	AT234979	27.4	117	85	0	1	117	1	117	8.06e-04	37.4
UniRef90_U1QFF9	AT235000	27.4	117	85	0	1	117	1	117	8.06e-04	37.4
UniRef90_U1QFF9	AT244603	27.4	117	85	0	1	117	1	117	8.06e-04	37.4
UniRef90_U1QFF9	AT246542	27.4	117	85	0	1	117	1	117	8.06e-04	37.4
UniRef90_U1QFF9	AT273400	27.4	117	85	0	1	117	1	117	8.06e-04	37.4
UniRef90_U1QFF9	AT281722	27.4	117	85	0	1	117	1	117	8.06e-04	37.4
UniRef90_U1QFF9	AT294555	27.4	117	85	0	1	117	1	117	8.06e-04	37.4
UniRef90_U1QFF9	AT220672	35.5	62	40	0	1	62	1	62	8.27e-04	37.4
UniRef90_U1S322	AT78776	63.5	96	33	1	2	95	6	101	3.69e-38	123
UniRef90_U1S322	AT203374	62.5	80	28	1	18	97	26	103	1.70e-27	96.7
UniRef90_U1S322	AT203381	62.5	80	28	1	18	97	26	103	1.70e-27	96.7
UniRef90_U1S322	AT54446	60.0	80	30	1	18	95	12	91	2.76e-24	88.2
UniRef90_U1S322	AT227160	57.5	80	32	1	18	95	12	91	2.84e-24	88.2
UniRef90_U1S322	AT23499	54.1	85	37	1	14	96	17	101	3.73e-24	88.2
UniRef90_U1S322	AT156006	57.5	80	32	2	18	95	12	91	8.10e-24	87.0
UniRef90_U1S322	AT91704	58.9	73	28	1	25	97	1	71	9.24e-24	86.3
UniRef90_U1S322	AT72570	57.5	80	32	1	18	95	12	91	1.15e-23	86.7
UniRef90_U1S322	AT77378	58.9	73	28	1	25	97	1	71	2.64e-23	85.1
UniRef90_U1S322	AT78523	56.1	82	30	2	18	95	12	91	3.28e-23	85.5
UniRef90_U1S322	AT66470	57.5	73	29	1	25	97	1	71	5.32e-23	84.3
UniRef90_U1S322	AT23687	52.5	80	36	2	18	95	12	91	5.53e-22	82.4
UniRef90_U1S322	AT29372	52.5	80	36	2	18	95	12	91	5.53e-22	82.4
UniRef90_U1S322	AT29384	52.5	80	36	2	18	95	12	91	5.53e-22	82.4
UniRef90_U1S322	AT30197	52.5	80	36	1	18	95	12	91	2.18e-21	80.9
UniRef90_U1S322	AT259675	51.3	80	37	2	18	95	12	91	1.73e-20	78.6
UniRef90_U1S322	AT47951	46.4	84	43	1	14	95	7	90	1.33e-19	76.3
UniRef90_U1S322	AT81227	55.2	67	27	1	32	95	11	77	2.17e-19	75.5
UniRef90_U1S322	AT293956	55.2	67	27	1	32	95	11	77	2.17e-19	75.5
UniRef90_U1S322	AT54285	46.7	90	41	3	13	95	5	94	2.48e-18	73.2
UniRef90_U1S322	AT202407	42.6	94	47	2	9	95	1	94	4.97e-18	72.4
UniRef90_U1S322	AT236064	43.3	90	44	1	13	95	5	94	7.05e-18	72.0
UniRef90_U1S322	AT76887	64.8	54	19	0	41	94	39	92	7.23e-18	72.0
UniRef90_U1S322	AT25072	60.0	55	22	0	41	95	39	93	1.05e-17	71.6
UniRef90_U2A6T4	AT33145	40.7	59	29	2	16	74	37	89	2.19e-04	36.6
UniRef90_U2A6T4	AT33146	40.7	59	29	2	16	74	37	89	2.19e-04	36.6
UniRef90_U2A6T4	AT33170	40.7	59	29	2	16	74	37	89	2.19e-04	36.6
UniRef90_U2A728	AT280831	40.2	87	39	4	14	100	11	84	3.72e-09	50.1
UniRef90_U2A728	AT170262	37.9	87	41	4	14	100	11	84	1.47e-08	48.5
UniRef90_U2A728	AT170305	40.0	75	33	3	26	100	26	88	6.45e-08	47.0
UniRef90_U2A728	AT74248	36.0	75	36	2	26	100	22	84	2.27e-07	45.4
UniRef90_U2A728	AT178826	38.7	75	34	3	26	100	22	84	2.37e-07	45.4
UniRef90_U2A728	AT116290	36.4	66	32	1	26	91	22	77	2.53e-06	42.7
UniRef90_U2AMZ3	AT149867	41.1	56	32	1	34	89	25	79	8.02e-07	43.5
UniRef90_U2AW92	AT60190	31.3	64	43	1	12	75	4	66	4.91e-04	36.2
UniRef90_U2AW92	AT266755	36.9	65	28	2	4	68	35	86	5.34e-04	35.8
UniRef90_U2AWR6	AT109927	42.3	71	38	3	26	96	18	85	5.83e-09	49.3
UniRef90_U2AWR6	AT53356	37.0	73	43	2	23	95	15	84	1.14e-08	48.5
UniRef90_U2AWR6	AT139473	41.8	67	36	2	29	95	21	84	3.19e-08	47.4
UniRef90_U2AWR6	AT265867	41.8	67	36	2	29	95	21	84	8.94e-08	46.2
UniRef90_U2AWR6	AT150136	45.1	51	27	1	29	79	21	70	3.53e-07	44.7
UniRef90_U2AWR6	AT150138	45.1	51	27	1	29	79	21	70	4.97e-07	44.3
UniRef90_U2AWR6	AT150142	45.1	51	27	1	29	79	21	70	4.97e-07	44.3
UniRef90_U2AWR6	AT74248	35.8	67	40	2	29	95	21	84	7.00e-07	43.9
UniRef90_U2AWX1	AT53240	48.7	117	56	3	3	118	2	115	7.95e-27	96.3
UniRef90_U2AWX1	AT53247	48.7	117	56	3	3	118	2	115	7.95e-27	96.3
UniRef90_U2AWX1	AT53254	48.7	117	56	3	3	118	2	115	7.95e-27	96.3
UniRef90_U2AWX1	AT113431	48.7	117	56	3	3	118	2	115	7.95e-27	96.3
UniRef90_U2AWX1	AT113438	48.7	117	56	3	3	118	2	115	7.95e-27	96.3
UniRef90_U2AWX1	AT113445	48.7	117	56	3	3	118	2	115	7.95e-27	96.3
UniRef90_U2AWX1	AT113452	48.7	117	56	3	3	118	2	115	7.95e-27	96.3
UniRef90_U2AWX1	AT113459	48.7	117	56	3	3	118	2	115	7.95e-27	96.3
UniRef90_U2AWX1	AT113466	48.7	117	56	3	3	118	2	115	7.95e-27	96.3
UniRef90_U2AWX1	AT113473	48.7	117	56	3	3	118	2	115	7.95e-27	96.3
UniRef90_U2AWX1	AT153433	48.7	117	56	3	3	118	2	115	7.95e-27	96.3
UniRef90_U2AWX1	AT293129	48.7	117	56	3	3	118	2	115	7.95e-27	96.3
UniRef90_U2AWX1	AT26414	47.0	117	58	3	3	118	2	115	3.21e-26	94.7
UniRef90_U2AWX1	AT26419	47.0	117	58	3	3	118	2	115	3.21e-26	94.7
UniRef90_U2AWX1	AT29346	47.0	117	58	3	3	118	2	115	3.21e-26	94.7
UniRef90_U2AWX1	AT141922	46.2	117	59	3	3	118	2	115	3.21e-26	94.7
UniRef90_U2AWX1	AT144612	47.0	117	58	3	3	118	2	115	3.21e-26	94.7
UniRef90_U2AWX1	AT117250	42.6	115	59	3	3	112	4	116	3.30e-26	94.7
UniRef90_U2AWX1	AT21215	43.1	116	62	3	3	117	2	114	4.42e-26	94.4
UniRef90_U2AWX1	AT28926	43.1	116	62	3	3	117	2	114	4.42e-26	94.4
UniRef90_U2AWX1	AT28931	43.1	116	62	3	3	117	2	114	4.42e-26	94.4
UniRef90_U2AWX1	AT74389	43.1	116	62	3	3	117	2	114	4.42e-26	94.4
UniRef90_U2AWX1	AT74394	43.1	116	62	3	3	117	2	114	4.42e-26	94.4
UniRef90_U2AWX1	AT74399	43.1	116	62	3	3	117	2	114	4.42e-26	94.4
UniRef90_U2AWX1	AT74404	43.1	116	62	3	3	117	2	114	4.42e-26	94.4
UniRef90_U2AYR2	AT60436	45.7	70	37	1	14	82	15	84	2.09e-14	63.5
UniRef90_U2AYR2	AT120731	39.0	82	47	2	14	93	11	91	5.09e-12	57.4
UniRef90_U2AYR2	AT135658	42.6	68	39	0	14	81	9	76	6.71e-12	57.0
UniRef90_U2AYR2	AT126228	39.4	71	42	1	13	82	12	82	1.02e-11	56.6
UniRef90_U2AYR2	AT293097	38.2	68	42	0	14	81	8	75	1.31e-11	56.2
UniRef90_U2AYR2	AT141738	42.6	68	39	0	14	81	8	75	2.03e-11	55.8
UniRef90_U2AYR2	AT273748	38.8	80	46	2	4	82	3	80	2.74e-11	55.5
UniRef90_U2AYR2	AT28465	38.0	71	43	1	13	82	12	82	1.14e-10	53.9
UniRef90_U2AYR2	AT57968	38.0	71	43	1	13	82	12	82	1.14e-10	53.9
UniRef90_U2AYR2	AT60786	38.0	71	43	1	13	82	12	82	1.14e-10	53.9
UniRef90_U2AYR2	AT64006	38.0	71	43	1	13	82	12	82	1.14e-10	53.9
UniRef90_U2AYR2	AT72416	38.0	71	43	1	13	82	12	82	1.14e-10	53.9
UniRef90_U2AYR2	AT108356	38.0	71	43	1	13	82	12	82	1.14e-10	53.9
UniRef90_U2AYR2	AT169320	38.0	71	43	1	13	82	12	82	1.61e-10	53.5
UniRef90_U2AYR2	AT25016	37.7	77	46	2	14	88	9	85	4.14e-10	52.4
UniRef90_U2AYR2	AT151741	40.8	71	39	2	14	82	12	81	8.82e-10	51.6
UniRef90_U2AYR2	AT89691	38.6	70	42	1	14	82	10	79	1.87e-09	50.8
UniRef90_U2AYR2	AT203365	36.1	72	45	1	11	81	8	79	2.53e-09	50.4
UniRef90_U2AYR2	AT110309	35.0	80	51	1	9	87	6	85	3.42e-09	50.1
UniRef90_U2AYR2	AT196241	34.6	81	51	1	1	81	1	79	6.95e-09	49.3
UniRef90_U2AYR2	AT63219	37.1	70	43	1	14	82	10	79	7.39e-09	49.3
UniRef90_U2AYR2	AT222971	31.3	80	54	1	14	92	18	97	2.15e-08	48.1
UniRef90_U2AYR2	AT145141	32.4	71	47	1	14	83	7	77	2.47e-08	47.8
UniRef90_U2AYR2	AT56032	35.7	70	44	1	14	82	9	78	3.56e-08	47.4
UniRef90_U2AYR2	AT138928	35.6	73	46	1	14	85	16	88	1.89e-06	43.1
UniRef90_U2PVL1	AT144632	31.1	74	50	1	57	130	1	73	9.08e-04	36.2
UniRef90_U2PVL1	AT145157	31.1	74	50	1	57	130	1	73	9.08e-04	36.2
UniRef90_U2R0C0	AT150136	56.0	84	37	0	1	84	1	84	3.03e-33	110
UniRef90_U2R0C0	AT74248	53.6	84	39	0	1	84	1	84	8.67e-33	108
UniRef90_U2R0C0	AT150138	54.8	84	38	0	1	84	1	84	1.75e-32	108
UniRef90_U2R0C0	AT150142	54.8	84	38	0	1	84	1	84	1.75e-32	108
UniRef90_U2R0C0	AT109927	54.1	85	39	0	1	85	1	85	1.80e-32	108
UniRef90_U2R0C0	AT60741	57.3	82	35	0	3	84	6	87	1.90e-32	108
UniRef90_U2R0C0	AT170262	54.8	84	38	0	1	84	1	84	3.53e-32	107
UniRef90_U2R0C0	AT24802	53.6	84	39	0	1	84	1	84	5.01e-32	107
UniRef90_U2R0C0	AT111669	53.6	84	39	0	1	84	1	84	5.01e-32	107
UniRef90_U2R0C0	AT170341	53.6	84	39	0	1	84	1	84	5.01e-32	107
UniRef90_U2R0C0	AT285557	53.6	84	39	0	1	84	1	84	5.01e-32	107
UniRef90_U2R0C0	AT53356	52.4	84	40	0	1	84	1	84	7.12e-32	106
UniRef90_U2R0C0	AT280831	52.4	84	40	0	1	84	1	84	2.04e-31	105
UniRef90_U2R0C0	AT155827	52.4	84	40	0	1	84	1	84	4.11e-31	104
UniRef90_U2R0C0	AT293696	54.8	84	38	0	1	84	1	84	4.11e-31	104
UniRef90_U2R0C0	AT120646	53.6	84	39	0	1	84	1	84	8.30e-31	103
UniRef90_U2R0C0	AT56303	52.4	84	40	0	1	84	1	84	1.18e-30	103
UniRef90_U2R0C0	AT120845	53.6	84	39	0	1	84	1	84	1.67e-30	103
UniRef90_U2R0C0	AT52398	53.6	84	39	0	1	84	1	84	1.37e-29	100
UniRef90_U2R0C0	AT294773	51.2	84	41	0	1	84	1	84	1.37e-29	100
UniRef90_U2R0C0	AT178826	55.3	85	38	0	1	85	1	85	4.16e-29	99.8
UniRef90_U2R0C0	AT264036	51.7	89	39	1	1	85	1	89	4.53e-29	99.8
UniRef90_U2R0C0	AT27739	48.8	84	43	0	1	84	1	84	7.93e-29	99.0
UniRef90_U2R0C0	AT57495	48.8	84	43	0	1	84	1	84	7.93e-29	99.0
UniRef90_U2R0C0	AT57504	48.8	84	43	0	1	84	1	84	7.93e-29	99.0
UniRef90_U2RIH6	AT33171	100	85	0	0	1	85	1	85	2.67e-54	163
UniRef90_U2RIH6	AT64987	100	85	0	0	1	85	1	85	2.67e-54	163
UniRef90_U2RIH6	AT197660	100	85	0	0	1	85	1	85	2.67e-54	163
UniRef90_U2RIH6	AT56448	96.5	85	3	0	1	85	1	85	3.66e-52	157
UniRef90_U2RIH6	AT60431	96.5	85	3	0	1	85	1	85	3.66e-52	157
UniRef90_U2RIH6	AT33154	95.3	85	4	0	1	85	1	85	1.49e-51	156
UniRef90_U2RIH6	AT24238	82.4	85	15	0	1	85	1	85	1.10e-44	139
UniRef90_U2RIH6	AT33148	82.4	85	15	0	1	85	1	85	1.10e-44	139
UniRef90_U2RIH6	AT33178	81.2	85	16	0	1	85	1	85	4.46e-44	137
UniRef90_U2RIH6	AT33144	82.4	85	15	0	1	85	1	85	1.82e-43	135
UniRef90_U2RIH6	AT33167	81.2	85	16	0	1	85	1	85	1.50e-42	133
UniRef90_U2RIH6	AT33173	81.2	85	16	0	1	85	1	85	1.50e-42	133
UniRef90_U2RIH6	AT33159	80.0	85	17	0	1	85	1	85	8.66e-42	131
UniRef90_U2RIH6	AT272566	78.8	85	18	0	1	85	1	85	1.75e-41	130
UniRef90_U2RIH6	AT271313	77.6	85	19	0	1	85	1	85	7.12e-41	129
UniRef90_U2RIH6	AT29507	77.6	85	19	0	1	85	1	85	5.86e-40	127
UniRef90_U2RIH6	AT46021	77.6	85	19	0	1	85	1	85	5.86e-40	127
UniRef90_U2RIH6	AT57048	77.6	85	19	0	1	85	1	85	5.86e-40	127
UniRef90_U2RIH6	AT57053	77.6	85	19	0	1	85	1	85	5.86e-40	127
UniRef90_U2RIH6	AT195285	77.6	85	19	0	1	85	1	85	5.86e-40	127
UniRef90_U2RIH6	AT195287	77.6	85	19	0	1	85	1	85	5.86e-40	127
UniRef90_U2RIH6	AT195288	77.6	85	19	0	1	85	1	85	5.86e-40	127
UniRef90_U2RIH6	AT57958	76.5	85	20	0	1	85	1	85	1.68e-39	125
UniRef90_U2RIH6	AT58455	76.5	85	20	0	1	85	1	85	1.68e-39	125
UniRef90_U2RIH6	AT58458	76.5	85	20	0	1	85	1	85	1.68e-39	125
UniRef90_U2RJF7	AT88350	53.5	71	33	0	1	71	1	71	1.74e-23	85.5
UniRef90_U2RJF7	AT88355	53.5	71	33	0	1	71	1	71	1.74e-23	85.5
UniRef90_U2RJF7	AT88357	53.5	71	33	0	1	71	1	71	1.74e-23	85.5
UniRef90_U2RJF7	AT88359	53.5	71	33	0	1	71	1	71	1.74e-23	85.5
UniRef90_U2RJF7	AT88362	53.5	71	33	0	1	71	1	71	1.74e-23	85.5
UniRef90_U2RJF7	AT253418	38.6	83	48	2	1	81	1	82	9.53e-14	60.8
UniRef90_U2RJF7	AT217927	45.3	53	29	0	1	53	1	53	1.17e-12	58.2
UniRef90_U2RJF7	AT241306	45.3	53	29	0	1	53	1	53	1.17e-12	58.2
UniRef90_U2RJF7	AT37698	43.4	53	30	0	1	53	1	53	3.10e-12	57.0
UniRef90_U2RJF7	AT60445	46.0	50	27	0	1	50	1	50	6.36e-12	56.2
UniRef90_U2RJF7	AT241309	41.5	53	31	0	1	53	1	53	1.25e-11	55.5
UniRef90_U2RJF7	AT241310	41.5	53	31	0	1	53	1	53	1.25e-11	55.5
UniRef90_U2RJF7	AT125873	41.5	53	31	0	1	53	1	53	2.38e-11	54.7
UniRef90_U2RJF7	AT100448	32.5	83	52	1	1	83	1	79	7.59e-11	53.5
UniRef90_U2RJF7	AT100449	32.5	83	52	1	1	83	1	79	7.59e-11	53.5
UniRef90_U2RJF7	AT46022	42.0	50	29	0	1	50	1	50	2.59e-10	52.0
UniRef90_U2RJF7	AT57051	42.0	50	29	0	1	50	1	50	2.59e-10	52.0
UniRef90_U2RJF7	AT23475	37.7	53	33	0	1	53	1	53	4.21e-10	51.6
UniRef90_U2RJF7	AT29920	38.0	50	31	0	1	50	1	50	5.24e-08	46.2
UniRef90_U2RJF7	AT142275	38.0	50	31	0	1	50	1	50	5.24e-08	46.2
UniRef90_U2V6B3	AT24238	91.6	83	7	0	1	83	1	83	1.68e-48	148
UniRef90_U2V6B3	AT33148	91.6	83	7	0	1	83	1	83	1.68e-48	148
UniRef90_U2V6B3	AT33178	90.4	83	8	0	1	83	1	83	6.85e-48	147
UniRef90_U2V6B3	AT33171	81.9	83	15	0	1	83	1	83	3.82e-45	140
UniRef90_U2V6B3	AT64987	81.9	83	15	0	1	83	1	83	3.82e-45	140
UniRef90_U2V6B3	AT197660	81.9	83	15	0	1	83	1	83	3.82e-45	140
UniRef90_U2V6B3	AT33167	85.5	83	12	0	1	83	1	83	1.10e-44	139
UniRef90_U2V6B3	AT33173	85.5	83	12	0	1	83	1	83	1.10e-44	139
UniRef90_U2V6B3	AT56448	79.5	83	17	0	1	83	1	83	4.46e-44	137
UniRef90_U2V6B3	AT60431	79.5	83	17	0	1	83	1	83	4.46e-44	137
UniRef90_U2V6B3	AT33159	84.3	83	13	0	1	83	1	83	6.34e-44	137
UniRef90_U2V6B3	AT33154	78.3	83	18	0	1	83	1	83	1.82e-43	135
UniRef90_U2V6B3	AT272566	78.8	85	18	0	1	85	1	85	2.13e-42	133
UniRef90_U2V6B3	AT271313	77.6	85	19	0	1	85	1	85	8.66e-42	131
UniRef90_U2V6B3	AT29507	74.1	85	22	0	1	85	1	85	1.96e-38	123
UniRef90_U2V6B3	AT33144	74.7	83	21	0	1	83	1	83	1.96e-38	123
UniRef90_U2V6B3	AT46021	74.1	85	22	0	1	85	1	85	1.96e-38	123
UniRef90_U2V6B3	AT57048	74.1	85	22	0	1	85	1	85	1.96e-38	123
UniRef90_U2V6B3	AT57053	74.1	85	22	0	1	85	1	85	1.96e-38	123
UniRef90_U2V6B3	AT195285	74.1	85	22	0	1	85	1	85	1.96e-38	123
UniRef90_U2V6B3	AT195287	74.1	85	22	0	1	85	1	85	1.96e-38	123
UniRef90_U2V6B3	AT195288	74.1	85	22	0	1	85	1	85	1.96e-38	123
UniRef90_U2V6B3	AT57958	72.9	85	23	0	1	85	1	85	5.62e-38	122
UniRef90_U2V6B3	AT58455	72.9	85	23	0	1	85	1	85	5.62e-38	122
UniRef90_U2V6B3	AT58458	72.9	85	23	0	1	85	1	85	5.62e-38	122
UniRef90_UPI000C866EBE	AT212001	49.4	83	42	0	11	93	6	88	3.03e-21	80.9
UniRef90_UPI000C866EBE	AT212008	49.4	83	42	0	11	93	6	88	3.03e-21	80.9
UniRef90_UPI000C866EBE	AT37085	49.4	83	42	0	11	93	6	88	4.29e-21	80.5
UniRef90_UPI000C866EBE	AT113543	49.4	83	42	0	11	93	6	88	8.62e-21	79.7
UniRef90_UPI000C866EBE	AT153964	49.4	83	42	0	11	93	6	88	8.62e-21	79.7
UniRef90_UPI000C866EBE	AT278330	48.2	83	43	0	11	93	6	88	3.48e-20	78.2
UniRef90_UPI000C866EBE	AT32914	40.6	69	41	0	25	93	14	82	5.93e-08	47.0
UniRef90_UPI000C866EBE	AT21153	38.8	67	41	0	21	87	20	86	1.56e-07	45.8
UniRef90_UPI000C866EBE	AT71714	31.9	69	47	0	25	93	22	90	1.24e-04	38.5
UniRef90_UPI000C866EBE	AT71666	33.8	68	45	0	25	92	23	90	4.75e-04	37.0
UniRef90_W2CC27	AT31791	55.3	103	45	1	4	105	3	105	1.30e-35	117
UniRef90_W2CC27	AT267085	50.0	106	53	0	1	106	1	106	1.30e-35	117
UniRef90_W2CC27	AT170283	49.5	107	54	0	2	108	5	111	8.20e-35	115
UniRef90_W2CC27	AT248103	51.0	104	51	0	3	106	1	104	9.76e-35	115
UniRef90_W2CC27	AT248106	48.1	104	54	0	3	106	2	105	1.00e-34	115
UniRef90_W2CC27	AT220821	53.4	103	47	1	4	105	3	105	1.51e-34	115
UniRef90_W2CC27	AT24219	48.1	104	54	0	3	106	2	105	2.02e-34	114
UniRef90_W2CC27	AT170291	49.5	105	53	0	4	108	7	111	1.35e-33	112
UniRef90_W2CC27	AT170311	49.5	105	53	0	4	108	7	111	1.91e-33	112
UniRef90_W2CC27	AT64535	47.1	104	55	0	3	106	2	105	1.92e-32	109
UniRef90_W2CC27	AT21301	45.2	104	57	0	3	106	4	107	2.09e-32	109
UniRef90_W2CC27	AT31157	49.0	104	53	0	3	106	4	107	2.09e-32	109
UniRef90_W2CC27	AT148547	48.6	105	54	0	4	108	7	111	2.22e-32	109
UniRef90_W2CC27	AT59806	48.1	104	54	0	3	106	4	107	2.97e-32	109
UniRef90_W2CC27	AT88520	48.1	104	54	0	3	106	2	105	3.98e-32	108
UniRef90_W2CC27	AT95445	48.1	104	54	0	3	106	4	107	4.21e-32	108
UniRef90_W2CC27	AT125275	48.1	104	54	0	3	106	4	107	4.21e-32	108
UniRef90_W2CC27	AT128207	51.9	104	50	0	3	106	4	107	4.21e-32	108
UniRef90_W2CC27	AT181893	48.1	104	54	0	3	106	4	107	4.21e-32	108
UniRef90_W2CC27	AT30890	45.7	105	57	0	4	108	1	105	5.33e-32	108
UniRef90_W2CC27	AT22100	46.2	104	56	0	3	106	4	107	1.20e-31	107
UniRef90_W2CC27	AT153692	47.1	104	55	0	3	106	4	107	1.20e-31	107
UniRef90_W2CC27	AT247753	47.1	104	55	0	3	106	4	107	1.20e-31	107
UniRef90_W2CC27	AT156821	45.6	103	56	0	4	106	6	108	1.24e-31	107
UniRef90_W2CC27	AT241195	45.6	103	56	0	4	106	6	108	1.24e-31	107
