UniRef90_A0A0B4XM19	T10132	71.4	84	24	0	1	84	1	84	3.83e-47	139
UniRef90_A0A0K1F041	T6257	46.4	69	37	0	4	72	2	70	1.18e-16	62.8
UniRef90_A0A0K1F041	T6289	46.4	69	37	0	4	72	2	70	1.18e-16	62.8
UniRef90_A0A0K1F0R7	T1067	33.6	110	60	3	1	102	1	105	2.49e-16	63.2
UniRef90_A0A0K1F0R7	T325	31.8	110	64	2	1	103	1	106	4.08e-15	60.1
UniRef90_A0A0K1F199	T6021	26.9	275	178	9	33	302	28	284	2.77e-13	62.4
UniRef90_A0A0K1F2D0	T6031	36.9	255	153	7	22	272	19	269	4.79e-45	148
UniRef90_A0A0K1F2G1	T10185	39.0	241	133	5	27	259	22	256	1.75e-48	159
UniRef90_A0A0K1F2Y8	T10048	42.4	158	89	2	36	193	27	182	7.04e-41	131
UniRef90_A0A0K1F2Y8	T10186	29.4	194	118	6	5	187	21	206	3.45e-18	75.5
UniRef90_A0A0K1F2Y8	T10184	26.8	194	120	7	1	176	22	211	6.27e-13	58.9
UniRef90_A0A0K1F337	T6021	52.3	44	21	0	21	64	11	54	3.02e-08	44.3
UniRef90_A0A0K1F3S6	T6260	50.9	106	52	0	1	106	1	106	1.96e-34	108
UniRef90_A0A0K1F4V0	T6032	35.5	358	208	11	16	356	17	368	9.91e-51	177
UniRef90_A0A0K1F4X0	T10192	32.6	184	102	5	104	266	235	417	2.59e-23	93.2
UniRef90_A0A0K1F545	T1040	32.1	340	211	8	1	325	4	338	8.24e-44	152
UniRef90_A0A0K1F545	T10195	32.1	340	211	8	1	325	4	338	8.24e-44	152
UniRef90_A0A0K1F545	T10098	31.8	340	212	8	1	325	4	338	2.16e-43	151
UniRef90_A0A0K1F5I6	T10032	54.3	92	42	0	1	92	1	92	1.73e-33	105
UniRef90_A0A0K1F5I6	T10161	54.3	92	42	0	1	92	1	92	1.73e-33	105
UniRef90_A0A0K1F5I6	T6083	51.1	92	45	0	1	92	1	92	1.35e-30	97.8
UniRef90_A0A0K1FHN4	T4918	64.3	84	30	0	5	88	2	85	3.49e-40	121
UniRef90_A0A0K1FHN4	T1043	60.2	83	33	0	5	87	2	84	1.10e-38	117
UniRef90_A0A0K1FHN4	T10182	59.8	82	33	0	6	87	3	84	4.30e-36	111
UniRef90_A0A0K1FHN4	T6122	51.8	83	40	0	5	87	2	84	1.01e-34	107
UniRef90_A0A0K1FHN4	T6138	58.0	81	33	1	8	87	5	85	2.16e-34	107
UniRef90_A0A0K1FHN4	T6143	58.0	81	33	1	8	87	5	85	2.16e-34	107
UniRef90_A0A0K1FHN4	T6237	58.0	81	33	1	8	87	5	85	2.16e-34	107
UniRef90_A0A0K1FHN4	T10020	58.0	81	33	1	8	87	5	85	2.16e-34	107
UniRef90_A0A0K1FHN4	T10021	58.0	81	33	1	8	87	5	85	2.16e-34	107
UniRef90_A0A0K1FHN4	T130	53.6	84	39	0	4	87	2	85	6.01e-34	105
UniRef90_A0A0K1FHN4	T728	51.2	82	40	0	6	87	3	84	2.38e-33	104
UniRef90_A0A0K1FHN4	T6022	51.9	81	38	1	8	87	5	85	3.47e-33	103
UniRef90_A0A0K1FHN4	T6115	51.9	81	38	1	8	87	5	85	3.47e-33	103
UniRef90_A0A0K1FHN4	T6281	54.5	77	35	0	11	87	8	84	5.74e-32	100
UniRef90_A0A0K1FHN4	T10077	47.1	87	42	1	5	87	2	88	6.43e-32	100
UniRef90_A0A0K1FHN4	T310	53.8	78	36	0	11	88	24	101	5.35e-31	99.0
UniRef90_A0A0K1FHN4	T613	50.6	77	37	1	12	87	12	88	9.34e-27	87.8
UniRef90_A0A0K1FHN4	T2427	50.6	77	37	1	12	87	12	88	9.34e-27	87.8
UniRef90_A0A0K1FHN4	T1074	49.4	77	38	1	12	87	12	88	5.38e-26	85.9
UniRef90_A0A0K1FJM0	T325	37.3	110	58	2	3	105	1	106	6.26e-16	62.4
UniRef90_A0A0K1FJM0	T1067	35.1	111	61	3	3	106	1	107	2.86e-13	55.5
UniRef90_A0A0M3RJ07	T90	53.6	97	45	0	1	97	1	97	3.02e-28	93.2
UniRef90_A0A0M3RJ07	T101	36.4	88	55	1	13	99	21	108	1.25e-11	50.8
UniRef90_A0A0M3RJC2	T6032	45.6	517	236	8	30	537	3	483	7.31e-128	392
UniRef90_A0A0M3RJQ0	T10182	40.4	52	31	0	31	82	30	81	1.35e-07	38.9
UniRef90_A0A0M3RK07	T6245	37.8	135	76	5	1	131	1	131	1.37e-14	59.7
UniRef90_A0A0M3RK10	T10158	42.4	85	48	1	4	87	2	86	1.75e-21	74.7
UniRef90_A0A0M3RK10	T10157	42.3	78	44	1	12	88	11	88	2.88e-18	66.6
UniRef90_A0A0M3RK10	T10123	35.3	85	46	4	6	87	4	82	1.67e-07	38.9
UniRef90_A0A0M3RK86	T6245	39.3	135	71	6	2	130	2	131	2.20e-12	53.9
UniRef90_A0A0M3RK86	T131	32.1	131	82	4	2	130	4	129	8.43e-10	47.0
UniRef90_A0A0M4GFU6	T6245	33.6	140	77	3	5	139	3	131	1.27e-13	57.4
UniRef90_A0A0M4GSA1	T1043	53.6	84	39	0	1	84	1	84	4.98e-34	105
UniRef90_A0A0M4GSA1	T4918	51.2	84	41	0	1	84	1	84	7.15e-32	100
UniRef90_A0A0M4GSA1	T310	60.0	75	30	0	10	84	26	100	7.92e-32	100
UniRef90_A0A0M4GSA1	T6122	56.0	84	37	0	1	84	1	84	1.94e-31	99.4
UniRef90_A0A0M4GSA1	T130	55.7	79	35	0	6	84	7	85	4.02e-31	98.6
UniRef90_A0A0M4GSA1	T6022	49.4	85	42	1	1	84	1	85	3.14e-28	91.3
UniRef90_A0A0M4GSA1	T6115	49.4	85	42	1	1	84	1	85	3.14e-28	91.3
UniRef90_A0A0M4GSA1	T10072	45.3	75	40	1	11	84	14	88	3.87e-23	78.6
UniRef90_A0A0M4GUQ1	T10192	36.0	464	252	15	5	431	7	462	8.49e-66	211
UniRef90_A0A0M4H4U8	T6252	61.7	115	44	0	1	115	2	116	1.17e-42	130
UniRef90_A0A0M4H4U8	T10067	29.4	85	52	2	3	87	9	85	7.00e-06	35.8
UniRef90_A0A0M4H6F9	T6122	58.3	84	35	0	1	84	1	84	4.44e-35	108
UniRef90_A0A0M4H6F9	T1043	54.8	84	38	0	1	84	1	84	5.18e-34	105
UniRef90_A0A0M4H6F9	T10182	54.8	84	38	0	1	84	1	84	1.22e-32	102
UniRef90_A0A0M4H6F9	T4918	53.6	84	39	0	1	84	1	84	2.60e-32	101
UniRef90_A0A0M4H6F9	T6281	49.4	85	43	0	1	85	1	85	2.07e-31	99.4
UniRef90_A0A0M4H6F9	T6022	46.3	82	43	1	4	84	4	85	3.11e-26	86.3
UniRef90_A0A0M4H6F9	T6115	46.3	82	43	1	4	84	4	85	3.11e-26	86.3
UniRef90_A0A0M4H6F9	T6138	45.1	82	44	1	4	84	4	85	5.27e-25	83.2
UniRef90_A0A0M4H6F9	T6143	45.1	82	44	1	4	84	4	85	5.27e-25	83.2
UniRef90_A0A0M4H6F9	T6237	45.1	82	44	1	4	84	4	85	5.27e-25	83.2
UniRef90_A0A0M4H6F9	T10020	45.1	82	44	1	4	84	4	85	5.27e-25	83.2
UniRef90_A0A0M4H6F9	T10021	45.1	82	44	1	4	84	4	85	5.27e-25	83.2
UniRef90_A0A0M4H801	T10051	34.7	147	91	1	10	156	7	148	7.84e-22	80.5
UniRef90_A0A0M4H801	T443	33.8	151	95	3	10	160	9	154	5.09e-18	70.5
UniRef90_A0A0M4H801	T200	31.5	149	91	3	14	157	14	156	1.48e-13	58.9
UniRef90_A0A0M4H801	T10120	31.9	144	93	2	16	157	17	157	5.71e-13	57.4
UniRef90_A0A0M4H801	T10052	28.1	135	93	2	20	153	20	151	3.86e-11	52.4
UniRef90_A0A0M5JIM1	T10104	27.5	298	171	13	52	321	50	330	6.51e-14	65.9
UniRef90_A0A0M5JM26	T10178	29.2	257	179	2	21	275	4	259	4.04e-33	123
UniRef90_A0A0M5JUD8	T10104	34.2	404	235	9	2	391	5	391	6.42e-51	171
UniRef90_A0A134A101	T6285	21.6	88	64	2	3	89	2	85	8.24e-04	29.3
UniRef90_A0A134AKB7	T6319	38.2	254	156	1	14	267	13	265	3.59e-59	184
UniRef90_A0A139PS67	T10168	50.0	32	15	1	1	32	1	31	2.74e-07	35.8
UniRef90_A0A173XHN8	T10095	63.6	66	24	0	26	91	29	94	2.93e-30	97.1
UniRef90_A0A173XHN8	T10181	46.4	84	42	2	8	91	7	87	1.15e-23	80.1
UniRef90_A0A173XHN8	T166	45.1	91	48	1	1	91	1	89	2.75e-22	76.6
UniRef90_A0A173XHN8	T6286	55.6	54	24	0	38	91	38	91	2.36e-21	74.3
UniRef90_A0A173XHN8	T1038	41.6	89	48	4	4	91	6	91	8.48e-17	62.8
UniRef90_A0A173XHN8	T6290	41.6	89	48	4	4	91	6	91	8.48e-17	62.8
UniRef90_A0A1B1I4K9	T6280	48.7	193	98	1	21	212	22	214	2.84e-59	183
UniRef90_A0A1B1I4K9	T6037	50.8	181	88	1	31	210	32	212	7.57e-59	182
UniRef90_A0A1B1I4K9	T6282	50.8	183	89	1	29	210	30	212	6.20e-57	177
UniRef90_A0A1B1I4K9	T10019	50.3	183	90	1	29	210	30	212	6.96e-56	174
UniRef90_A0A1B1I4K9	T6080	49.7	183	91	1	29	210	30	212	1.39e-55	173
UniRef90_A0A1B1I4K9	T6024	37.8	233	144	1	4	235	6	238	5.70e-54	170
UniRef90_A0A1B1I4K9	T6079	37.8	233	144	1	4	235	6	238	5.70e-54	170
UniRef90_A0A1B1I4K9	T6104	41.5	207	120	1	30	235	32	238	5.70e-54	170
UniRef90_A0A1B1I4K9	T6092	37.8	233	144	1	4	235	6	238	5.70e-54	170
UniRef90_A0A1B3X1R3	T10182	53.8	80	37	0	5	84	5	84	1.54e-31	99.8
UniRef90_A0A1B3X1R3	T6138	48.2	85	43	1	1	84	1	85	5.42e-30	95.9
UniRef90_A0A1B3X1R3	T6143	48.2	85	43	1	1	84	1	85	5.42e-30	95.9
UniRef90_A0A1B3X1R3	T6237	48.2	85	43	1	1	84	1	85	5.42e-30	95.9
UniRef90_A0A1B3X1R3	T10020	48.2	85	43	1	1	84	1	85	5.42e-30	95.9
UniRef90_A0A1B3X1R3	T10021	48.2	85	43	1	1	84	1	85	5.42e-30	95.9
UniRef90_A0A1B3X1R3	T6022	48.2	85	43	1	1	84	1	85	4.32e-29	93.6
UniRef90_A0A1B3X1R3	T6115	48.2	85	43	1	1	84	1	85	4.32e-29	93.6
UniRef90_A0A1B3X1R3	T1043	48.1	81	42	0	4	84	4	84	5.96e-29	93.2
UniRef90_A0A1B3X1R3	T6281	50.6	79	39	0	7	85	7	85	6.13e-29	93.2
UniRef90_A0A1B3X1R3	T6122	47.4	76	40	0	9	84	9	84	9.36e-26	85.1
UniRef90_A0A1B3X1R3	T4918	50.0	76	38	0	9	84	9	84	1.99e-25	84.3
UniRef90_A0A1B3X1R3	T728	46.2	78	42	0	7	84	7	84	2.68e-25	84.0
UniRef90_A0A1B3X1R3	T130	44.2	77	43	0	8	84	9	85	1.12e-24	82.4
UniRef90_A0A1B3X1R3	T10077	37.5	88	51	1	1	84	1	88	8.28e-23	77.8
UniRef90_A0A1B8QZM1	T10166	62.8	94	34	1	1	94	1	93	1.94e-36	112
UniRef90_A0A1B8QZM1	T175	61.7	94	35	1	1	94	1	93	6.64e-35	108
UniRef90_A0A1B8QZM1	T173	58.5	94	38	1	1	94	1	93	1.60e-33	105
UniRef90_A0A1B8QZM1	T1041	54.9	91	40	1	1	91	1	90	7.34e-32	101
UniRef90_A0A1B8QZM1	T6130	54.3	94	42	1	1	94	1	93	8.52e-31	98.6
UniRef90_A0A1B8QZM1	T6131	47.9	94	48	1	1	94	1	93	1.08e-26	88.2
UniRef90_A0A1B8QZM1	T6132	47.9	94	48	1	1	94	1	93	1.08e-26	88.2
UniRef90_A0A1B8QZM1	T6023	45.7	46	25	0	1	46	1	46	4.83e-11	47.4
UniRef90_A0A1C3H3M5	T10032	60.9	92	36	0	1	92	1	92	2.70e-37	114
UniRef90_A0A1C3H3M5	T10161	60.9	92	36	0	1	92	1	92	2.70e-37	114
UniRef90_A0A1C3H3M5	T6083	59.8	92	37	0	1	92	1	92	1.10e-36	113
UniRef90_A0A1J5R2B6	T1729	73.0	89	24	0	1	89	1	89	7.99e-45	133
UniRef90_A0A1J5R2B6	T6285	34.5	87	51	3	3	88	4	85	4.90e-09	42.7
UniRef90_A0A1N6PGN9	T10132	77.4	84	19	0	1	84	1	84	2.31e-48	142
UniRef90_A0A1P8JHP6	T6256	44.9	89	49	0	2	90	6	94	1.26e-26	87.8
UniRef90_A0A1P8JHP6	T10095	49.2	65	33	0	26	90	30	94	1.20e-19	70.1
UniRef90_A0A1P8JHP6	T166	38.5	91	53	2	1	90	1	89	1.64e-18	67.0
UniRef90_A0A1Q8VG53	T10104	29.8	309	173	8	62	343	62	353	2.63e-30	114
UniRef90_A0A1Q8VK32	T10106	25.2	151	99	5	186	323	181	330	4.50e-04	35.0
UniRef90_A0A1Q8VPD0	T10158	40.2	87	47	2	4	87	2	86	7.29e-19	67.8
UniRef90_A0A1Q8VPD0	T10157	41.3	75	43	1	14	87	13	87	5.17e-17	63.2
UniRef90_A0A1Q8VPD0	T10123	53.1	32	13	1	56	87	53	82	2.96e-06	35.4
UniRef90_A0A1Q8VPE3	T131	33.8	133	77	5	2	130	4	129	5.16e-13	55.5
UniRef90_A0A1Q8VPE3	T6245	32.6	132	86	3	1	130	1	131	4.31e-12	53.1
UniRef90_A0A250F5H8	T10052	28.4	141	84	4	22	158	20	147	4.83e-12	55.1
UniRef90_A0A250F943	T200	29.3	167	100	6	4	164	3	157	6.09e-16	65.5
UniRef90_A0A250F943	T10052	27.8	162	94	4	1	155	2	147	2.33e-12	55.8
UniRef90_A0A2K9HM60	T10105	35.0	200	107	8	2	184	1062	1255	1.01e-23	94.4
UniRef90_A0A2N8NA11	T613	35.5	76	48	1	4	78	6	81	1.18e-09	44.3
UniRef90_A0A2N8NA11	T1074	35.5	76	48	1	4	78	6	81	1.18e-09	44.3
UniRef90_A0A2N8NA11	T2427	35.5	76	48	1	4	78	6	81	1.18e-09	44.3
UniRef90_A0A2N8NA11	T614	36.2	58	37	0	31	88	31	88	1.67e-09	43.9
UniRef90_A0A2N8NA11	T1075	36.2	58	37	0	31	88	31	88	1.67e-09	43.9
UniRef90_A0A2N8NA11	T10043	36.2	58	37	0	31	88	31	88	1.67e-09	43.9
UniRef90_A0A2N8NA11	T130	38.7	62	36	1	26	87	26	85	8.80e-09	42.0
UniRef90_A0A2N8NJ98	T10182	36.5	85	51	2	5	89	3	84	1.08e-13	54.7
UniRef90_A0A2X2SPD8	T6032	36.7	215	123	5	3	206	142	354	1.39e-32	121
UniRef90_A0A2Z5QZS2	T10105	46.5	142	70	3	1	141	1111	1247	1.33e-37	129
UniRef90_A0A318HX35	T10179	40.4	57	34	0	226	282	39	95	5.23e-09	47.4
UniRef90_A0A378TXA5	T10105	44.2	113	54	3	4	112	1124	1231	3.31e-28	100
UniRef90_A0A379B110	T6032	36.2	141	81	5	16	148	17	156	2.96e-17	71.6
UniRef90_A0A379EDR4	T10105	27.5	488	271	23	861	1287	786	1251	5.96e-27	112
UniRef90_A0A381EBY4	T10182	62.7	83	31	0	5	87	2	84	3.29e-38	116
UniRef90_A0A381EBY4	T4918	59.5	84	34	0	6	89	3	86	4.94e-38	116
UniRef90_A0A381EBY4	T1043	61.0	82	32	0	6	87	3	84	2.70e-37	114
UniRef90_A0A381EBY4	T728	61.4	83	32	0	5	87	2	84	2.58e-35	109
UniRef90_A0A381EBY4	T6281	61.3	80	31	0	8	87	5	84	5.36e-35	108
UniRef90_A0A381EBY4	T6122	52.4	82	39	0	6	87	3	84	2.47e-33	104
UniRef90_A0A381EBY4	T130	51.2	84	41	0	4	87	2	85	8.48e-32	100
UniRef90_A0A381EBY4	T310	57.5	80	34	0	8	87	21	100	5.57e-31	99.0
UniRef90_A0A381EBY4	T6022	53.7	82	37	1	7	87	4	85	9.87e-31	97.8
UniRef90_A0A381EBY4	T6115	53.7	82	37	1	7	87	4	85	9.87e-31	97.8
UniRef90_A0A381EBY4	T10077	51.2	86	38	1	6	87	3	88	9.04e-30	95.5
UniRef90_A0A381EBY4	T613	49.4	83	41	1	6	87	6	88	2.39e-27	89.4
UniRef90_A0A381EBY4	T2427	49.4	83	41	1	6	87	6	88	2.39e-27	89.4
UniRef90_A0A381EBY4	T1074	48.2	83	42	1	6	87	6	88	1.38e-26	87.4
UniRef90_A7ZBU0	T10037	42.5	87	50	0	2	88	22	108	3.71e-23	79.3
UniRef90_B9D608	T10046	40.9	761	421	17	1	744	1	749	1.43e-167	494
UniRef90_C0E6N1	T10178	37.1	237	146	2	1	235	13	248	1.38e-44	156
UniRef90_C0ENL6	T10186	45.4	194	104	1	3	194	3	196	1.03e-53	172
UniRef90_C0ENL6	T10048	30.9	136	79	6	58	192	38	159	3.23e-14	61.6
UniRef90_C0ENL6	T10185	27.5	153	76	7	30	158	67	208	4.59e-05	36.2
UniRef90_C0ERF4	T6032	34.4	343	201	10	15	338	17	354	1.82e-44	164
UniRef90_C4FNN1	T6032	34.1	349	206	9	37	366	17	360	7.34e-50	177
UniRef90_C4GC39	T613	34.5	84	54	1	3	85	5	88	2.78e-16	61.2
UniRef90_C4GC39	T2427	34.5	84	54	1	3	85	5	88	2.78e-16	61.2
UniRef90_C4GC39	T1074	33.3	84	55	1	3	85	5	88	1.59e-15	59.3
UniRef90_C4GFD2	T10038	54.5	455	188	6	4	447	2	448	1.04e-169	478
UniRef90_C4GHH4	T314	60.2	98	38	1	1	98	1	97	6.61e-41	124
UniRef90_C4GHH4	T1045	60.6	99	38	1	1	99	1	98	5.42e-40	122
UniRef90_C4GHH4	T6100	60.6	99	38	1	1	99	1	98	5.42e-40	122
UniRef90_C4GHH4	T162	58.6	99	40	1	1	98	1	99	2.34e-32	102
UniRef90_C4GI47	T183	34.3	181	114	2	7	185	12	189	1.27e-22	84.0
UniRef90_C4GJM6	T4922	73.5	132	35	0	1	132	1	132	6.39e-69	197
UniRef90_C4GJM6	T1070	71.0	131	38	0	2	132	2	132	8.68e-67	192
UniRef90_C4GJM6	T10187	56.5	131	57	0	1	131	1	131	5.57e-49	147
UniRef90_C4GJM6	T439	54.2	131	60	0	1	131	1	131	2.14e-46	140
UniRef90_C4GJM6	T10054	46.2	132	71	0	1	132	1	132	3.36e-38	120
UniRef90_C4GJM6	T10129	37.7	130	79	1	4	131	3	132	1.00e-24	85.9
UniRef90_C4GJM6	T1066	36.9	130	80	1	4	131	3	132	4.00e-24	84.3
UniRef90_C4GJM6	T4914	36.4	132	74	3	4	131	2	127	1.98e-23	82.4
UniRef90_C4GJM6	T6112	35.9	131	80	2	5	131	1	131	4.93e-22	79.0
UniRef90_C4GJM6	T6111	36.4	132	80	2	5	132	1	132	1.10e-20	75.5
UniRef90_C4GJM6	T962	40.3	72	42	1	2	72	1	72	3.83e-13	54.7
UniRef90_C4GMG9	T10192	33.8	201	110	5	108	285	237	437	1.32e-27	105
UniRef90_C4GMH2	T6032	34.7	326	193	11	13	321	17	339	2.38e-43	158
UniRef90_C4GNC5	T10089	69.6	92	28	0	1	92	1	92	3.21e-45	134
UniRef90_C4V3Q8	T6256	47.6	84	44	0	7	90	11	94	2.06e-25	84.7
UniRef90_C4V3Q8	T10095	53.7	67	31	0	24	90	28	94	2.39e-24	82.0
UniRef90_C4V3Q8	T166	42.9	91	49	2	1	90	1	89	4.34e-21	73.6
UniRef90_C4V3Q8	T10181	40.4	89	51	1	2	90	1	87	5.61e-19	68.2
UniRef90_C4V3Q8	T6286	50.0	54	27	0	37	90	38	91	1.83e-15	59.3
UniRef90_C4V459	T6032	33.7	83	52	2	86	167	612	692	3.48e-09	48.1
UniRef90_C4V4G9	T10178	40.1	252	139	4	8	252	7	253	4.26e-51	174
UniRef90_C4V549	T4918	53.5	86	40	0	1	86	1	86	9.44e-33	102
UniRef90_C4V549	T10182	52.4	84	40	0	1	84	1	84	2.44e-30	96.7
UniRef90_C4V549	T6281	51.2	84	41	0	1	84	1	84	1.45e-29	94.7
UniRef90_C4V549	T6138	51.9	81	38	1	5	84	5	85	6.06e-29	93.2
UniRef90_C4V549	T6143	51.9	81	38	1	5	84	5	85	6.06e-29	93.2
UniRef90_C4V549	T6237	51.9	81	38	1	5	84	5	85	6.06e-29	93.2
UniRef90_C4V549	T10020	51.9	81	38	1	5	84	5	85	6.06e-29	93.2
UniRef90_C4V549	T10021	51.9	81	38	1	5	84	5	85	6.06e-29	93.2
UniRef90_C4V549	T728	50.0	84	42	0	1	84	1	84	2.33e-28	91.7
UniRef90_C4V549	T6122	50.0	76	38	0	9	84	9	84	2.71e-27	89.0
UniRef90_C4V549	T130	48.7	76	39	0	9	84	10	85	1.60e-26	87.0
UniRef90_C4V549	T6022	45.7	81	43	1	5	84	5	85	6.52e-26	85.5
UniRef90_C4V549	T6115	45.7	81	43	1	5	84	5	85	6.52e-26	85.5
UniRef90_C4V549	T613	42.4	85	48	1	1	84	4	88	2.72e-23	79.0
UniRef90_C4V549	T2427	42.4	85	48	1	1	84	4	88	2.72e-23	79.0
UniRef90_C4V549	T1074	41.2	85	49	1	1	84	4	88	1.56e-22	77.0
UniRef90_C4V549	T10077	36.0	89	53	1	1	85	1	89	3.23e-22	76.3
UniRef90_C6M5B1	T10105	31.7	477	278	13	1385	1825	787	1251	1.10e-50	190
UniRef90_C6M9E6	T10105	43.1	225	118	6	5	227	1051	1267	1.86e-48	164
UniRef90_C6M9F4	T10105	35.7	488	275	15	51	523	789	1252	3.20e-75	255
UniRef90_C6M9F8	T10105	53.8	93	42	1	1	92	1159	1251	1.45e-28	105
UniRef90_C6MAW2	T10105	43.3	240	121	7	29	266	1025	1251	3.48e-51	173
UniRef90_C7LSS4	T10132	70.2	84	25	0	1	84	1	84	5.24e-45	133
UniRef90_C7M7Y0	T200	29.3	147	88	6	22	164	15	149	7.61e-14	60.1
UniRef90_C7M7Y0	T10052	26.7	165	104	4	22	183	15	165	1.40e-11	53.9
UniRef90_C7M925	T166	37.6	93	52	3	8	99	2	89	1.80e-15	59.7
UniRef90_C7M925	T28	40.5	84	45	2	16	99	10	88	3.98e-14	56.2
UniRef90_C7M925	T10088	39.1	87	49	3	16	101	10	93	4.48e-14	56.2
UniRef90_C7M925	T6127	49.0	51	24	2	49	99	42	90	6.66e-13	53.1
UniRef90_C7M925	T6286	40.7	54	31	1	46	99	39	91	1.52e-11	49.7
UniRef90_C7M951	T166	45.7	94	44	4	10	101	1	89	3.12e-20	72.0
UniRef90_C7M951	T10088	40.2	87	49	2	20	103	7	93	1.86e-14	57.4
UniRef90_C7M951	T6127	34.8	92	58	1	10	101	1	90	9.80e-14	55.5
UniRef90_C7M951	T28	39.3	84	47	2	18	101	9	88	1.18e-11	50.1
UniRef90_C7M951	T6286	43.5	46	26	0	56	101	46	91	1.26e-11	50.1
UniRef90_C7NCV1	T10157	44.2	77	43	0	18	94	12	88	3.01e-20	72.0
UniRef90_C8N6S1	T10013	29.7	266	153	10	1	243	141	395	6.04e-21	84.3
UniRef90_C8PG34	T660	30.0	40	28	0	71	110	88	127	3.36e-04	31.6
UniRef90_C8PK01	T10170	55.1	267	117	2	58	323	3	267	5.91e-100	294
UniRef90_C8W967	T10095	50.8	65	32	0	27	91	31	95	5.61e-21	73.6
UniRef90_C8W967	T1038	39.6	91	50	3	3	91	5	92	1.24e-16	62.4
UniRef90_C8W967	T6290	39.6	91	50	3	3	91	5	92	1.24e-16	62.4
UniRef90_C8W967	T10111	37.6	93	50	3	7	91	7	99	2.47e-12	51.6
UniRef90_C9LP34	T6032	34.3	347	208	8	12	341	17	360	2.65e-47	172
UniRef90_C9LT39	T10192	32.0	181	102	4	143	302	239	419	8.56e-25	98.6
UniRef90_C9LT53	T6032	30.6	405	245	10	18	393	17	414	1.57e-45	164
UniRef90_C9LVB1	T10095	49.3	69	35	0	24	92	28	96	1.71e-22	77.4
UniRef90_C9LVB1	T6127	37.8	90	56	0	1	90	1	90	9.01e-19	67.8
UniRef90_C9LVB1	T10109	38.2	89	54	1	1	88	2	90	4.71e-17	63.5
UniRef90_C9LVB1	T10111	37.0	100	55	3	1	92	1	100	6.07e-16	60.8
UniRef90_C9LVB1	T10088	39.4	66	40	0	25	90	26	91	1.17e-14	57.4
UniRef90_C9LVB1	T10108	53.5	43	20	0	46	88	14	56	2.88e-12	50.4
UniRef90_C9LVB1	T6139	48.8	43	22	0	46	88	14	56	1.64e-11	48.5
UniRef90_C9LVB1	T6144	48.8	43	22	0	46	88	14	56	1.64e-11	48.5
UniRef90_C9LVB1	T6239	48.8	43	22	0	46	88	14	56	1.64e-11	48.5
UniRef90_C9LVB1	T10110	48.8	43	22	0	46	88	14	56	1.64e-11	48.5
UniRef90_C9LX63	T6281	64.6	79	28	0	6	84	6	84	7.07e-39	118
UniRef90_C9LX63	T10182	56.8	81	35	0	4	84	4	84	3.26e-37	114
UniRef90_C9LX63	T1043	56.8	81	35	0	4	84	4	84	9.36e-37	112
UniRef90_C9LX63	T4918	56.5	85	37	0	1	85	1	85	9.91e-37	112
UniRef90_C9LX63	T728	60.8	79	31	0	6	84	6	84	2.68e-36	111
UniRef90_C9LX63	T6022	54.1	85	38	1	1	84	1	85	1.12e-35	110
UniRef90_C9LX63	T6115	54.1	85	38	1	1	84	1	85	1.12e-35	110
UniRef90_C9LX63	T6138	51.8	85	40	1	1	84	1	85	1.16e-35	110
UniRef90_C9LX63	T6143	51.8	85	40	1	1	84	1	85	1.16e-35	110
UniRef90_C9LX63	T6237	51.8	85	40	1	1	84	1	85	1.16e-35	110
UniRef90_C9LX63	T10020	51.8	85	40	1	1	84	1	85	1.16e-35	110
UniRef90_C9LX63	T10021	51.8	85	40	1	1	84	1	85	1.16e-35	110
UniRef90_C9LX63	T130	53.2	77	36	0	8	84	9	85	3.08e-33	103
UniRef90_C9LX63	T6122	49.4	81	41	0	4	84	4	84	8.58e-33	102
UniRef90_C9LX63	T10077	43.2	88	46	1	1	84	1	88	5.44e-30	95.9
UniRef90_C9LX63	T310	50.0	78	39	0	8	85	24	101	6.06e-27	88.6
UniRef90_C9LX63	T613	47.1	85	44	1	1	84	4	88	2.38e-26	86.7
UniRef90_C9LX63	T2427	47.1	85	44	1	1	84	4	88	2.38e-26	86.7
UniRef90_C9LX63	T1074	45.9	85	45	1	1	84	4	88	1.37e-25	84.7
UniRef90_C9LX73	T6256	49.4	89	45	0	3	91	6	94	1.11e-30	98.2
UniRef90_C9LX73	T10095	56.7	67	29	0	25	91	28	94	2.12e-28	92.4
UniRef90_C9LX73	T10136	44.4	90	45	3	4	91	19	105	3.03e-20	72.0
UniRef90_C9LX73	T28	36.4	88	54	1	4	91	3	88	1.09e-19	70.1
UniRef90_C9LX73	T1038	37.5	88	52	2	5	91	6	91	7.95e-18	65.5
UniRef90_C9LX73	T6290	37.5	88	52	2	5	91	6	91	7.95e-18	65.5
UniRef90_C9LY33	T1041	41.9	43	25	0	18	60	52	94	7.97e-09	41.6
UniRef90_C9LY33	T6131	39.5	43	26	0	18	60	52	94	3.16e-08	40.0
UniRef90_C9LY33	T6132	39.5	43	26	0	18	60	52	94	3.16e-08	40.0
UniRef90_C9MN20	T6032	33.8	367	221	8	12	359	17	380	4.85e-51	181
UniRef90_C9MQ22	T665	44.0	91	51	0	1	91	1	91	5.81e-27	88.6
UniRef90_C9MQ22	T10088	33.0	91	60	1	1	90	1	91	1.16e-11	49.7
UniRef90_C9MWN9	T665	55.1	89	40	0	1	89	1	89	2.06e-29	94.7
UniRef90_C9MWN9	T6256	47.2	89	47	0	2	90	6	94	1.78e-26	87.4
UniRef90_C9MWN9	T1038	44.3	88	46	2	4	90	6	91	8.69e-24	80.5
UniRef90_C9MWN9	T6290	44.3	88	46	2	4	90	6	91	8.69e-24	80.5
UniRef90_C9MWN9	T166	42.9	91	49	2	1	90	1	89	7.56e-22	75.5
UniRef90_C9MWN9	T10095	50.7	67	33	0	24	90	28	94	7.38e-21	73.2
UniRef90_C9MWN9	T6286	61.5	52	20	0	39	90	40	91	1.85e-20	72.0
UniRef90_C9MZK9	T10157	46.8	77	41	0	19	95	12	88	4.13e-21	74.3
UniRef90_C9N1V2	T10048	45.8	83	43	2	2	84	103	183	3.13e-20	73.9
UniRef90_D1QPA5	T10048	48.1	160	81	2	136	295	23	180	6.79e-46	147
UniRef90_D1QU36	T6021	36.9	301	178	6	6	299	7	302	2.36e-55	176
UniRef90_D1W7C0	T10048	49.0	51	26	0	16	66	130	180	3.36e-11	49.3
UniRef90_D2ZY19	T10105	46.8	139	67	3	7	142	1117	1251	1.62e-34	125
UniRef90_D2ZY22	T10105	41.3	252	133	7	2	251	1014	1252	5.23e-49	171
UniRef90_D2ZY47	T10105	41.4	237	124	7	36	270	1028	1251	4.36e-46	163
UniRef90_D3A0M7	T10105	52.1	73	35	0	1	73	1195	1267	2.12e-21	84.0
UniRef90_D3A0M9	T10105	36.8	359	196	12	1	348	913	1251	5.20e-58	199
UniRef90_D3IF56	T325	38.1	63	35	1	24	86	56	114	4.39e-07	38.5
UniRef90_D3IF56	T1067	40.7	54	28	1	24	77	56	105	4.46e-05	33.1
UniRef90_D3IGF1	T6032	33.1	341	206	8	23	344	17	354	1.97e-46	168
UniRef90_D3IHM2	T10192	29.3	181	107	3	104	263	239	419	6.40e-22	89.0
UniRef90_D3IKI4	T10179	32.5	80	53	1	205	284	17	95	2.84e-09	48.1
UniRef90_D3ILA7	T10105	33.5	254	143	10	9	245	1008	1252	3.29e-28	109
UniRef90_D3ILB0	T10105	33.6	256	141	11	61	295	1008	1255	1.72e-28	111
UniRef90_D3IMK4	T10105	35.0	177	97	6	34	194	1055	1229	3.18e-25	97.4
UniRef90_D3IMV1	T10105	38.6	132	72	5	58	181	1121	1251	4.55e-17	75.1
UniRef90_D3IMV6	T10105	31.2	231	108	11	39	248	1051	1251	7.60e-21	87.8
UniRef90_D4DLX1	T6032	36.3	300	168	12	5	286	45	339	1.15e-43	155
UniRef90_D4S3H0	T10095	63.6	66	24	0	26	91	29	94	4.26e-28	91.7
UniRef90_D4S3H0	T10111	39.6	96	50	3	3	90	2	97	3.42e-18	66.6
UniRef90_D4S3H0	T10109	35.6	90	57	1	1	89	1	90	6.92e-17	63.2
UniRef90_D4S3H0	T10108	50.0	44	22	0	46	89	13	56	1.30e-13	53.9
UniRef90_D4S3H0	T6139	45.5	44	24	0	46	89	13	56	2.10e-12	50.8
UniRef90_D4S3H0	T6144	45.5	44	24	0	46	89	13	56	2.10e-12	50.8
UniRef90_D4S3H0	T6239	45.5	44	24	0	46	89	13	56	2.10e-12	50.8
UniRef90_D4S3H0	T10110	45.5	44	24	0	46	89	13	56	2.10e-12	50.8
UniRef90_D7JC31	T10105	31.9	138	81	5	1	129	1103	1236	1.95e-16	68.2
UniRef90_D7JGF7	T6022	50.0	62	29	1	26	87	26	85	5.57e-16	60.5
UniRef90_D7JGF7	T6115	50.0	62	29	1	26	87	26	85	5.57e-16	60.5
UniRef90_D7JGF7	T728	39.0	82	48	1	6	87	5	84	4.39e-15	58.2
UniRef90_D7JGF7	T310	37.7	77	48	0	3	79	18	94	6.80e-12	50.4
UniRef90_E0DDB6	T10006	39.0	164	91	2	60	223	68	222	5.63e-32	113
UniRef90_E0DGF8	T10192	35.9	156	81	3	139	275	264	419	7.33e-26	100
UniRef90_E0DHS0	T10178	37.4	246	151	2	7	250	4	248	1.68e-48	167
UniRef90_E0P037	T10095	63.6	66	24	0	26	91	29	94	8.58e-28	90.9
UniRef90_E0P037	T6127	42.5	87	50	0	5	91	4	90	1.07e-22	77.8
UniRef90_E0P037	T6286	54.9	51	23	0	41	91	41	91	9.58e-19	67.8
UniRef90_E0P037	T10111	40.6	96	49	3	3	90	2	97	1.70e-18	67.4
UniRef90_E0P037	T10109	37.9	95	56	2	1	93	1	94	3.01e-18	66.6
UniRef90_E0P037	T10181	38.0	92	53	2	1	92	1	88	7.19e-18	65.5
UniRef90_E0P037	T10108	51.1	47	23	0	47	93	14	60	2.43e-16	60.8
UniRef90_E0P037	T6139	46.8	47	25	0	47	93	14	60	3.96e-15	57.8
UniRef90_E0P037	T6144	46.8	47	25	0	47	93	14	60	3.96e-15	57.8
UniRef90_E0P037	T6239	46.8	47	25	0	47	93	14	60	3.96e-15	57.8
UniRef90_E0P037	T10110	46.8	47	25	0	47	93	14	60	3.96e-15	57.8
UniRef90_E0P088	T4918	50.6	85	42	0	1	85	1	85	1.06e-31	100
UniRef90_E0P088	T1043	48.1	81	42	0	4	84	4	84	1.42e-31	99.8
UniRef90_E0P088	T613	49.4	85	42	1	1	84	4	88	1.24e-28	92.4
UniRef90_E0P088	T2427	49.4	85	42	1	1	84	4	88	1.24e-28	92.4
UniRef90_E0P088	T6138	47.1	85	44	1	1	84	1	85	1.67e-28	92.0
UniRef90_E0P088	T6143	47.1	85	44	1	1	84	1	85	1.67e-28	92.0
UniRef90_E0P088	T6237	47.1	85	44	1	1	84	1	85	1.67e-28	92.0
UniRef90_E0P088	T10020	47.1	85	44	1	1	84	1	85	1.67e-28	92.0
UniRef90_E0P088	T10021	47.1	85	44	1	1	84	1	85	1.67e-28	92.0
UniRef90_E0P088	T6022	47.1	85	44	1	1	84	1	85	4.64e-28	90.9
UniRef90_E0P088	T6115	47.1	85	44	1	1	84	1	85	4.64e-28	90.9
UniRef90_E0P088	T1074	48.2	85	43	1	1	84	4	88	7.16e-28	90.5
UniRef90_E0P088	T6122	44.4	81	45	0	4	84	4	84	9.10e-28	90.1
UniRef90_E0P088	T10182	43.2	81	46	0	4	84	4	84	5.25e-27	88.2
UniRef90_E0P088	T728	46.3	80	43	0	5	84	5	84	7.45e-27	87.8
UniRef90_E0P088	T130	46.3	80	43	0	5	84	6	85	1.54e-26	87.0
UniRef90_E0P088	T6281	42.5	80	46	0	5	84	5	84	4.42e-26	85.9
UniRef90_E0P088	T10077	37.1	89	52	1	1	85	1	89	1.89e-23	79.3
UniRef90_E0P088	T310	42.0	81	47	0	5	85	21	101	1.53e-22	77.4
UniRef90_E0P206	T10192	36.3	160	82	4	130	270	261	419	8.78e-26	100
UniRef90_E2ZDG9	T10192	31.1	209	121	5	111	296	239	447	6.93e-26	100
UniRef90_E4MTA6	T10192	35.4	161	83	4	126	266	260	419	1.31e-26	102
UniRef90_E4MUL3	T10089	45.1	91	50	0	1	91	1	91	2.80e-25	84.7
UniRef90_E4MV32	T10048	49.4	160	79	2	21	180	23	180	8.56e-48	148
UniRef90_E6LQX7	T10055	29.9	197	121	8	16	202	8	197	1.15e-18	76.3
UniRef90_E6MQ88	T10178	36.5	255	156	5	2	252	3	255	3.14e-45	158
UniRef90_E6MT77	T6032	34.7	372	211	12	12	359	17	380	2.26e-50	179
UniRef90_E7N0I9	T6256	57.3	89	38	0	3	91	6	94	7.40e-36	111
UniRef90_E7N0I9	T10095	62.7	67	25	0	25	91	28	94	7.80e-31	98.6
UniRef90_E7N0I9	T28	39.8	88	51	1	4	91	3	88	1.17e-21	75.1
UniRef90_E7N0I9	T1038	39.8	88	50	2	5	91	6	91	5.24e-21	73.6
UniRef90_E7N0I9	T6290	39.8	88	50	2	5	91	6	91	5.24e-21	73.6
UniRef90_E7N0I9	T10136	43.8	89	41	4	9	91	20	105	1.73e-19	70.1
UniRef90_E7N0I9	T6286	55.8	52	23	0	40	91	40	91	3.36e-19	68.9
UniRef90_E7RTZ2	T977	39.4	127	76	1	1	126	1	127	6.45e-26	88.6
UniRef90_E7RU17	T10192	41.8	474	245	13	173	630	4	462	1.12e-98	303
UniRef90_E7RU86	T10104	27.5	425	253	13	5	418	5	385	5.74e-29	111
UniRef90_E7RUK6	T10192	32.8	183	102	4	114	275	237	419	1.42e-27	105
UniRef90_E7RWV8	T6086	60.4	96	37	1	3	98	1	95	9.19e-38	116
UniRef90_E7RWV8	T10188	54.2	96	43	1	3	98	1	95	6.83e-33	103
UniRef90_E7RWV8	T6081	54.2	96	43	1	3	98	4	98	7.44e-33	103
UniRef90_E7RWV8	T6082	54.2	96	43	1	3	98	4	98	7.44e-33	103
UniRef90_E7RXX8	T977	37.4	123	75	2	1	122	1	122	1.51e-22	80.1
UniRef90_E7RY83	T977	34.5	119	71	4	2	117	2	116	2.16e-15	61.6
UniRef90_E7RYB7	T10032	59.3	91	37	0	3	93	2	92	4.43e-34	106
UniRef90_E7RYB7	T10161	59.3	91	37	0	3	93	2	92	4.43e-34	106
UniRef90_E7RYB7	T6083	57.1	91	39	0	3	93	2	92	8.94e-34	105
UniRef90_E7RYC5	T1041	59.6	94	38	0	1	94	1	94	7.48e-36	111
UniRef90_E7RYC5	T173	60.6	94	37	0	1	94	1	94	6.31e-35	108
UniRef90_E7RYC5	T6131	52.1	94	45	0	1	94	1	94	9.64e-32	100
UniRef90_E7RYC5	T6132	52.1	94	45	0	1	94	1	94	9.64e-32	100
UniRef90_E7RYC5	T175	55.9	93	41	0	1	93	1	93	3.91e-31	99.4
UniRef90_E7RYC5	T10166	57.0	93	40	0	1	93	1	93	8.90e-30	95.9
UniRef90_E7RYR8	T10118	69.6	23	7	0	15	37	17	39	5.65e-08	37.4
UniRef90_E7RZI5	T10129	64.7	133	47	0	1	133	1	133	2.78e-68	196
UniRef90_E7RZI5	T1066	63.9	133	48	0	1	133	1	133	1.13e-67	194
UniRef90_E7RZI5	T10187	40.8	130	75	1	3	132	4	131	2.62e-27	92.4
UniRef90_E7RZI5	T1070	38.2	131	79	1	3	133	4	132	1.48e-26	90.5
UniRef90_E7RZI5	T10054	38.9	131	78	1	3	133	4	132	4.20e-26	89.4
UniRef90_E7RZU8	T6032	33.8	305	179	11	34	320	40	339	2.48e-35	134
UniRef90_E7S0F3	T10076	28.4	419	235	16	20	394	11	408	1.59e-26	103
UniRef90_F0EUG5	T10192	32.8	183	102	4	122	283	237	419	7.45e-26	101
UniRef90_F0EVV0	T6032	33.9	327	193	9	27	334	17	339	7.78e-45	163
UniRef90_F0EZQ7	T10192	33.8	201	110	5	107	284	237	437	2.23e-27	104
UniRef90_F0EZS7	T6032	34.8	328	190	11	14	322	17	339	1.08e-44	162
UniRef90_F1T4E4	T6138	54.1	85	38	1	1	84	1	85	1.70e-33	104
UniRef90_F1T4E4	T6143	54.1	85	38	1	1	84	1	85	1.70e-33	104
UniRef90_F1T4E4	T6237	54.1	85	38	1	1	84	1	85	1.70e-33	104
UniRef90_F1T4E4	T10020	54.1	85	38	1	1	84	1	85	1.70e-33	104
UniRef90_F1T4E4	T10021	54.1	85	38	1	1	84	1	85	1.70e-33	104
UniRef90_F1T4E4	T6281	49.4	85	43	0	1	85	1	85	6.73e-33	103
UniRef90_F1T4E4	T6122	50.0	80	40	0	5	84	5	84	1.87e-32	102
UniRef90_F1T4E4	T130	51.3	80	39	0	5	84	6	85	2.74e-32	101
UniRef90_F1T4E4	T10182	47.6	84	44	0	1	84	1	84	1.54e-31	99.8
UniRef90_F1T4E4	T6022	49.4	85	42	1	1	84	1	85	4.52e-31	98.6
UniRef90_F1T4E4	T6115	49.4	85	42	1	1	84	1	85	4.52e-31	98.6
UniRef90_F1T4E4	T4918	48.8	84	43	0	1	84	1	84	6.61e-31	98.2
UniRef90_F1T4E4	T1043	45.7	81	44	0	4	84	4	84	8.87e-31	97.8
UniRef90_F1T4E4	T728	48.8	80	41	0	5	84	5	84	1.26e-30	97.4
UniRef90_F1T4E4	T613	47.1	85	44	1	1	84	4	88	3.30e-29	94.0
UniRef90_F1T4E4	T2427	47.1	85	44	1	1	84	4	88	3.30e-29	94.0
UniRef90_F1T4E4	T1074	45.9	85	45	1	1	84	4	88	1.91e-28	92.0
UniRef90_F1T4E4	T10077	38.6	88	50	1	1	84	1	88	1.13e-27	90.1
UniRef90_F1T4E4	T310	46.3	82	44	0	5	86	21	102	2.17e-25	84.7
UniRef90_F2BBM0	T165	52.8	163	75	1	3	163	2	164	3.06e-54	163
UniRef90_F2BBM0	T176	52.8	163	75	1	3	163	2	164	3.06e-54	163
UniRef90_F2BBM0	T200	34.5	139	88	2	9	144	11	149	3.48e-21	79.0
UniRef90_F2BBM0	T443	32.4	136	90	2	10	144	11	145	1.30e-16	66.6
UniRef90_F2BE80	T10192	35.3	184	96	5	107	268	237	419	6.52e-28	106
UniRef90_F2BF20	T4918	60.7	84	33	0	1	84	1	84	8.85e-40	120
UniRef90_F2BF20	T1043	57.3	82	35	0	3	84	3	84	3.26e-37	114
UniRef90_F2BF20	T10182	58.3	84	35	0	1	84	1	84	1.33e-36	112
UniRef90_F2BF20	T6281	54.1	85	39	0	1	85	1	85	2.27e-35	109
UniRef90_F2BF20	T728	52.4	84	40	0	1	84	1	84	3.49e-32	101
UniRef90_F2BF20	T6022	51.8	85	40	1	1	84	1	85	7.24e-32	100
UniRef90_F2BF20	T6115	51.8	85	40	1	1	84	1	85	7.24e-32	100
UniRef90_F2BF20	T6122	51.3	80	39	0	5	84	5	84	5.77e-31	98.2
UniRef90_F2BF20	T130	48.8	82	42	0	3	84	4	85	1.20e-30	97.4
UniRef90_F2BF20	T613	53.1	81	37	1	5	84	8	88	1.85e-30	97.1
UniRef90_F2BF20	T2427	53.1	81	37	1	5	84	8	88	1.85e-30	97.1
UniRef90_F2BF20	T1074	51.9	81	38	1	5	84	8	88	1.07e-29	95.1
UniRef90_F2BF20	T614	35.4	48	31	0	25	72	26	73	5.22e-07	37.4
UniRef90_F2BF20	T1075	35.4	48	31	0	25	72	26	73	5.22e-07	37.4
UniRef90_F2BF20	T10043	35.4	48	31	0	25	72	26	73	5.22e-07	37.4
UniRef90_F2BG67	T6032	30.4	470	275	14	15	466	17	452	1.99e-44	164
UniRef90_F2UUC7	T6245	35.3	133	79	3	3	130	1	131	3.84e-13	55.8
UniRef90_F2UX21	T80	36.3	124	69	5	9	130	4	119	1.60e-16	65.1
UniRef90_F3P6B4	T6032	37.9	763	387	18	23	772	3	691	2.63e-134	408
UniRef90_F4EYC2	T6032	32.6	89	52	2	142	229	615	696	4.40e-06	40.0
UniRef90_F5RIR5	T875	50.9	53	24	2	10	62	10	60	8.19e-12	48.1
UniRef90_F5RIU0	T10003	43.9	171	91	3	1	171	31	196	8.33e-49	151
UniRef90_F5RPM2	T10168	43.5	62	32	2	1	62	1	59	2.64e-10	44.3
UniRef90_F5RQP5	T182	37.1	159	96	2	16	172	19	175	4.58e-27	95.5
UniRef90_F5S5C3	T10181	47.7	86	44	1	4	88	2	87	1.60e-25	84.7
UniRef90_F5S5C3	T10088	42.7	82	43	2	11	88	10	91	2.16e-19	69.3
UniRef90_F5S5C3	T6127	51.6	62	28	1	29	88	29	90	4.02e-19	68.6
UniRef90_F5S5C3	T28	50.0	60	30	0	29	88	29	88	1.25e-17	64.7
UniRef90_F5S5C3	T166	42.9	84	46	1	7	88	6	89	7.33e-17	62.8
UniRef90_F5S5C3	T6286	53.6	56	22	2	36	88	37	91	4.39e-16	60.8
UniRef90_F9ECI4	T6245	34.5	139	78	3	3	136	1	131	1.64e-13	57.0
UniRef90_F9ECY5	T1043	53.0	83	38	1	3	85	3	84	1.18e-33	105
UniRef90_F9ECY5	T4918	54.7	86	38	1	1	86	1	85	5.07e-33	103
UniRef90_F9ECY5	T10077	47.2	89	44	1	1	86	1	89	5.01e-29	93.6
UniRef90_F9ECY5	T6022	48.2	83	41	2	4	85	4	85	5.22e-28	90.9
UniRef90_F9ECY5	T6115	48.2	83	41	2	4	85	4	85	5.22e-28	90.9
UniRef90_F9ECY5	T6281	48.2	85	43	1	1	85	1	84	7.41e-28	90.5
UniRef90_F9ECY5	T728	48.2	85	43	1	1	85	1	84	4.16e-27	88.6
UniRef90_F9ECY5	T613	48.8	86	42	2	1	85	4	88	3.79e-26	86.3
UniRef90_F9ECY5	T2427	48.8	86	42	2	1	85	4	88	3.79e-26	86.3
UniRef90_F9ECY5	T310	53.2	79	36	1	9	87	25	102	7.88e-26	85.9
UniRef90_F9ECY5	T6122	44.6	83	45	1	3	85	3	84	9.73e-26	85.1
UniRef90_F9ECY5	T130	50.0	80	39	1	6	85	7	85	9.99e-26	85.1
UniRef90_F9ECY5	T1074	47.7	86	43	2	1	85	4	88	2.18e-25	84.3
UniRef90_F9ECY6	T10104	31.8	321	173	11	12	303	50	353	3.45e-35	127
UniRef90_F9EDP7	T6032	33.3	111	73	1	379	489	243	352	8.08e-05	38.9
UniRef90_F9EDQ2	T10191	38.8	85	43	2	5	85	5	84	1.03e-12	52.0
UniRef90_F9EDQ2	T6285	37.8	82	51	0	3	84	4	85	1.11e-12	52.0
UniRef90_F9EDQ2	T10166	26.8	82	57	2	1	80	1	81	3.12e-07	38.1
UniRef90_F9EG13	T6032	44.1	521	242	7	21	532	3	483	4.51e-125	384
UniRef90_F9EHG4	T10192	34.0	156	84	3	154	290	264	419	9.80e-25	98.2
UniRef90_F9EJM3	T10089	44.7	94	50	1	3	96	1	92	2.41e-25	84.7
UniRef90_F9PHR2	T6083	51.6	93	44	1	1	93	1	92	3.81e-28	91.7
UniRef90_F9PHR2	T6124	38.5	65	40	0	25	89	30	94	2.61e-12	51.6
UniRef90_G1W8C4	T10192	29.6	189	112	3	132	299	260	448	5.95e-25	98.6
UniRef90_G1W9Y9	T6032	33.8	367	221	8	12	359	17	380	2.89e-55	193
UniRef90_G1WCB9	T10178	37.3	255	154	5	2	252	3	255	1.08e-44	156
UniRef90_G1WF44	T6032	38.4	323	175	10	22	327	24	339	1.04e-51	184
UniRef90_G5GNT2	T10095	55.2	67	30	0	27	93	28	94	2.51e-22	77.0
UniRef90_G5GNT2	T10181	38.2	89	51	2	6	93	2	87	2.15e-14	56.6
UniRef90_G5GP47	T1043	48.1	81	42	0	4	84	4	84	2.86e-31	99.0
UniRef90_G5GP47	T6138	49.4	85	42	1	1	84	1	85	1.75e-30	97.1
UniRef90_G5GP47	T6143	49.4	85	42	1	1	84	1	85	1.75e-30	97.1
UniRef90_G5GP47	T6237	49.4	85	42	1	1	84	1	85	1.75e-30	97.1
UniRef90_G5GP47	T10020	49.4	85	42	1	1	84	1	85	1.75e-30	97.1
UniRef90_G5GP47	T10021	49.4	85	42	1	1	84	1	85	1.75e-30	97.1
UniRef90_G5GP47	T4918	47.1	85	45	0	1	85	1	85	1.01e-29	95.1
UniRef90_G5GP47	T613	54.1	85	38	1	1	84	4	88	1.07e-29	95.1
UniRef90_G5GP47	T2427	54.1	85	38	1	1	84	4	88	1.07e-29	95.1
UniRef90_G5GP47	T6022	48.2	85	43	1	1	84	1	85	3.99e-29	93.6
UniRef90_G5GP47	T6115	48.2	85	43	1	1	84	1	85	3.99e-29	93.6
UniRef90_G5GP47	T1074	52.9	85	39	1	1	84	4	88	6.15e-29	93.2
UniRef90_G5GP47	T10182	44.4	81	45	0	4	84	4	84	6.41e-28	90.5
UniRef90_G5GP47	T728	47.5	80	42	0	5	84	5	84	9.10e-28	90.1
UniRef90_G5GP47	T6122	43.2	81	46	0	4	84	4	84	5.25e-27	88.2
UniRef90_G5GP47	T6281	43.8	80	45	0	5	84	5	84	7.66e-27	87.8
UniRef90_G5GP47	T130	46.3	80	43	0	5	84	6	85	1.54e-26	87.0
UniRef90_G5GP47	T10077	37.1	89	52	1	1	85	1	89	1.54e-22	77.0
UniRef90_G5GP47	T310	40.7	81	48	0	5	85	21	101	8.80e-22	75.5
UniRef90_G5GQ18	T6032	34.1	82	51	2	90	170	614	693	6.10e-07	41.6
UniRef90_G5GRC6	T10158	54.2	83	38	0	6	88	4	86	1.39e-30	97.4
UniRef90_G5GRC6	T10157	50.0	84	42	0	5	88	4	87	2.37e-27	89.4
UniRef90_G5GRC6	T326	50.0	84	40	1	5	88	3	84	1.96e-25	84.3
UniRef90_G5GRC6	T727	50.0	84	40	1	5	88	3	84	1.96e-25	84.3
UniRef90_G5H0C6	T6032	32.1	81	52	2	134	213	615	693	3.79e-06	40.0
UniRef90_G6AGG7	T665	38.2	89	55	0	4	92	3	91	6.73e-20	70.9
UniRef90_G6AGG7	T10095	43.9	66	37	0	28	93	31	96	5.56e-17	63.5
UniRef90_G9PRA4	T10157	40.9	88	51	1	1	87	1	88	1.44e-23	79.7
UniRef90_G9PRA4	T10158	36.5	85	53	1	3	86	2	86	1.78e-21	74.3
UniRef90_G9PRA4	T326	44.0	84	46	1	3	86	2	84	1.12e-19	69.7
UniRef90_G9PRA4	T727	44.0	84	46	1	3	86	2	84	1.12e-19	69.7
UniRef90_G9ZJD0	T10138	60.7	56	22	0	1	56	1	56	4.00e-20	72.0
UniRef90_G9ZJD0	T6113	45.7	46	22	2	3	47	8	51	1.75e-05	33.9
UniRef90_G9ZJD1	T843	44.1	68	38	0	7	74	72	139	1.68e-16	62.8
UniRef90_H1HJ66	T6032	32.5	369	223	11	12	359	17	380	6.26e-43	157
UniRef90_H1HJJ5	T10192	27.3	198	121	4	78	252	239	436	7.12e-24	94.7
UniRef90_H1HKA9	T10178	35.7	255	158	5	2	252	3	255	1.48e-42	150
UniRef90_H1HL56	T325	36.0	75	44	1	50	124	41	111	3.38e-07	40.0
UniRef90_H1HL56	T1067	34.8	69	41	1	50	118	41	105	1.51e-04	32.7
UniRef90_H1HNL9	T6022	53.4	73	32	1	15	87	15	85	4.21e-25	83.6
UniRef90_H1HNL9	T6115	53.4	73	32	1	15	87	15	85	4.21e-25	83.6
UniRef90_H1HNL9	T4918	47.1	87	43	2	1	87	1	84	1.66e-22	77.0
UniRef90_H1HNL9	T10182	44.8	87	45	2	1	87	1	84	4.50e-22	75.9
UniRef90_H1HNL9	T6138	44.6	74	39	1	15	88	15	86	2.72e-21	73.9
UniRef90_H1HNL9	T6143	44.6	74	39	1	15	88	15	86	2.72e-21	73.9
UniRef90_H1HNL9	T6237	44.6	74	39	1	15	88	15	86	2.72e-21	73.9
UniRef90_H1HNL9	T10020	44.6	74	39	1	15	88	15	86	2.72e-21	73.9
UniRef90_H1HNL9	T10021	44.6	74	39	1	15	88	15	86	2.72e-21	73.9
UniRef90_H1HNL9	T728	52.2	69	32	1	1	69	1	68	1.05e-20	72.4
UniRef90_H1HNL9	T310	42.5	87	47	2	1	87	17	100	2.71e-19	69.3
UniRef90_H1HNL9	T1074	39.8	88	49	3	1	87	4	88	3.30e-15	58.5
UniRef90_H1HNL9	T10072	48.7	76	31	4	15	87	18	88	1.01e-14	57.4
UniRef90_H1HNL9	T613	38.6	88	50	3	1	87	4	88	1.88e-14	56.6
UniRef90_H1HNL9	T2427	38.6	88	50	3	1	87	4	88	1.88e-14	56.6
UniRef90_I0R5Z1	T875	59.0	61	24	1	6	66	3	62	1.04e-22	75.9
UniRef90_I0R953	T10182	58.8	80	33	0	5	84	5	84	6.59e-37	113
UniRef90_I0R953	T1043	54.3	81	37	0	4	84	4	84	6.31e-35	108
UniRef90_I0R953	T6022	56.5	85	36	1	1	84	1	85	6.49e-35	108
UniRef90_I0R953	T6115	56.5	85	36	1	1	84	1	85	6.49e-35	108
UniRef90_I0R953	T6138	56.5	85	36	1	1	84	1	85	6.68e-35	108
UniRef90_I0R953	T6143	56.5	85	36	1	1	84	1	85	6.68e-35	108
UniRef90_I0R953	T6237	56.5	85	36	1	1	84	1	85	6.68e-35	108
UniRef90_I0R953	T10020	56.5	85	36	1	1	84	1	85	6.68e-35	108
UniRef90_I0R953	T10021	56.5	85	36	1	1	84	1	85	6.68e-35	108
UniRef90_I0R953	T6281	60.3	78	31	0	7	84	7	84	2.64e-34	106
UniRef90_I0R953	T728	60.3	78	31	0	7	84	7	84	3.65e-34	106
UniRef90_I0R953	T6122	59.2	76	31	0	9	84	9	84	5.18e-34	105
UniRef90_I0R953	T4918	60.5	76	30	0	9	84	9	84	5.48e-34	105
UniRef90_I0R953	T130	55.8	77	34	0	8	84	9	85	6.21e-33	103
UniRef90_I0R953	T10077	43.2	88	46	1	1	84	1	88	1.34e-30	97.4
UniRef90_I0R953	T310	54.5	77	35	0	8	84	24	100	5.23e-28	91.3
UniRef90_I0R953	T613	48.7	78	39	1	8	84	11	88	2.05e-27	89.4
UniRef90_I0R953	T2427	48.7	78	39	1	8	84	11	88	2.05e-27	89.4
UniRef90_I0R953	T1074	47.4	78	40	1	8	84	11	88	1.18e-26	87.4
UniRef90_I0TET5	T325	37.3	75	42	2	36	109	35	105	6.64e-06	36.2
UniRef90_I0TET5	T1067	34.7	75	44	2	36	109	35	105	4.53e-05	33.9
UniRef90_I0URN8	T10105	38.6	295	147	11	13	299	983	1251	1.25e-48	168
UniRef90_I0UTM1	T10105	39.6	288	148	12	13	291	983	1253	1.31e-50	177
UniRef90_I2NFH3	T10105	37.8	481	267	15	10	479	792	1251	3.05e-80	270
UniRef90_I2NGN5	T10105	35.6	421	211	13	1	418	910	1273	5.43e-61	210
UniRef90_I2NQ46	T10105	46.1	193	94	6	20	210	1068	1252	5.12e-45	158
UniRef90_I2NVA9	T10105	35.8	327	149	12	13	332	979	1251	1.20e-46	166
UniRef90_I2NXG6	T10105	37.9	306	165	11	2	299	962	1250	7.67e-54	187
UniRef90_J0NBN4	T10104	29.3	297	171	9	52	325	50	330	6.86e-25	99.0
UniRef90_J0NG68	T6122	60.7	84	33	0	1	84	1	84	5.41e-36	110
UniRef90_J0NG68	T10182	56.0	84	37	0	1	84	1	84	7.36e-34	105
UniRef90_J0NG68	T1043	53.6	84	39	0	1	84	1	84	2.99e-33	103
UniRef90_J0NG68	T4918	52.9	85	40	0	1	85	1	85	3.17e-33	103
UniRef90_J0NG68	T6281	51.2	84	41	0	1	84	1	84	3.59e-32	101
UniRef90_J0NG68	T6022	46.3	82	43	1	4	84	4	85	2.19e-26	86.7
UniRef90_J0NG68	T6115	46.3	82	43	1	4	84	4	85	2.19e-26	86.7
UniRef90_J0NG68	T6138	45.1	82	44	1	4	84	4	85	1.30e-25	84.7
UniRef90_J0NG68	T6143	45.1	82	44	1	4	84	4	85	1.30e-25	84.7
UniRef90_J0NG68	T6237	45.1	82	44	1	4	84	4	85	1.30e-25	84.7
UniRef90_J0NG68	T10020	45.1	82	44	1	4	84	4	85	1.30e-25	84.7
UniRef90_J0NG68	T10021	45.1	82	44	1	4	84	4	85	1.30e-25	84.7
UniRef90_J0NHW9	T6032	36.3	796	371	17	32	798	3	691	2.07e-129	396
UniRef90_J0NJC9	T6122	44.3	61	32	1	27	87	26	84	1.37e-10	46.6
UniRef90_J0NJC9	T130	41.0	61	34	1	27	87	27	85	1.57e-09	43.9
UniRef90_J0NJC9	T4918	38.7	62	36	1	27	88	26	85	3.55e-08	40.4
UniRef90_J0NJC9	T613	48.8	41	19	1	47	87	50	88	5.71e-07	37.4
UniRef90_J0NJC9	T1074	48.8	41	19	1	47	87	50	88	5.71e-07	37.4
UniRef90_J0NJC9	T2427	48.8	41	19	1	47	87	50	88	5.71e-07	37.4
UniRef90_J0NJC9	T10182	35.7	56	36	0	27	82	26	81	8.12e-06	34.3
UniRef90_J0NP59	T10032	72.3	65	18	0	29	93	28	92	2.98e-32	102
UniRef90_J0NP59	T10161	72.3	65	18	0	29	93	28	92	2.98e-32	102
UniRef90_J0NP59	T6124	34.8	66	43	0	22	87	27	92	1.63e-10	47.0
UniRef90_J0NQ52	T131	34.4	131	79	4	2	130	4	129	3.19e-09	45.4
UniRef90_J0NQ52	T6245	32.3	96	63	2	37	130	36	131	4.60e-06	37.0
UniRef90_J0XH04	T10158	54.1	85	39	0	3	87	2	86	1.85e-35	109
UniRef90_J0XH04	T10157	43.7	87	49	0	1	87	1	87	1.93e-26	87.0
UniRef90_J1GRR3	T6093	46.7	122	59	3	1	117	1	121	6.44e-26	89.0
UniRef90_J1H2G2	T10192	32.3	186	105	4	146	310	234	419	1.03e-25	101
UniRef90_J1H710	T10034	37.4	139	77	4	1	133	1	135	2.99e-22	79.7
UniRef90_J1H710	T6113	35.8	134	84	2	1	133	5	137	9.26e-22	78.6
UniRef90_J1H710	T10033	36.4	143	79	5	1	136	1	138	1.32e-20	75.5
UniRef90_J1H710	T10187	24.6	138	78	4	1	127	2	124	2.38e-05	35.0
UniRef90_J3F120	T6032	36.8	778	373	16	26	776	6	691	6.33e-133	404
UniRef90_J3JL74	T131	32.3	133	79	5	2	130	4	129	6.04e-10	47.4
UniRef90_J3JL74	T6245	33.3	132	85	3	1	130	1	131	9.15e-10	47.0
UniRef90_J4WPH0	T4918	58.2	55	23	0	1	55	31	85	5.21e-24	79.3
UniRef90_J4WPH0	T1043	59.3	54	22	0	1	54	31	84	9.97e-24	78.6
UniRef90_J4WPH0	T6138	57.4	54	23	0	1	54	32	85	6.07e-23	76.6
UniRef90_J4WPH0	T6143	57.4	54	23	0	1	54	32	85	6.07e-23	76.6
UniRef90_J4WPH0	T6237	57.4	54	23	0	1	54	32	85	6.07e-23	76.6
UniRef90_J4WPH0	T10020	57.4	54	23	0	1	54	32	85	6.07e-23	76.6
UniRef90_J4WPH0	T10021	57.4	54	23	0	1	54	32	85	6.07e-23	76.6
UniRef90_J4WPH0	T6122	57.4	54	23	0	1	54	31	84	1.16e-22	75.9
UniRef90_J4WPH0	T10182	55.6	54	24	0	1	54	31	84	1.65e-22	75.5
UniRef90_J4WPH0	T130	57.7	52	22	0	3	54	34	85	1.69e-22	75.5
UniRef90_J4WPH0	T728	55.6	54	24	0	1	54	31	84	1.92e-21	72.8
UniRef90_J4WPH0	T6022	50.0	54	27	0	1	54	32	85	2.80e-21	72.4
UniRef90_J4WPH0	T6115	50.0	54	27	0	1	54	32	85	2.80e-21	72.4
UniRef90_J4WPH0	T6281	55.6	54	24	0	1	54	31	84	3.97e-21	72.0
UniRef90_J4WPH0	T310	58.0	50	21	0	6	55	52	101	1.24e-20	71.2
UniRef90_J4WPH0	T10077	44.8	58	28	1	1	54	31	88	5.94e-19	66.6
UniRef90_J4WPH0	T613	47.3	55	28	1	1	54	34	88	3.86e-17	62.0
UniRef90_J4WPH0	T1074	47.3	55	28	1	1	54	34	88	3.86e-17	62.0
UniRef90_J4WPH0	T2427	47.3	55	28	1	1	54	34	88	3.86e-17	62.0
UniRef90_J5TUG0	T10075	26.7	206	126	9	160	343	133	335	3.33e-08	48.1
UniRef90_J5V6D6	T175	29.5	105	60	3	1	103	1	93	9.34e-11	48.1
UniRef90_J5VB71	T178	37.9	95	53	3	5	97	4	94	3.34e-09	43.9
UniRef90_J5VR99	T6122	32.5	83	54	1	4	86	3	83	3.67e-14	55.8
UniRef90_J5VR99	T6022	45.9	61	31	1	26	86	26	84	3.75e-14	55.8
UniRef90_J5VR99	T6115	45.9	61	31	1	26	86	26	84	3.75e-14	55.8
UniRef90_J5VR99	T10077	45.3	53	29	0	19	71	18	70	5.84e-14	55.5
UniRef90_J5VR99	T1043	47.9	48	25	0	26	73	25	72	2.95e-13	53.5
UniRef90_J5VR99	T310	56.1	41	18	0	39	79	54	94	8.86e-13	52.8
UniRef90_J5X462	T6083	45.7	94	49	2	11	104	1	92	3.50e-22	77.0
UniRef90_J5X462	T10032	47.9	94	47	2	11	104	1	92	5.70e-21	73.9
UniRef90_J5X462	T10161	47.9	94	47	2	11	104	1	92	5.70e-21	73.9
UniRef90_J5X4N8	T6088	38.3	94	58	0	17	110	4	97	3.38e-19	70.9
UniRef90_J5X4N8	T174	38.0	100	62	0	15	114	4	103	6.36e-18	67.8
UniRef90_J5X4N8	T303	35.4	96	62	0	15	110	2	97	8.62e-17	64.7
UniRef90_J6HSA3	T728	33.9	62	39	1	26	87	25	84	9.86e-08	39.3
UniRef90_J6HSA3	T6281	32.3	62	40	1	26	87	25	84	1.00e-07	39.3
UniRef90_J6HSA3	T10182	36.8	57	34	1	31	87	30	84	7.69e-07	37.0
UniRef90_J6HV82	T10158	63.4	71	26	0	13	83	16	86	1.69e-32	102
UniRef90_J6HV82	T326	50.0	80	38	1	4	83	7	84	6.89e-27	87.8
UniRef90_J6HV82	T727	50.0	80	38	1	4	83	7	84	6.89e-27	87.8
UniRef90_J6HV82	T10157	49.3	75	38	0	9	83	13	87	3.72e-25	83.6
UniRef90_J6I3L2	T10178	39.2	255	149	3	4	254	3	255	1.98e-50	172
UniRef90_J7SII1	T325	84.6	117	18	0	37	153	1	117	1.17e-72	207
UniRef90_J7SII1	T1067	60.9	115	45	0	37	151	1	115	3.65e-50	150
UniRef90_L1NWB9	T10051	30.9	149	87	5	18	164	8	142	8.32e-16	65.1
UniRef90_L1NWB9	T200	29.5	149	81	7	24	164	17	149	1.45e-12	56.6
UniRef90_L1NWB9	T10052	26.4	144	83	5	27	164	20	146	1.57e-08	45.4
UniRef90_P59200	T10178	38.2	254	155	2	4	257	3	254	1.32e-55	187
UniRef90_Q7DDR9	T10048	51.3	158	75	2	31	188	27	182	2.82e-48	149
UniRef90_S3KIC6	T4922	33.8	130	86	0	1	130	2	131	1.02e-24	85.9
UniRef90_S9SM19	T325	84.3	121	19	0	2	122	1	121	6.31e-77	217
UniRef90_S9SM19	T1067	60.0	115	46	0	2	116	1	115	6.79e-51	151
UniRef90_U1FP79	T166	53.3	90	38	2	3	90	2	89	1.80e-27	89.7
UniRef90_U1FP79	T10095	50.0	64	32	0	27	90	31	94	3.43e-19	68.9
UniRef90_U1FP79	T6286	50.9	55	27	0	36	90	37	91	6.06e-19	68.2
UniRef90_U1FP79	T10088	47.6	84	38	3	11	90	10	91	3.65e-18	66.2
UniRef90_U1FP79	T28	41.7	84	40	3	11	90	10	88	9.15e-18	65.1
UniRef90_U1FP79	T6127	40.9	88	47	3	6	90	5	90	1.10e-16	62.4
UniRef90_U1FP79	T10181	47.4	57	28	1	34	90	33	87	1.70e-15	59.3
UniRef90_U1GWA6	T10157	44.7	85	46	1	2	85	4	88	1.63e-24	82.0
UniRef90_U1GWA6	T10158	48.0	75	38	1	11	84	12	86	4.31e-24	80.9
UniRef90_U1GWA6	T6285	31.5	73	48	1	12	84	15	85	2.10e-09	43.5
UniRef90_U1PVZ1	T10192	31.6	187	107	4	134	299	264	450	4.51e-24	95.5
UniRef90_U1Q3T2	T6032	37.8	764	384	18	49	799	6	691	1.16e-128	394
UniRef90_U1Q7L9	T10192	34.6	156	83	3	177	313	264	419	5.86e-25	98.6
UniRef90_U1QCL4	T10093	30.6	98	61	2	119	212	53	147	2.39e-04	35.4
UniRef90_U1QIJ0	T10104	30.3	320	180	10	52	344	50	353	4.53e-29	110
UniRef90_U2C1Z3	T10187	33.3	132	84	4	1	130	2	131	4.73e-19	71.2
UniRef90_U2C1Z3	T6111	31.6	133	85	4	4	131	1	132	4.99e-15	60.8
UniRef90_U2C1Z3	T6112	31.8	132	84	4	4	130	1	131	1.95e-14	59.3
UniRef90_U2C1Z3	T10197	29.9	134	88	4	3	131	5	137	1.65e-13	57.0
UniRef90_U2C1Z3	T962	35.7	70	44	1	1	69	1	70	9.02e-11	48.5
UniRef90_U2ITN1	T10192	31.2	173	98	3	135	286	265	437	1.94e-23	93.6
UniRef90_U2M245	T10158	54.1	85	39	0	4	88	2	86	2.06e-32	102
UniRef90_U2M245	T326	51.8	85	39	1	4	88	2	84	5.33e-30	95.9
UniRef90_U2M245	T727	51.8	85	39	1	4	88	2	84	5.33e-30	95.9
UniRef90_U2M245	T10157	54.7	75	34	0	14	88	13	87	9.60e-27	87.8
UniRef90_U2PWA3	T10005	47.8	46	23	1	315	360	132	176	2.73e-08	48.5
UniRef90_U2QBU0	T10048	45.6	160	85	2	38	197	23	180	4.52e-46	145
UniRef90_U2R0C0	T1043	54.8	84	38	0	1	84	1	84	3.26e-35	108
UniRef90_U2R0C0	T4918	52.9	85	40	0	1	85	1	85	1.56e-31	99.8
UniRef90_U2R0C0	T10182	48.8	84	43	0	1	84	1	84	8.53e-31	97.8
UniRef90_U2R0C0	T10077	49.4	89	41	1	1	85	1	89	9.81e-31	97.8
UniRef90_U2R0C0	T6022	51.8	85	40	1	1	84	1	85	1.02e-29	95.1
UniRef90_U2R0C0	T6115	51.8	85	40	1	1	84	1	85	1.02e-29	95.1
UniRef90_U2R0C0	T6122	47.6	84	44	0	1	84	1	84	2.00e-29	94.4
UniRef90_U2R0C0	T613	50.6	85	41	1	1	84	4	88	2.13e-27	89.4
UniRef90_U2R0C0	T2427	50.6	85	41	1	1	84	4	88	2.13e-27	89.4
UniRef90_U2R0C0	T6138	48.2	85	43	1	1	84	1	85	4.06e-27	88.6
UniRef90_U2R0C0	T6143	48.2	85	43	1	1	84	1	85	4.06e-27	88.6
UniRef90_U2R0C0	T6237	48.2	85	43	1	1	84	1	85	4.06e-27	88.6
UniRef90_U2R0C0	T10020	48.2	85	43	1	1	84	1	85	4.06e-27	88.6
UniRef90_U2R0C0	T10021	48.2	85	43	1	1	84	1	85	4.06e-27	88.6
UniRef90_U2R0C0	T728	48.8	84	43	0	1	84	1	84	7.75e-27	87.8
UniRef90_U2R0C0	T1074	49.4	85	42	1	1	84	4	88	1.23e-26	87.4
UniRef90_U2R0C0	T6281	46.4	84	45	0	1	84	1	84	6.52e-26	85.5
UniRef90_U2R0C0	T130	43.4	76	43	0	9	84	10	85	2.91e-22	76.3
UniRef90_U2R0C0	T310	41.2	85	50	0	1	85	17	101	1.49e-20	72.4
UniRef90_U2RAS2	T875	47.5	61	31	1	1	60	1	61	5.04e-17	61.2
UniRef90_U2RAS2	T6107	42.4	59	33	1	1	58	1	59	3.85e-16	58.9
UniRef90_U2RD32	T4918	37.7	61	36	1	30	90	27	85	3.14e-10	45.8
UniRef90_U2RD32	T10182	40.0	60	34	1	30	89	27	84	6.01e-10	45.1
UniRef90_U2RD32	T130	36.7	60	36	1	30	89	28	85	1.92e-08	41.2
UniRef90_U2RD32	T6122	41.7	48	28	0	30	77	27	74	2.65e-08	40.8
UniRef90_U2RD32	T613	51.2	41	18	1	49	89	50	88	2.87e-08	40.8
UniRef90_U2RD32	T1074	51.2	41	18	1	49	89	50	88	2.87e-08	40.8
UniRef90_U2RD32	T2427	51.2	41	18	1	49	89	50	88	2.87e-08	40.8
UniRef90_U2RD32	T310	37.1	62	37	1	29	90	42	101	1.45e-07	39.3
UniRef90_U2RG51	T10071	34.7	144	74	5	10	141	3	138	6.20e-16	65.5
UniRef90_U2RWK7	T10048	46.1	180	91	4	24	200	7	183	2.01e-48	151
UniRef90_U2RWK7	T10186	31.4	153	91	5	53	192	60	211	6.87e-14	63.2
UniRef90_U2TF00	T6319	35.3	85	55	0	7	91	6	90	7.91e-15	62.4
UniRef90_U2TF00	T6320	51.7	58	28	0	32	89	29	86	8.10e-14	59.7
UniRef90_U2UAA0	T10095	59.7	67	27	0	26	92	28	94	1.57e-25	85.1
UniRef90_U2UAA0	T10111	46.4	97	44	3	3	91	1	97	1.34e-22	77.8
UniRef90_U2UAA0	T10109	39.5	86	51	1	6	90	5	90	4.43e-20	71.2
UniRef90_U2UAA0	T10108	52.3	44	21	0	47	90	13	56	3.83e-15	57.8
UniRef90_U2UAA0	T6139	44.2	52	29	0	39	90	5	56	2.19e-14	55.8
UniRef90_U2UAA0	T6144	44.2	52	29	0	39	90	5	56	2.19e-14	55.8
UniRef90_U2UAA0	T6239	44.2	52	29	0	39	90	5	56	2.19e-14	55.8
UniRef90_U2UAA0	T10110	44.2	52	29	0	39	90	5	56	2.19e-14	55.8
UniRef90_U2UD00	T10133	34.2	111	60	1	1	98	1	111	9.90e-19	68.6
UniRef90_U2UW50	T6035	35.2	125	79	2	1	124	156	279	1.16e-21	81.6
UniRef90_U2UW50	T6319	30.2	129	87	2	2	127	149	277	3.90e-18	72.0
UniRef90_U2UW50	T10047	30.8	78	52	1	3	78	150	227	9.19e-07	40.0
UniRef90_U2WFD6	T10095	55.4	65	29	0	34	98	30	94	5.62e-25	84.0
UniRef90_U2WFD6	T10111	37.5	96	52	3	10	97	2	97	1.90e-13	54.7
UniRef90_U2WFD6	T10109	32.2	87	58	1	11	96	4	90	4.79e-13	53.5
UniRef90_U2WFD6	T10108	48.8	43	22	0	54	96	14	56	9.91e-12	49.3
UniRef90_U2WFD6	T6139	44.2	43	24	0	54	96	14	56	5.62e-11	47.4
UniRef90_U2WFD6	T6144	44.2	43	24	0	54	96	14	56	5.62e-11	47.4
UniRef90_U2WFD6	T6239	44.2	43	24	0	54	96	14	56	5.62e-11	47.4
UniRef90_U2WFD6	T10110	44.2	43	24	0	54	96	14	56	5.62e-11	47.4
UniRef90_UPI0003F91960	T10032	70.3	64	19	0	30	93	29	92	1.48e-32	102
UniRef90_UPI0003F91960	T10161	70.3	64	19	0	30	93	29	92	1.48e-32	102
UniRef90_UPI0003F91960	T6083	53.1	98	35	2	1	93	1	92	1.99e-30	97.4
UniRef90_UPI0003FA413A	T6113	43.0	135	72	4	3	136	8	138	6.80e-25	86.7
UniRef90_UPI0003FA413A	T10034	40.0	140	73	4	3	137	4	137	1.55e-22	80.5
UniRef90_UPI0003FA413A	T77	34.0	100	44	6	37	126	33	120	3.00e-04	32.0
UniRef90_UPI0003FE07AA	T6241	39.8	118	69	2	3	118	5	122	1.88e-16	64.3
UniRef90_UPI000408F1F8	T98	31.0	129	87	2	1	127	1	129	1.47e-15	62.0
UniRef90_UPI000479641D	T665	43.8	89	50	0	1	89	1	89	1.36e-25	85.1
UniRef90_UPI000479641D	T6127	40.4	89	53	0	1	89	1	89	2.65e-20	71.6
UniRef90_UPI000479641D	T10095	50.0	60	30	0	30	89	34	93	5.77e-18	65.9
UniRef90_UPI000479641D	T166	41.1	90	50	2	1	89	1	88	5.56e-17	63.2
UniRef90_UPI000479641D	T10088	41.5	65	38	0	25	89	26	90	1.23e-16	62.4
UniRef90_UPI000479641D	T10111	36.1	97	54	3	1	89	1	97	1.66e-15	59.7
UniRef90_UPI000479641D	T28	32.6	89	58	1	1	89	1	87	1.42e-14	57.0
UniRef90_UPI000479641D	T10136	41.7	60	33	1	30	89	47	104	1.53e-14	57.4
UniRef90_UPI000479641D	T10112	35.1	97	55	3	1	89	1	97	1.88e-14	57.0
UniRef90_UPI000479641D	T6286	42.3	52	30	0	38	89	39	90	1.39e-12	52.0
UniRef90_UPI00056CA408	T10158	48.2	85	44	0	3	87	2	86	1.06e-32	102
UniRef90_UPI00056CA408	T326	45.9	85	44	1	3	87	2	84	6.13e-27	88.2
UniRef90_UPI00056CA408	T727	45.9	85	44	1	3	87	2	84	6.13e-27	88.2
UniRef90_UPI00056CA408	T10157	43.2	88	50	0	1	88	1	88	4.05e-26	86.3
UniRef90_UPI00056CA408	T1729	38.6	88	53	1	1	87	1	88	1.73e-20	72.0
UniRef90_UPI00056CA408	T10166	27.9	86	56	3	1	84	1	82	3.57e-06	35.4
UniRef90_UPI00056E56A3	T10157	48.2	85	43	1	2	85	4	88	7.95e-28	90.5
UniRef90_UPI00056E56A3	T10158	48.1	81	41	1	5	84	6	86	2.97e-27	89.0
UniRef90_UPI00056E56A3	T326	52.7	74	34	1	11	84	12	84	4.64e-26	85.9
UniRef90_UPI00056E56A3	T727	52.7	74	34	1	11	84	12	84	4.64e-26	85.9
UniRef90_UPI00056E56A3	T10191	46.1	76	38	1	9	84	11	83	1.21e-16	62.0
UniRef90_UPI00067DD9B3	T10104	31.7	322	193	8	26	341	26	326	9.78e-33	121
UniRef90_UPI00067DD9B3	T1040	31.8	318	182	15	47	346	41	341	1.22e-32	121
UniRef90_UPI00067DD9B3	T10195	31.8	318	182	15	47	346	41	341	1.22e-32	121
UniRef90_UPI00067DD9B3	T10106	29.9	341	200	15	29	352	26	344	3.48e-31	117
UniRef90_UPI00067DD9B3	T10098	30.8	318	185	14	47	346	41	341	7.05e-31	116
UniRef90_UPI00067DD9B3	T6108	28.9	346	199	14	28	350	31	352	1.30e-27	107
UniRef90_UPI00067DD9B3	T10121	26.8	224	128	10	150	359	56	257	2.75e-08	48.1
UniRef90_UPI0006887BC5	T6032	37.3	804	360	19	19	793	3	691	1.10e-122	378
UniRef90_UPI0008FBBFC3	T10105	52.5	101	46	2	19	118	1140	1239	6.58e-31	108
UniRef90_UPI0009B91B43	T10105	37.3	228	113	8	4	208	1003	1223	3.39e-35	124
UniRef90_UPI0009F2F4A4	T10105	62.9	62	23	0	11	72	1190	1251	8.38e-22	86.7
UniRef90_UPI0009F878EB	T10111	44.1	68	31	3	9	69	8	75	7.05e-14	54.7
UniRef90_UPI0009F878EB	T10112	44.1	68	31	3	9	69	8	75	9.97e-14	54.3
UniRef90_UPI0009F878EB	T1038	33.3	60	40	0	10	69	11	70	4.34e-11	47.4
UniRef90_UPI0009F878EB	T6290	33.3	60	40	0	10	69	11	70	4.34e-11	47.4
UniRef90_UPI0009F878EB	T6257	38.5	65	34	2	11	69	10	74	4.79e-08	39.7
UniRef90_UPI0009F878EB	T6289	38.5	65	34	2	11	69	10	74	4.79e-08	39.7
UniRef90_UPI0009FA767C	T10158	51.2	82	40	0	3	84	2	83	3.93e-30	97.1
UniRef90_UPI0009FA767C	T10157	42.0	88	51	0	1	88	1	88	8.29e-23	78.6
UniRef90_UPI0009FA767C	T326	50.7	73	34	1	12	84	11	81	1.19e-21	75.5
UniRef90_UPI0009FA767C	T727	50.7	73	34	1	12	84	11	81	1.19e-21	75.5
UniRef90_UPI0009FB3CCF	T90	52.5	99	47	0	1	99	1	99	3.14e-28	94.0
UniRef90_UPI0009FB3CCF	T101	38.4	86	52	1	13	97	21	106	3.99e-12	52.8
UniRef90_UPI000A076990	T977	33.3	129	78	2	3	127	3	127	3.45e-17	66.2
UniRef90_UPI000D0FF8D8	T1043	50.0	72	36	0	4	75	4	75	2.52e-28	91.7
UniRef90_UPI000D0FF8D8	T4918	50.7	75	37	0	1	75	1	75	4.39e-27	88.6
UniRef90_UPI000D0FF8D8	T6122	50.8	65	32	0	4	68	4	68	2.40e-26	86.7
UniRef90_UPI000D0FF8D8	T6022	51.3	76	36	1	1	75	1	76	2.46e-26	86.7
UniRef90_UPI000D0FF8D8	T6115	51.3	76	36	1	1	75	1	76	2.46e-26	86.7
UniRef90_UPI000D0FF8D8	T728	46.8	77	41	0	5	81	5	81	4.83e-26	85.9
UniRef90_UPI000D0FF8D8	T613	52.6	76	35	1	1	75	4	79	2.18e-25	84.3
UniRef90_UPI000D0FF8D8	T2427	52.6	76	35	1	1	75	4	79	2.18e-25	84.3
UniRef90_UPI000D0FF8D8	T6138	46.1	76	40	1	1	75	1	76	5.91e-25	83.2
UniRef90_UPI000D0FF8D8	T6143	46.1	76	40	1	1	75	1	76	5.91e-25	83.2
UniRef90_UPI000D0FF8D8	T6237	46.1	76	40	1	1	75	1	76	5.91e-25	83.2
UniRef90_UPI000D0FF8D8	T10020	46.1	76	40	1	1	75	1	76	5.91e-25	83.2
UniRef90_UPI000D0FF8D8	T10021	46.1	76	40	1	1	75	1	76	5.91e-25	83.2
UniRef90_UPI000D0FF8D8	T130	54.7	64	29	0	5	68	6	69	8.17e-25	82.8
UniRef90_UPI000D0FF8D8	T1074	51.3	76	36	1	1	75	4	79	1.26e-24	82.4
UniRef90_UPI000D0FF8D8	T10182	44.4	72	40	0	4	75	4	75	3.23e-24	81.3
UniRef90_UPI000D0FF8D8	T6281	46.9	64	34	0	5	68	5	68	2.71e-23	79.0
UniRef90_UPI000D0FF8D8	T10077	42.6	68	39	0	1	68	1	68	2.00e-21	74.3
UniRef90_UPI000D0FF8D8	T310	47.8	67	35	0	5	71	21	87	9.19e-20	70.5
UniRef90_UPI000E0DF48B	T10138	52.6	137	65	0	1	137	1	137	1.53e-46	141
UniRef90_UPI000E0DF48B	T10033	37.0	135	83	1	3	137	4	136	1.12e-25	88.6
UniRef90_UPI000E0DF48B	T6113	32.4	139	84	4	3	138	8	139	1.61e-10	49.3
UniRef90_V2Y2U1	T326	48.5	33	17	0	57	89	52	84	7.34e-09	42.4
UniRef90_V2Y2U1	T727	48.5	33	17	0	57	89	52	84	7.34e-09	42.4
UniRef90_V2Y2U1	T10191	39.5	38	23	0	53	90	47	84	2.46e-06	35.8
UniRef90_V2Z5Z1	T6138	55.3	85	37	1	1	84	1	85	5.94e-34	105
UniRef90_V2Z5Z1	T6143	55.3	85	37	1	1	84	1	85	5.94e-34	105
UniRef90_V2Z5Z1	T6237	55.3	85	37	1	1	84	1	85	5.94e-34	105
UniRef90_V2Z5Z1	T10020	55.3	85	37	1	1	84	1	85	5.94e-34	105
UniRef90_V2Z5Z1	T10021	55.3	85	37	1	1	84	1	85	5.94e-34	105
UniRef90_V2Z5Z1	T10182	53.1	81	38	0	4	84	4	84	3.24e-33	103
UniRef90_V2Z5Z1	T6022	52.9	85	39	1	1	84	1	85	9.55e-33	102
UniRef90_V2Z5Z1	T6115	52.9	85	39	1	1	84	1	85	9.55e-33	102
UniRef90_V2Z5Z1	T6122	55.3	76	34	0	9	84	9	84	2.66e-32	101
UniRef90_V2Z5Z1	T130	53.2	77	36	0	8	84	9	85	1.58e-31	99.8
UniRef90_V2Z5Z1	T6281	53.2	79	37	0	7	85	7	85	3.19e-31	99.0
UniRef90_V2Z5Z1	T1043	46.9	81	43	0	4	84	4	84	4.40e-31	98.6
UniRef90_V2Z5Z1	T4918	50.0	84	42	0	1	84	1	84	1.09e-29	95.1
UniRef90_V2Z5Z1	T728	51.3	78	38	0	7	84	7	84	1.47e-29	94.7
UniRef90_V2Z5Z1	T10077	40.9	88	48	1	1	84	1	88	5.60e-28	90.9
UniRef90_V2Z5Z1	T613	47.1	85	44	1	1	84	4	88	7.74e-28	90.5
UniRef90_V2Z5Z1	T2427	47.1	85	44	1	1	84	4	88	7.74e-28	90.5
UniRef90_V2Z5Z1	T1074	45.9	85	45	1	1	84	4	88	4.46e-27	88.6
UniRef90_V2Z5Z1	T310	49.4	79	40	0	8	86	24	102	3.07e-25	84.3
UniRef90_W1UXY5	T6032	34.9	195	90	6	4	190	35	200	2.79e-24	93.2
UniRef90_W1V010	T6080	48.2	83	43	0	5	87	168	250	1.51e-23	84.0
UniRef90_W1V010	T6282	48.2	83	43	0	5	87	168	250	1.51e-23	84.0
UniRef90_W1V010	T10019	48.2	83	43	0	5	87	168	250	1.51e-23	84.0
UniRef90_W1V010	T6280	47.0	83	44	0	5	87	168	250	6.65e-22	79.7
UniRef90_W1V010	T6037	48.6	72	37	0	5	76	168	239	5.03e-20	74.7
UniRef90_W2CA56	T970	41.3	138	80	1	1	138	1	137	1.45e-33	108
UniRef90_W2CAV2	T174	35.6	73	44	1	27	99	22	91	2.69e-09	44.7
UniRef90_W2CC27	T10101	41.3	104	61	0	3	106	4	107	1.63e-29	96.3
UniRef90_W2CC27	T10131	38.8	103	58	2	9	108	6	106	9.10e-21	73.9
UniRef90_W2CC27	T911	37.0	92	53	1	5	91	5	96	3.50e-19	70.1
UniRef90_W2CC27	T10096	33.3	96	58	1	4	93	14	109	1.93e-15	60.8
UniRef90_W2CC27	T10177	31.4	102	64	1	3	98	1	102	3.30e-15	60.1
UniRef90_W2CC27	T6090	31.4	102	64	1	3	98	1	102	4.65e-15	59.7
UniRef90_W2CC27	T612	29.4	102	66	1	3	98	1	102	2.60e-14	57.8
UniRef90_W2CC27	T1073	29.4	102	66	1	3	98	1	102	2.60e-14	57.8
UniRef90_W2CC27	T10078	29.4	102	66	1	3	98	1	102	2.60e-14	57.8
UniRef90_W2CC27	T10094	29.4	102	66	1	3	98	1	102	2.60e-14	57.8
UniRef90_W2CGE8	T10192	39.3	473	239	15	3	441	4	462	4.96e-90	275
UniRef90_W2CGF0	T3593	50.0	50	24	1	13	62	2	50	1.74e-12	49.7
UniRef90_W2CIQ7	T6032	33.4	341	206	7	13	335	17	354	4.71e-48	172
UniRef90_W2CIW7	T325	37.5	64	34	2	37	100	49	106	1.32e-06	37.7
UniRef90_W2CIW7	T1067	39.3	56	27	3	45	100	58	106	6.33e-04	30.4
UniRef90_W2CR95	T10192	27.7	206	126	5	104	286	239	444	1.07e-22	91.3
UniRef90_W2CS82	T10048	44.7	159	86	2	37	195	27	183	6.19e-44	139
UniRef90_W2CX65	T6021	35.3	116	72	2	18	131	104	218	6.09e-17	68.9
UniRef90_W2CXU5	T303	48.0	50	21	2	49	98	45	89	9.64e-08	40.4
UniRef90_W2CZR3	T6032	34.0	341	204	8	13	335	17	354	9.56e-48	169
UniRef90_W2D179	T6021	36.1	299	183	5	6	299	7	302	8.21e-57	179
UniRef90_W2VDK2	T6032	33.2	349	209	9	21	350	17	360	1.24e-47	171
UniRef90_Z4WPL8	T6032	35.3	354	199	12	15	348	17	360	5.52e-50	179
